GEOID,COUNTY_NAME,NAMELSAD,P1_001N,suitability_rank,suitability_score,flash_count,flash_per_km2,drive_min_to_shelter,coverage_tier,n_days_zscore_flag,n_days_burst_flag,n_days_both_flag,n_days_any_flag,max_zscore,max_peak_30min,total_burst_episodes,high_suitability,in_coverage_gap,has_confirmed_anomaly,on_shortlist
120910211024,OKALOOSA,Block Group 4,3291,1,0.9407979626485568,143,52.29500085390788,21.255804349680734,>15 min (GAP),7,9,7,9,11.9,16,8,True,True,True,True
120050027071,BAY,Block Group 1,2602,2,0.9219694397283532,372,79.90668960761948,19.449686064222643,>15 min (GAP),4,13,4,13,14.4,77,17,True,True,True,True
121319505022,WALTON,Block Group 2,4841,3,0.920390492359932,1537,51.21783140302868,16.498125490533283,>15 min (GAP),13,36,13,36,9.4,126,55,True,True,True,True
121319506071,WALTON,Block Group 1,2162,4,0.896383701188455,390,176.16695929956018,17.743541024054032,>15 min (GAP),9,19,9,19,12.7,53,24,True,True,True,True
121130108201,SANTA ROSA,Block Group 1,3931,5,0.8782342954159593,748,73.05901107205406,9.608915618769862,5-10 min,9,20,9,20,15.8,86,29,True,False,True,False
120330025002,ESCAMBIA,Block Group 2,2011,6,0.8723769100169779,655,74.01175939511488,19.612757233872944,>15 min (GAP),5,22,5,22,17.7,150,31,True,True,True,True
120050002013,BAY,Block Group 3,2218,7,0.870848896434635,16685,45.93607950899113,22.678490334456104,>15 min (GAP),10,95,10,95,12.4,912,287,True,True,True,True
120910211022,OKALOOSA,Block Group 2,1967,8,0.8604753820033957,94,72.9633522158349,18.73999876908175,>15 min (GAP),2,2,2,2,21.8,58,2,True,True,True,True
121130108271,SANTA ROSA,Block Group 1,2616,9,0.8581154499151105,568,83.5487877115031,10.2612479883401,10-15 min,5,20,5,20,18.4,82,26,True,False,True,False
120050026081,BAY,Block Group 1,2309,10,0.857572156196944,373,94.35143506509112,11.623634084631862,10-15 min,5,12,5,12,12.2,64,14,True,False,True,False
121130108021,SANTA ROSA,Block Group 1,3620,11,0.8529202037351444,10762,36.61348182498699,17.007786008680675,>15 min (GAP),16,92,16,92,7.5,469,242,True,True,True,True
121319506081,WALTON,Block Group 1,1808,12,0.839949066213922,738,252.48741155242809,15.751990723493712,>15 min (GAP),13,28,13,28,9.3,90,39,True,True,True,True
121130108122,SANTA ROSA,Block Group 2,2494,13,0.8394057724957555,124,44.160896665638624,14.6207947892766,10-15 min,9,6,6,9,12.9,20,7,True,False,True,False
120910231001,OKALOOSA,Block Group 1,2316,14,0.8391341256366722,78,52.31991886387967,12.1047394113039,10-15 min,6,5,5,6,13.1,11,5,True,False,True,False
120910211021,OKALOOSA,Block Group 1,1992,15,0.8364176570458404,81,47.662955821147406,18.845609980486007,>15 min (GAP),7,5,4,8,15.9,15,5,True,True,True,True
120910210011,OKALOOSA,Block Group 1,2229,16,0.8311035653650254,81,36.87300527283976,25.225224479247725,>15 min (GAP),5,2,2,5,18.4,12,3,True,True,True,True
121130108241,SANTA ROSA,Block Group 1,2741,17,0.8303565365025467,314,51.0609871454778,9.635919051764716,5-10 min,6,10,6,10,14.3,62,14,True,False,True,False
120910209004,OKALOOSA,Block Group 4,2642,18,0.8268421052631578,129,34.78994424978856,20.083047249622133,>15 min (GAP),10,11,10,11,12.1,18,10,True,True,True,True
121130108082,SANTA ROSA,Block Group 2,1996,19,0.8252461799660442,939,47.98506422716528,16.67723554403902,>15 min (GAP),6,30,6,30,12.6,131,41,True,True,True,True
121130108142,SANTA ROSA,Block Group 2,1808,20,0.8248217317487267,188,106.23749731580791,14.298943227826658,10-15 min,10,11,10,11,10.2,22,13,True,False,True,False
120050002041,BAY,Block Group 1,2547,21,0.8226485568760612,4001,39.13709637802949,16.119640887703667,>15 min (GAP),13,66,13,66,10.2,192,131,True,True,True,True
120910231002,OKALOOSA,Block Group 2,3185,22,0.8202546689303905,90,35.69107235413158,14.12812387874717,10-15 min,9,9,9,9,11.8,12,9,True,False,True,False
121130108131,SANTA ROSA,Block Group 1,1822,23,0.8198641765704584,104,57.97395520062612,16.698359164939692,>15 min (GAP),7,6,6,7,13.7,13,7,True,True,True,True
121130107101,SANTA ROSA,Block Group 1,2480,24,0.8191850594227504,3007,52.143677385767454,9.760719853477742,5-10 min,8,56,8,56,13.4,283,100,True,False,True,False
120910205005,OKALOOSA,Block Group 5,2687,25,0.810118845500849,410,45.66019349899074,9.507720810766822,5-10 min,8,17,8,17,14.4,67,27,True,False,True,False
120910203042,OKALOOSA,Block Group 2,2716,26,0.8090322580645162,1061,42.648167411060086,9.724076913123191,5-10 min,8,33,8,33,12.9,122,40,True,False,True,False
120910201012,OKALOOSA,Block Group 2,2491,27,0.8074363327674025,2738,52.15069623655586,8.911392361999223,5-10 min,6,46,6,46,16.9,319,72,True,False,True,False
121319506052,WALTON,Block Group 2,2050,28,0.7985568760611206,1405,99.78833509164404,8.779614109758333,5-10 min,8,33,8,33,15.6,234,46,True,False,True,False
120330011031,ESCAMBIA,Block Group 1,2789,29,0.7978947368421053,177,67.63573000733675,6.241296834081353,5-10 min,8,9,8,9,11.7,23,9,True,False,True,False
120330026042,ESCAMBIA,Block Group 2,1882,30,0.7943972835314093,439,97.86140506685784,9.76805232403976,5-10 min,7,17,7,17,12.4,69,23,True,False,True,False
120050002031,BAY,Block Group 1,2765,31,0.7928353140916808,575,38.93957580106496,10.277743100871186,10-15 min,12,24,12,24,9.0,37,37,True,False,True,False
121130108022,SANTA ROSA,Block Group 2,2114,32,0.7881494057724958,116,46.54391378141213,10.479177328374996,10-15 min,8,8,8,8,12.5,14,8,True,False,True,False
120050027092,BAY,Block Group 2,1920,33,0.7866553480475382,176,39.082120862347,18.33087445727989,>15 min (GAP),6,6,6,6,17.9,51,6,True,True,True,True
121130108081,SANTA ROSA,Block Group 1,2807,34,0.7836502546689303,2461,32.46299742634781,16.12897880331565,>15 min (GAP),13,60,13,60,13.1,244,99,True,True,True,True
120910231004,OKALOOSA,Block Group 4,1560,35,0.7747028862478778,191,126.54261073969124,12.119948307851194,10-15 min,7,9,7,9,14.2,34,12,True,False,True,False
120330040001,ESCAMBIA,Block Group 1,2618,36,0.7746519524617999,2172,43.010185453503794,7.5878460895172095,5-10 min,7,47,7,47,17.0,284,80,True,False,True,False
120050008062,BAY,Block Group 2,2297,37,0.774584040747029,254,45.53308758612072,8.905582424538313,5-10 min,6,11,6,11,11.4,35,11,True,False,True,False
121130108092,SANTA ROSA,Block Group 2,2231,38,0.7706112054329372,725,41.67524841465918,9.377767201758308,5-10 min,5,27,5,27,18.8,143,36,True,False,True,False
121319505021,WALTON,Block Group 1,1824,39,0.7694906621392191,909,91.85151742445515,8.89405553787662,5-10 min,7,30,7,30,11.5,105,41,True,False,True,False
121130105061,SANTA ROSA,Block Group 1,2178,40,0.7681494057724958,1200,37.0455609461992,13.1601013385437,10-15 min,10,45,10,45,15.5,154,62,True,False,True,False
120910201011,OKALOOSA,Block Group 1,1933,41,0.7617657045840408,3998,44.04591982142079,10.753245254490254,10-15 min,11,59,11,59,9.4,326,110,True,False,True,False
121319506101,WALTON,Block Group 1,2133,42,0.759609507640068,1290,36.56956294864865,13.327650395991329,10-15 min,5,23,5,23,17.0,157,45,True,False,True,False
121130108132,SANTA ROSA,Block Group 2,1569,43,0.7568421052631579,82,46.94381455132304,16.161625102093936,>15 min (GAP),6,3,3,6,15.1,10,4,True,True,True,True
120910210023,OKALOOSA,Block Group 3,2389,44,0.7568251273344652,54,29.416491211823253,21.841003155320166,>15 min (GAP),6,3,2,7,14.4,9,3,True,True,True,True
120330036121,ESCAMBIA,Block Group 1,1712,45,0.7562988115449916,562,60.33955278084277,10.37802825638996,10-15 min,5,23,5,23,18.7,131,29,True,False,True,False
120910207023,OKALOOSA,Block Group 3,2902,46,0.7560780984719864,287,34.64016054688486,9.517820034762604,5-10 min,2,9,2,9,21.9,139,11,True,False,True,False
120330026011,ESCAMBIA,Block Group 1,3278,47,0.7519524617996605,524,37.71534544557333,6.499962760791048,5-10 min,6,24,6,24,12.9,63,36,True,False,True,False
121319505011,WALTON,Block Group 1,1823,48,0.7512563667232598,2159,43.17387017391271,11.184555500173095,10-15 min,8,44,8,44,15.2,262,71,True,False,True,False
121319506091,WALTON,Block Group 1,1576,49,0.7490662139219015,252,47.74909442516059,13.632630643027843,10-15 min,12,14,11,15,10.8,19,14,True,False,True,False
120050002012,BAY,Block Group 2,1908,50,0.7471137521222412,4118,47.19561003351622,9.139885677082708,5-10 min,8,62,8,62,10.3,286,126,True,False,True,False
120050025001,BAY,Block Group 1,2200,51,0.7469609507640069,195,64.73768290885333,5.726017489429182,5-10 min,6,7,6,7,14.6,42,9,True,False,True,False
120910204002,OKALOOSA,Block Group 2,2987,52,0.7460611205432937,107,50.97930287947302,4.860371115531334,0-5 min,4,4,4,4,18.6,38,5,True,False,True,False
120330024001,ESCAMBIA,Block Group 1,5532,53,0.7445161290322582,633,30.207730401589583,9.793815993020656,5-10 min,5,19,5,19,20.7,194,24,True,False,True,False
121130103021,SANTA ROSA,Block Group 1,4953,54,0.7394397283531411,2326,33.66052930733722,7.078703500888279,5-10 min,7,51,7,51,11.9,277,78,True,False,True,False
121130108281,SANTA ROSA,Block Group 1,3000,55,0.7393548387096774,61,31.00586061594921,10.657795628425289,10-15 min,4,4,4,4,14.8,14,4,True,False,True,False
121130108272,SANTA ROSA,Block Group 2,3673,56,0.7386587436332768,154,30.53876529392273,9.78250751386701,5-10 min,5,6,5,6,17.2,22,10,True,False,True,False
120910212005,OKALOOSA,Block Group 5,1463,57,0.7375891341256368,85,47.13643391250147,15.61802923298854,>15 min (GAP),7,5,5,7,15.1,17,5,True,True,True,True
121319505012,WALTON,Block Group 2,1718,58,0.7362308998302207,6889,35.26907679226349,19.40535147536055,>15 min (GAP),13,77,13,77,11.4,386,181,True,True,True,True
121319505023,WALTON,Block Group 3,1059,59,0.7347198641765705,1983,166.31052061231458,22.963414753190985,>15 min (GAP),14,42,14,42,8.3,148,65,True,True,True,True
121130104001,SANTA ROSA,Block Group 1,1812,60,0.7282173174872666,5070,36.35817500979573,14.8380112673164,10-15 min,5,76,5,76,19.2,627,147,True,False,True,False
120330036034,ESCAMBIA,Block Group 4,3097,61,0.7271307300509339,584,39.50302489001722,5.336814327154846,5-10 min,1,26,1,26,21.8,182,28,True,False,True,False
120330026062,ESCAMBIA,Block Group 2,1882,62,0.726044142614601,129,56.73264805571937,6.57094313175346,5-10 min,6,5,5,6,17.6,33,6,True,False,True,False
120910212001,OKALOOSA,Block Group 1,2043,63,0.725144312393888,88,32.47563220460829,15.43014349684259,>15 min (GAP),7,5,5,7,15.1,12,5,True,True,True,True
121130108231,SANTA ROSA,Block Group 1,1382,64,0.7250764006791173,538,200.22366993611823,9.802273086393898,5-10 min,8,15,8,15,12.1,75,23,True,False,True,False
121130108251,SANTA ROSA,Block Group 1,2169,65,0.7227334465195246,180,62.95130401877628,5.142511664297146,5-10 min,5,9,5,9,14.5,37,10,True,False,True,False
121319506102,WALTON,Block Group 2,2399,66,0.7221052631578948,1071,33.709389745792485,9.640604522193088,5-10 min,10,24,10,24,11.2,109,38,True,False,True,False
121319503061,WALTON,Block Group 1,1656,67,0.7219015280135823,1391,36.177760087405055,17.540552603098927,>15 min (GAP),7,38,7,38,14.4,211,49,True,True,True,True
120050026071,BAY,Block Group 1,1284,68,0.7211714770797963,804,99.5703613215216,12.101838614306926,10-15 min,5,29,5,29,14.5,128,39,True,False,True,False
120050004022,BAY,Block Group 2,2309,69,0.7208658743633277,627,37.64251022111223,7.393699219829378,5-10 min,8,24,8,24,13.4,73,34,True,False,True,False
120910211023,OKALOOSA,Block Group 3,1260,70,0.7203565365025468,47,47.41215385344802,19.116048331610944,>15 min (GAP),1,1,1,1,22.2,29,1,True,True,True,True
120050014022,BAY,Block Group 2,3098,71,0.7198641765704585,178,36.84641853846818,5.708458245166178,5-10 min,7,13,7,13,17.3,44,14,True,False,True,False
121130109003,SANTA ROSA,Block Group 3,1283,72,0.7197453310696096,516,249.7654818295612,10.871103554460635,10-15 min,5,16,5,16,12.7,90,21,True,False,True,False
120050027112,BAY,Block Group 2,2057,73,0.7151103565365027,65,32.80452440000525,13.206276047391976,10-15 min,9,3,3,9,12.9,8,3,True,False,True,False
120050003023,BAY,Block Group 3,3925,74,0.7134974533106961,4513,33.5113093503444,6.068789043362078,5-10 min,12,71,12,71,10.4,371,129,True,False,True,False
120050027121,BAY,Block Group 1,2621,75,0.7124957555178268,83,31.64073206742449,9.550315190242964,5-10 min,3,2,2,3,16.8,20,3,True,False,True,False
120910215021,OKALOOSA,Block Group 1,1951,76,0.7122241086587436,113,46.35922160815627,6.6921802793317,5-10 min,8,7,7,8,17.4,27,8,True,False,True,False
120330033051,ESCAMBIA,Block Group 1,2593,77,0.7121222410865875,754,44.79545439017732,4.90512807961617,0-5 min,11,36,11,36,12.7,57,41,True,False,True,False
120910211011,OKALOOSA,Block Group 1,1746,78,0.7102716468590833,102,33.760245986419775,16.511185454124337,>15 min (GAP),8,4,4,8,13.7,17,4,True,True,True,True
120330035092,ESCAMBIA,Block Group 2,3100,79,0.7097962648556877,140,38.11572205470967,5.059104694612684,5-10 min,7,7,7,7,14.4,22,7,True,False,True,False
121319502021,WALTON,Block Group 1,3663,80,0.7083870967741936,1770,30.0375194072922,8.0963627791765,5-10 min,11,50,11,50,12.3,195,76,True,False,True,False
121130105032,SANTA ROSA,Block Group 2,2840,81,0.7083531409168081,207,33.354086987458864,6.981396837764384,5-10 min,4,10,4,10,15.9,36,12,True,False,True,False
121319506053,WALTON,Block Group 3,2846,82,0.7072665534804754,819,36.42217543917072,5.723439337466386,5-10 min,9,23,9,23,13.0,100,36,True,False,True,False
121130105033,SANTA ROSA,Block Group 3,1780,83,0.7056706281833617,321,40.46368101005415,9.3306383864545,5-10 min,3,11,3,11,21.1,97,13,True,False,True,False
121130108282,SANTA ROSA,Block Group 2,2493,84,0.7038030560271648,240,30.914795859942064,9.824510813460629,5-10 min,5,8,5,8,12.6,29,12,True,False,True,False
121130105051,SANTA ROSA,Block Group 1,4394,85,0.7035144312393888,814,32.06179055410809,6.27074502849804,5-10 min,4,28,4,28,19.1,188,34,True,False,True,False
120910209001,OKALOOSA,Block Group 1,1324,86,0.7034634974533107,88,40.946020581889485,17.571594458192543,>15 min (GAP),7,4,4,7,14.3,14,4,True,True,True,True
120910206012,OKALOOSA,Block Group 2,2056,87,0.7027674023769102,851,44.36149961886122,5.990106112392615,5-10 min,6,23,6,23,16.2,196,32,True,False,True,False
121319506111,WALTON,Block Group 1,1292,88,0.7027504244482173,330,46.60475201823291,15.298491094337349,>15 min (GAP),9,14,9,14,10.4,40,20,True,True,True,True
121130108242,SANTA ROSA,Block Group 2,2537,89,0.7027334465195247,191,41.15217470929544,5.103088588625607,5-10 min,9,11,9,11,14.2,35,14,True,False,True,False
120330011011,ESCAMBIA,Block Group 1,2020,90,0.7026485568760612,228,85.99418709468638,4.752083407734047,0-5 min,6,11,6,11,16.1,43,11,True,False,True,False
120050027061,BAY,Block Group 1,1102,91,0.6994227504244482,145,63.93788588718888,18.24629162516701,>15 min (GAP),8,9,8,9,13.2,25,9,True,True,True,True
120910211013,OKALOOSA,Block Group 3,1052,92,0.6954499151103566,88,82.85316160132565,17.385471070779918,>15 min (GAP),2,4,2,4,17.4,29,5,True,True,True,True
120330038003,ESCAMBIA,Block Group 3,1681,93,0.6945331069609508,1878,54.10409212469133,6.76199688353734,5-10 min,7,43,7,43,17.8,317,54,True,False,True,False
121319501043,WALTON,Block Group 3,1715,94,0.6938709677419355,3593,34.31618693964892,13.886338400706157,10-15 min,11,54,11,54,10.4,254,93,True,False,True,False
120910229003,OKALOOSA,Block Group 3,1860,95,0.6926146010186758,135,40.27132732206711,7.380015956295407,5-10 min,4,5,4,5,18.5,42,5,True,False,True,False
120910203052,OKALOOSA,Block Group 2,2382,96,0.6906960950764007,2224,28.315938341433124,13.183386498650076,10-15 min,9,55,9,55,13.8,245,87,True,False,True,False
120050004021,BAY,Block Group 1,2108,97,0.6906451612903227,965,39.59518538958175,6.124296927517076,5-10 min,5,24,5,24,15.3,173,34,True,False,True,False
120330023001,ESCAMBIA,Block Group 1,2039,98,0.6903904923599321,819,316.9285099832481,3.745589984673289,0-5 min,9,24,9,24,13.0,110,34,True,False,True,False
121130108252,SANTA ROSA,Block Group 2,1123,99,0.6901018675721562,442,175.64453995833804,12.065346534240382,10-15 min,4,15,4,15,18.6,72,20,True,False,True,False
120330036122,ESCAMBIA,Block Group 2,2813,100,0.6898302207130731,250,38.160167074369895,4.86996679570469,0-5 min,6,10,6,10,17.4,55,12,True,False,True,False
120050005003,BAY,Block Group 3,5014,101,0.6884719864176571,2172,35.55920650449267,4.602688489454935,0-5 min,7,33,7,33,16.0,355,55,True,False,True,False
120050027062,BAY,Block Group 2,1626,102,0.6881833616298811,298,31.315287251031645,19.827791576776647,>15 min (GAP),5,11,5,11,18.4,78,12,True,True,True,True
120910233051,OKALOOSA,Block Group 1,2434,103,0.6869100169779288,102,21.83348627476415,21.452883782579647,>15 min (GAP),3,3,2,4,21.0,40,3,True,True,True,True
120330036091,ESCAMBIA,Block Group 1,2409,104,0.6862818336162988,95,41.65718417605817,4.838944495622625,0-5 min,7,5,5,7,12.3,15,5,True,False,True,False
120910208003,OKALOOSA,Block Group 3,1485,105,0.6861290322580645,777,38.51472737248614,13.448545136303002,10-15 min,6,23,6,23,12.3,93,32,True,False,True,False
120330026041,ESCAMBIA,Block Group 1,2570,106,0.684855687606112,764,65.23586093832053,3.222122288089566,0-5 min,11,29,11,29,12.3,91,43,True,False,True,False
120330027042,ESCAMBIA,Block Group 2,3685,107,0.6832088285229202,214,35.213932869738066,4.807179683559694,0-5 min,4,8,4,8,19.8,65,8,True,False,True,False
121130108121,SANTA ROSA,Block Group 1,2582,108,0.6817996604414261,60,24.98972297642594,14.894873526408508,10-15 min,6,4,4,6,12.4,11,4,True,False,True,False
121130108211,SANTA ROSA,Block Group 1,2674,109,0.6801018675721563,119,41.89215972389194,3.858992677219149,0-5 min,8,7,7,8,16.7,15,7,True,False,True,False
120050002011,BAY,Block Group 1,1306,110,0.6798302207130731,2266,40.4233873521322,15.29029366225554,>15 min (GAP),6,44,6,44,14.5,254,77,True,True,True,True
120910209003,OKALOOSA,Block Group 3,1060,111,0.6781494057724957,76,50.43115318130995,18.732577720386068,>15 min (GAP),4,4,4,4,19.0,25,4,True,True,True,True
120330036101,ESCAMBIA,Block Group 1,3034,112,0.6777589134125637,222,47.34134624714273,2.9599172052383333,0-5 min,5,10,5,10,17.3,53,10,True,False,True,False
120330036032,ESCAMBIA,Block Group 2,2681,113,0.6773174872665536,1820,33.20617072824964,5.941234515280229,5-10 min,8,47,8,47,10.6,168,72,True,False,True,False
120910229002,OKALOOSA,Block Group 2,1438,114,0.6750084889643464,75,54.21448987056471,7.605343164575794,5-10 min,3,3,3,3,20.8,31,3,True,False,True,False
120050027081,BAY,Block Group 1,869,115,0.6742614601018676,128,108.44029810915704,18.254412626303232,>15 min (GAP),4,4,4,4,16.0,34,5,True,True,True,True
120330036033,ESCAMBIA,Block Group 3,1613,116,0.6741426146010187,605,44.6255693448155,7.481257532583401,5-10 min,7,20,7,20,11.4,81,26,True,False,True,False
120330026071,ESCAMBIA,Block Group 1,4123,117,0.673786078098472,436,31.17260248547167,5.492903294128367,5-10 min,3,16,3,16,19.5,143,18,True,False,True,False
120330039004,ESCAMBIA,Block Group 4,1535,118,0.6731748726655349,1738,40.03295324754549,9.805727279704287,5-10 min,7,40,7,40,14.3,251,57,True,False,True,False
120050014042,BAY,Block Group 2,3133,119,0.6723089983022071,183,34.70110027138915,4.838975821703959,0-5 min,6,8,6,8,13.2,29,9,True,False,True,False
120910203061,OKALOOSA,Block Group 1,1452,120,0.6700169779286927,2141,39.94550544964161,10.684424468483416,10-15 min,6,46,6,46,17.7,386,66,True,False,True,False
121130108144,SANTA ROSA,Block Group 4,2225,121,0.6697283531409168,87,27.03717331636103,13.024801311420962,10-15 min,5,4,4,5,16.3,21,3,True,False,True,False
120330026052,ESCAMBIA,Block Group 2,2495,122,0.6679796264855687,551,34.12806721358701,5.7780604004540175,5-10 min,6,17,6,17,14.7,117,21,True,False,True,False
120910215012,OKALOOSA,Block Group 2,2004,123,0.6672835314091681,79,64.3610737708257,3.926766738631453,0-5 min,5,5,5,5,14.5,11,6,True,False,True,False
121130108141,SANTA ROSA,Block Group 1,952,124,0.666502546689304,188,114.00738379736764,15.231722139953067,>15 min (GAP),3,10,3,10,21.1,78,9,True,True,True,True
121130108262,SANTA ROSA,Block Group 2,1828,125,0.665874363327674,83,35.43055163661401,8.566583317156047,5-10 min,4,3,3,4,15.6,20,4,True,False,True,False
120050014021,BAY,Block Group 1,1321,126,0.6656196943972835,201,102.10156515095792,7.087981177459267,5-10 min,10,13,10,13,14.1,23,17,True,False,True,False
121319503053,WALTON,Block Group 3,1135,127,0.6652801358234295,22066,37.478965512340345,28.235108768361968,>15 min (GAP),14,113,14,113,10.8,994,374,True,True,True,True
121319503032,WALTON,Block Group 2,1661,128,0.6636672325976232,559,39.25079431951832,8.214145673060381,5-10 min,9,22,9,22,15.3,91,27,True,False,True,False
120910208002,OKALOOSA,Block Group 2,1715,129,0.663616298811545,78,27.496206052337968,21.53386749991921,>15 min (GAP),6,7,6,7,15.5,16,7,True,True,True,True
120910233041,OKALOOSA,Block Group 1,3220,130,0.66339558573854,83,12.650900088678236,24.183105738172724,>15 min (GAP),6,3,3,6,13.0,13,3,True,True,True,True
120910202001,OKALOOSA,Block Group 1,2064,131,0.6630730050933786,7112,32.24727266719038,8.526644810669099,5-10 min,9,80,9,80,10.2,428,167,True,False,True,False
120910201022,OKALOOSA,Block Group 2,2309,132,0.6597962648556877,3818,35.87845926656874,5.354579587660605,5-10 min,8,62,8,62,12.1,345,110,True,False,True,False
120910214001,OKALOOSA,Block Group 1,2979,133,0.6586417657045841,208,28.41770362821665,7.112258907175224,5-10 min,7,9,7,9,17.6,39,10,True,False,True,False
121130102003,SANTA ROSA,Block Group 3,1372,134,0.65723259762309,6314,42.88346984186364,9.656514550667795,5-10 min,8,76,8,76,13.8,396,156,True,False,True,False
121319505013,WALTON,Block Group 3,1028,135,0.654125636672326,8118,41.614110355474,20.006659161063418,>15 min (GAP),11,74,11,74,14.3,493,188,True,True,True,True
120910232002,OKALOOSA,Block Group 2,1100,136,0.6520543293718167,496,81.0623349744098,10.344353481496595,10-15 min,8,23,8,23,15.7,33,34,True,False,True,False
120910209002,OKALOOSA,Block Group 2,2209,137,0.651188455008489,145,20.083286079900454,20.42775390153417,>15 min (GAP),9,9,8,10,11.2,13,10,True,True,True,True
121130107092,SANTA ROSA,Block Group 2,2887,138,0.649609507640068,453,21.46219722963305,11.76190169792974,10-15 min,8,16,8,16,15.5,65,21,True,False,True,False
120330036031,ESCAMBIA,Block Group 1,3479,139,0.6478098471986419,399,36.00072217990057,3.4405195954257475,0-5 min,4,23,4,23,19.9,61,24,True,False,True,False
120330038001,ESCAMBIA,Block Group 1,1596,140,0.6460441426146011,10899,31.25441724222034,13.810031694503833,10-15 min,9,92,9,92,12.7,623,254,True,False,True,False
121130102004,SANTA ROSA,Block Group 4,1172,141,0.6453989813242784,5281,40.92828988507188,13.598099738389369,10-15 min,4,64,4,64,19.2,412,131,True,False,True,False
120910210012,OKALOOSA,Block Group 2,2000,142,0.644855687606112,40,21.293823353894293,24.163560789396133,>15 min (GAP),9,3,3,9,13.0,7,3,True,True,True,True
120330027011,ESCAMBIA,Block Group 1,3284,143,0.642716468590832,319,29.639656113090805,5.324369069734713,5-10 min,3,15,3,15,19.4,78,16,True,False,True,False
121130105043,SANTA ROSA,Block Group 3,3122,144,0.642597623089983,197,28.84253585917815,5.790554658761553,5-10 min,6,8,6,8,16.5,37,9,True,False,True,False
121319501031,WALTON,Block Group 1,1194,145,0.6409677419354839,1066,56.73604253436177,9.12684290993822,5-10 min,3,26,3,26,21.5,341,35,True,False,True,False
121130108221,SANTA ROSA,Block Group 1,3299,146,0.639949066213922,112,23.40383250295003,8.48991012013582,5-10 min,9,5,5,9,16.4,14,6,True,False,True,False
120330038002,ESCAMBIA,Block Group 2,1684,147,0.6396434634974533,3240,34.24553286049131,9.204746443716612,5-10 min,8,58,8,58,17.1,431,103,True,False,True,False
120330014013,ESCAMBIA,Block Group 3,4485,148,0.639100169779287,32,37.09719116298535,2.812412003007416,0-5 min,2,1,1,2,21.1,17,1,True,False,True,False
120050013012,BAY,Block Group 2,3978,149,0.6351103565365026,234,28.57642508433709,5.212414351297809,5-10 min,9,14,9,14,14.1,34,16,False,False,True,False
120910220021,OKALOOSA,Block Group 1,2375,150,0.6346519524617997,60,41.51711854590444,3.283060996741909,0-5 min,8,4,4,8,12.5,6,4,False,False,True,False
121130107072,SANTA ROSA,Block Group 2,2799,151,0.6343123938879457,233,37.79472178056287,3.2698821158854323,0-5 min,6,16,6,16,13.3,32,18,False,False,True,False
121130108085,SANTA ROSA,Block Group 5,4221,152,0.6340237691001698,253,18.41947776048272,10.846553806082031,10-15 min,11,14,11,14,13.1,27,16,False,False,True,False
121130101004,SANTA ROSA,Block Group 4,1563,153,0.6332597623089984,6259,30.57066314029989,14.204250489025425,10-15 min,7,68,7,68,13.0,547,151,False,False,True,False
120330035121,ESCAMBIA,Block Group 1,1255,154,0.6312054329371817,413,210.68300573741348,5.863181494974908,5-10 min,9,21,9,21,10.6,38,26,False,False,True,False
120330036142,ESCAMBIA,Block Group 2,1590,155,0.630339558573854,539,38.99871275306384,6.898604441874521,5-10 min,10,24,10,24,12.0,65,26,False,False,True,False
120910224001,OKALOOSA,Block Group 1,1198,156,0.6283870967741936,89,73.91572278780207,7.154744837901505,5-10 min,9,7,7,9,9.8,9,7,False,False,True,False
121130108232,SANTA ROSA,Block Group 2,3542,157,0.6265365025466894,89,14.571836863538186,13.4898675777697,10-15 min,9,7,6,10,11.9,14,6,False,False,True,False
120330025001,ESCAMBIA,Block Group 1,928,158,0.6262818336162989,890,87.21264657849107,10.957216801308714,10-15 min,5,24,5,24,17.2,192,36,False,False,True,False
120910221001,OKALOOSA,Block Group 1,2211,159,0.6259932088285229,49,44.28297726204678,3.098720092224524,0-5 min,3,2,2,3,20.4,13,2,False,False,True,False
120330036143,ESCAMBIA,Block Group 3,1857,160,0.625365025466893,1057,39.41706156135792,4.998308965979851,0-5 min,6,32,6,32,18.1,226,39,False,False,True,False
121130109001,SANTA ROSA,Block Group 1,1224,161,0.6245670628183362,569,84.95338239129887,6.422501797089238,5-10 min,7,16,7,16,13.6,93,24,False,False,True,False
121319506061,WALTON,Block Group 1,1886,162,0.6238200339558575,323,30.39798872601653,8.386393361833976,5-10 min,4,17,4,17,17.7,63,20,False,False,True,False
120910233082,OKALOOSA,Block Group 2,2190,163,0.6236332767402377,73,17.118609687491574,20.492437733083648,>15 min (GAP),6,3,3,6,17.9,16,3,False,True,True,False
120050026051,BAY,Block Group 1,1337,164,0.6228692699490662,46,37.26796640049777,9.985361231998054,5-10 min,12,2,2,12,13.0,6,2,False,False,True,False
121319503042,WALTON,Block Group 2,2029,165,0.6225636672325977,383,30.659901955557395,7.110132917048957,5-10 min,12,22,12,22,10.0,36,23,False,False,True,False
120330031001,ESCAMBIA,Block Group 1,2661,166,0.622376910016978,65,35.16811712606147,3.7488908997031833,0-5 min,5,4,4,5,17.9,10,5,False,False,True,False
120050005002,BAY,Block Group 2,1364,167,0.6202207130730051,4510,30.31126829598404,17.62515135257102,>15 min (GAP),7,63,7,63,10.6,410,129,False,True,True,False
121130107081,SANTA ROSA,Block Group 1,1766,168,0.6182173174872666,175,39.59314536317887,5.132870024039864,5-10 min,7,7,7,7,15.1,34,8,False,False,True,False
120050004023,BAY,Block Group 3,1698,169,0.61786078098472,339,33.649616568078585,7.635476250247171,5-10 min,6,12,6,12,15.6,70,14,False,False,True,False
121319504003,WALTON,Block Group 3,870,170,0.6165704584040748,4732,39.00873270495035,26.42528832013241,>15 min (GAP),9,74,9,74,11.5,467,140,False,True,True,False
120050002042,BAY,Block Group 2,1119,171,0.615823429541596,3353,35.003053450080195,18.45787252490729,>15 min (GAP),9,53,9,53,12.0,335,122,False,True,True,False
120910218021,OKALOOSA,Block Group 1,2410,172,0.6157045840407471,43,38.19129575961155,3.292468937285466,0-5 min,3,3,3,3,12.9,9,3,False,False,True,False
120910218012,OKALOOSA,Block Group 2,2708,173,0.6151612903225807,30,30.13576160603519,4.98746990987073,0-5 min,6,1,1,6,20.2,8,1,False,False,True,False
121130105041,SANTA ROSA,Block Group 1,1932,174,0.6138370118845501,302,29.409141140116443,8.488394115476337,5-10 min,10,15,10,15,12.1,38,20,False,False,True,False
120330036123,ESCAMBIA,Block Group 3,1545,175,0.6115789473684211,165,35.56419250530985,7.646553676172444,5-10 min,6,7,6,7,15.9,28,8,False,False,True,False
120330036133,ESCAMBIA,Block Group 3,1308,176,0.6114940577249576,219,61.456260821493416,5.653034820767293,5-10 min,5,9,5,9,20.8,77,9,False,False,True,False
120910205006,OKALOOSA,Block Group 6,2072,177,0.6093039049235993,145,32.19522831190648,5.660208936748131,5-10 min,11,10,10,11,10.6,16,10,False,False,True,False
120330039001,ESCAMBIA,Block Group 1,1405,178,0.6080984719864178,4771,29.64768913383173,16.206559453759258,>15 min (GAP),18,79,18,79,9.7,225,158,False,True,True,False
120910212004,OKALOOSA,Block Group 4,1040,179,0.6063157894736843,43,39.83547024383014,13.882979087657883,10-15 min,3,2,2,3,19.8,15,2,False,False,True,False
120910201023,OKALOOSA,Block Group 3,1363,180,0.6056366723259763,4310,37.480473847108016,8.363354054162144,5-10 min,9,72,9,72,15.9,335,127,False,False,True,False
120910211012,OKALOOSA,Block Group 2,660,181,0.6033106960950765,51,59.78197163286836,16.09234509458062,>15 min (GAP),6,3,3,6,13.5,9,3,False,True,True,False
121319501032,WALTON,Block Group 2,1157,182,0.6024448217317487,972,36.79586735468377,12.105927800285782,10-15 min,7,33,7,33,10.5,73,45,False,False,True,False
121319504001,WALTON,Block Group 1,1146,183,0.6015110356536502,3280,30.826577167338872,22.813116679418712,>15 min (GAP),7,58,7,58,13.3,381,103,False,True,True,False
120910233052,OKALOOSA,Block Group 2,2314,184,0.6004414261460103,25,12.3705912449862,19.004413938458665,>15 min (GAP),16,0,0,16,9.9,3,0,False,True,False,False
120910215011,OKALOOSA,Block Group 1,1062,185,0.6002886247877759,97,95.56772648319632,6.877612761622497,5-10 min,6,6,6,6,15.8,21,6,False,False,True,False
120330026021,ESCAMBIA,Block Group 1,1156,186,0.5998981324278438,528,67.99630347368388,6.221410346912913,5-10 min,8,22,8,22,10.9,57,32,False,False,True,False
120330035062,ESCAMBIA,Block Group 2,3005,187,0.5998641765704584,60,33.33037063372145,3.117048573386991,0-5 min,5,4,4,5,12.5,9,4,False,False,True,False
120910219021,OKALOOSA,Block Group 1,2073,188,0.5997962648556876,38,33.9611073823404,4.763926776407827,0-5 min,7,1,1,7,18.1,9,2,False,False,True,False
121130108273,SANTA ROSA,Block Group 3,2807,189,0.5976400679117148,71,21.436421385698583,7.778285653259771,5-10 min,7,4,4,7,16.4,9,5,False,False,True,False
120910219024,OKALOOSA,Block Group 4,1953,190,0.596553480475382,45,30.28557276075205,6.330629948999419,5-10 min,11,1,1,11,12.3,7,1,False,False,True,False
120050026042,BAY,Block Group 2,2865,191,0.5957894736842106,34,17.13114749968383,10.134599663909103,10-15 min,10,0,0,10,10.6,3,0,False,False,False,False
120330010021,ESCAMBIA,Block Group 1,1342,192,0.5957555178268251,120,98.27768359499764,4.358269270645277,0-5 min,9,8,7,10,13.5,11,8,False,False,True,False
121130103032,SANTA ROSA,Block Group 2,3959,193,0.5936332767402377,610,25.78696315981441,4.869138843950756,0-5 min,5,24,5,24,13.5,66,31,False,False,True,False
120050015011,BAY,Block Group 1,3093,194,0.5932088285229202,189,28.516081938622836,4.546298147277016,0-5 min,5,8,5,8,18.3,50,9,False,False,True,False
120050003022,BAY,Block Group 2,1274,195,0.5921731748726655,3711,35.28631066199125,10.161240665883232,10-15 min,10,63,10,63,11.2,347,118,False,False,True,False
120330036131,ESCAMBIA,Block Group 1,1540,196,0.5908319185059423,991,30.241529114246365,10.10386237205712,10-15 min,9,31,9,31,11.3,108,39,False,False,True,False
120050027031,BAY,Block Group 1,2468,197,0.5900169779286928,108,15.45854776104406,13.533843212539296,10-15 min,9,5,5,9,12.2,15,6,False,False,True,False
120330037002,ESCAMBIA,Block Group 2,2411,198,0.589949066213922,148,26.735393488089112,5.990679170243514,5-10 min,7,8,7,8,11.7,20,8,False,False,True,False
120050003012,BAY,Block Group 2,1518,199,0.5898811544991511,1531,24.88585624957403,18.66981073713753,>15 min (GAP),11,40,11,40,11.5,128,63,False,True,True,False
120330036084,ESCAMBIA,Block Group 4,1583,200,0.5894057724957555,260,33.67339577676041,6.769146539344487,5-10 min,6,12,6,12,17.6,64,11,False,False,True,False
120910210021,OKALOOSA,Block Group 1,1828,201,0.5891171477079796,28,16.72383630470113,25.027337874424088,>15 min (GAP),7,0,0,7,11.5,4,0,False,True,False,False
120910219011,OKALOOSA,Block Group 1,1552,202,0.588081494057725,50,34.99165798873549,6.706514450328854,5-10 min,10,2,2,10,10.1,6,2,False,False,True,False
120910203051,OKALOOSA,Block Group 1,1672,203,0.5858234295415959,1835,28.514454272115568,9.80672641076806,5-10 min,12,56,12,56,12.7,163,83,False,False,True,False
120910206013,OKALOOSA,Block Group 3,4555,204,0.5847707979626486,607,28.037694856205427,3.8142549311145415,0-5 min,6,22,6,22,13.6,77,30,False,False,True,False
121130103012,SANTA ROSA,Block Group 2,3070,205,0.5842275042444822,98,17.47491102060613,8.801195497024107,5-10 min,8,5,5,8,15.5,16,6,False,False,True,False
120910210013,OKALOOSA,Block Group 3,1870,206,0.5828183361629882,26,14.52750139827201,24.283901250823764,>15 min (GAP),18,0,0,18,12.8,4,0,False,True,False,False
120330036083,ESCAMBIA,Block Group 3,3146,207,0.5810016977928693,252,27.125025052974525,4.463616011595099,0-5 min,6,12,6,12,15.8,37,13,False,False,True,False
120050026093,BAY,Block Group 3,2582,208,0.579830220713073,85,24.201837631294968,6.321233650377935,5-10 min,4,4,4,4,18.4,18,5,False,False,True,False
120050008041,BAY,Block Group 1,2117,209,0.5791850594227504,141,27.435792462434367,6.1978386295974,5-10 min,5,7,5,7,15.2,31,8,False,False,True,False
120910216001,OKALOOSA,Block Group 1,1496,210,0.5788964346349745,61,31.208686861245152,9.061518042451782,5-10 min,9,5,5,9,8.7,6,5,False,False,True,False
120910205002,OKALOOSA,Block Group 2,1138,211,0.5753989813242785,144,74.31985718200778,5.330828777886212,5-10 min,6,6,5,7,16.0,25,6,False,False,True,False
120330032032,ESCAMBIA,Block Group 2,1693,212,0.5730220713073005,80,29.462012601639337,7.762584300816512,5-10 min,4,3,3,4,16.6,20,3,False,False,True,False
120910206022,OKALOOSA,Block Group 2,2926,213,0.5717657045840407,148,29.713284869894963,3.431526734296724,0-5 min,5,7,5,7,17.6,16,10,False,False,True,False
120910203031,OKALOOSA,Block Group 1,3065,214,0.5713242784380306,291,23.17908567826425,5.5202312733923895,5-10 min,10,17,10,17,12.5,35,18,False,False,True,False
120050013021,BAY,Block Group 1,1605,215,0.5709847198641766,145,41.5847041707164,3.941459308214166,0-5 min,4,5,4,5,21.0,58,5,False,False,True,False
121130107071,SANTA ROSA,Block Group 1,1625,216,0.5705093378607811,1333,32.57259902070102,6.327429194524424,5-10 min,12,33,12,33,9.7,118,45,False,False,True,False
120910212003,OKALOOSA,Block Group 3,867,217,0.5694736842105264,42,40.037978882826,13.344846217251078,10-15 min,10,1,1,10,15.9,9,1,False,False,True,False
120330027041,ESCAMBIA,Block Group 1,2592,218,0.5692190152801359,231,22.50277631655854,6.395369739100727,5-10 min,10,12,10,12,14.7,37,14,False,False,True,False
120050027091,BAY,Block Group 1,802,219,0.5686757215619694,51,36.85413134812413,17.62111056605158,>15 min (GAP),3,3,3,3,19.0,18,3,False,True,True,False
121130108094,SANTA ROSA,Block Group 4,1056,220,0.5666213921901528,895,33.66672164937595,15.081094319773928,>15 min (GAP),14,34,14,34,9.8,70,43,False,True,True,False
120050026091,BAY,Block Group 1,1207,221,0.5665195246179967,94,38.97757669771189,7.562650393852306,5-10 min,9,7,7,9,12.2,13,7,False,False,True,False
120050026061,BAY,Block Group 1,865,222,0.5660950764006791,24,41.338969212802674,11.458426652824349,10-15 min,16,0,0,16,10.0,3,0,False,False,False,False
120330017001,ESCAMBIA,Block Group 1,2097,223,0.565653650254669,124,44.64118566989139,1.9246175399912355,0-5 min,9,7,7,9,13.3,15,8,False,False,True,False
121130107043,SANTA ROSA,Block Group 3,2842,224,0.5655008488964347,143,18.92519202452705,7.193872532483364,5-10 min,10,8,8,10,9.5,12,8,False,False,True,False
120910233062,OKALOOSA,Block Group 2,1671,225,0.5650764006791172,35,21.31591031726601,16.171516062173737,>15 min (GAP),7,2,2,7,14.1,7,2,False,True,True,False
121130101003,SANTA ROSA,Block Group 3,585,226,0.5638879456706283,2780,48.098634173536304,13.118854153040957,10-15 min,3,37,3,37,14.5,347,65,False,False,True,False
120330034001,ESCAMBIA,Block Group 1,2402,227,0.5624448217317488,102,25.198730280449517,5.56211121747347,5-10 min,5,4,4,5,16.7,16,4,False,False,True,False
121130107113,SANTA ROSA,Block Group 3,1785,228,0.5620203735144312,438,33.13273655071873,4.932516439301604,0-5 min,8,20,8,20,11.0,39,25,False,False,True,False
120910232001,OKALOOSA,Block Group 1,877,229,0.5620033955857386,494,40.45667560944829,11.248845518752203,10-15 min,9,18,9,18,15.8,53,25,False,False,True,False
121319506051,WALTON,Block Group 1,1881,230,0.5615789473684211,172,25.45147513494461,7.688365717478814,5-10 min,7,10,7,10,17.7,42,11,False,False,True,False
120050005001,BAY,Block Group 1,1224,231,0.5606960950764006,3498,27.34516060779052,19.10275595672668,>15 min (GAP),8,62,8,62,10.4,240,115,False,True,True,False
120910207022,OKALOOSA,Block Group 2,3856,232,0.5588455008488964,122,28.40295316213337,3.177037582193034,0-5 min,5,4,4,5,17.4,17,5,False,False,True,False
121130108202,SANTA ROSA,Block Group 2,2965,233,0.5577758913412565,92,19.223034209687786,6.314527077419443,5-10 min,6,5,5,6,18.1,23,5,False,False,True,False
120050023001,BAY,Block Group 1,2063,234,0.5577249575551783,72,51.12605127942943,1.176246215775275,0-5 min,5,5,5,5,16.2,19,5,False,False,True,False
120330035091,ESCAMBIA,Block Group 1,2194,235,0.5569949066213923,72,28.33680655997072,5.024134793723769,5-10 min,6,3,3,6,17.8,17,3,False,False,True,False
120330026051,ESCAMBIA,Block Group 1,2566,236,0.5565365025466893,49,23.561555043398943,5.759472016362622,5-10 min,4,2,2,4,14.9,12,2,False,False,True,False
120910231003,OKALOOSA,Block Group 3,1293,237,0.5554159592529712,30,28.96046413970528,12.775657719964377,10-15 min,7,1,1,7,15.1,5,1,False,False,True,False
121130103031,SANTA ROSA,Block Group 1,1260,238,0.5550764006791171,3323,32.89755767858597,9.56056942591542,5-10 min,6,58,6,58,13.1,363,114,False,False,True,False
120050004011,BAY,Block Group 1,1571,239,0.5540407470288625,200,29.14394046475842,7.960957825563137,5-10 min,9,9,8,10,15.0,33,10,False,False,True,False
121319501041,WALTON,Block Group 1,846,240,0.5536842105263158,3076,36.36751688387982,16.024357419846535,>15 min (GAP),13,49,13,49,9.0,227,84,False,True,True,False
120330040003,ESCAMBIA,Block Group 3,546,241,0.5520713073005094,1272,47.74523861358637,11.768317098295016,10-15 min,6,35,6,35,15.0,180,56,False,False,True,False
120910203041,OKALOOSA,Block Group 1,1951,242,0.5503056027164687,319,29.21606876455137,5.2854032412005845,5-10 min,8,17,8,17,15.3,47,20,False,False,True,False
121130105062,SANTA ROSA,Block Group 2,2005,243,0.5496434634974534,224,25.19487221363272,6.468633880585421,5-10 min,10,11,10,11,10.3,23,11,False,False,True,False
121319503052,WALTON,Block Group 2,878,244,0.548590831918506,1641,41.32852391210216,9.674835350451072,5-10 min,6,40,6,40,16.4,149,58,False,False,True,False
120910233061,OKALOOSA,Block Group 1,1282,245,0.5479966044142615,29,25.12086166287977,17.734618861905698,>15 min (GAP),6,2,2,6,12.1,5,2,False,True,True,False
121319506073,WALTON,Block Group 3,1920,246,0.5479796264855689,63,12.019567856470331,17.13629391031106,>15 min (GAP),7,4,4,7,11.6,10,4,False,True,True,False
121319501023,WALTON,Block Group 3,719,247,0.5475382003395586,6252,40.67649434278903,12.618044256141786,10-15 min,6,70,6,70,14.7,620,130,False,False,True,False
121130102002,SANTA ROSA,Block Group 2,952,248,0.5466044142614601,2726,47.339622614641335,7.296110389208544,5-10 min,5,45,5,45,17.1,497,80,False,False,True,False
120050003021,BAY,Block Group 1,1659,249,0.5454329371816639,2788,28.68314291690773,7.091812089926354,5-10 min,13,59,13,59,10.8,171,104,False,False,True,False
120330040002,ESCAMBIA,Block Group 2,498,250,0.5453140916808149,496,48.0316513088044,10.883622970104428,10-15 min,4,17,4,17,17.8,59,23,False,False,True,False
120910233031,OKALOOSA,Block Group 1,725,251,0.5450594227504245,75,34.61608226258098,19.31189313367463,>15 min (GAP),6,3,3,6,14.3,10,3,False,True,True,False
120910228002,OKALOOSA,Block Group 2,1198,252,0.5449066213921903,13,39.16877826554624,6.24655736804915,5-10 min,8,0,0,8,16.8,4,0,False,False,False,False
121130107082,SANTA ROSA,Block Group 2,2025,253,0.5441086587436332,53,25.32957117513917,6.107030524338237,5-10 min,13,1,1,13,10.6,5,1,False,False,True,False
121130108083,SANTA ROSA,Block Group 3,769,254,0.5438539898132428,2287,33.00529409535433,20.994047661383792,>15 min (GAP),13,60,13,60,9.2,156,103,False,True,True,False
120050023002,BAY,Block Group 2,1739,255,0.5407300509337861,149,99.29884353501215,1.0015002849680208,0-5 min,5,6,5,6,12.9,29,7,False,False,True,False
120910220012,OKALOOSA,Block Group 2,2173,256,0.5401018675721562,28,39.50215992167286,1.591284318044589,0-5 min,3,1,1,3,21.1,11,1,False,False,True,False
120330035073,ESCAMBIA,Block Group 3,2168,257,0.5400679117147709,72,33.396291527360844,2.8992478210877097,0-5 min,11,5,5,11,9.0,7,5,False,False,True,False
120050027102,BAY,Block Group 2,2101,258,0.5393378607809848,236,18.9118051173742,9.16057562423364,5-10 min,7,12,7,12,12.7,30,13,False,False,True,False
120050026082,BAY,Block Group 2,1117,259,0.5382003395585739,59,31.5551726148167,11.85085228136982,10-15 min,9,3,3,9,11.7,8,3,False,False,True,False
121319504002,WALTON,Block Group 2,854,260,0.5380475382003396,3168,36.79582982453697,12.257487367860897,10-15 min,10,61,10,61,11.8,263,107,False,False,True,False
120910203062,OKALOOSA,Block Group 2,1285,261,0.5365874363327674,731,26.40161134343245,13.709891631181714,10-15 min,11,35,11,35,10.4,64,43,False,False,True,False
120910225002,OKALOOSA,Block Group 2,1716,262,0.5364685908319184,39,30.775033714443985,5.192870602730202,5-10 min,10,1,1,10,10.4,5,1,False,False,True,False
120330031002,ESCAMBIA,Block Group 2,1460,263,0.5361460101867572,32,42.18447005100366,3.499228391480651,0-5 min,6,1,1,6,15.2,5,1,False,False,True,False
120050027131,BAY,Block Group 1,637,264,0.5343123938879457,59,52.2823922650416,9.12985786560493,5-10 min,7,4,4,7,12.9,6,4,False,False,True,False
120910208001,OKALOOSA,Block Group 1,474,265,0.5340747028862479,34097,37.24811743030904,17.06838361067439,>15 min (GAP),10,130,10,130,11.5,797,524,False,True,True,False
121130107111,SANTA ROSA,Block Group 1,1218,266,0.5340407470288625,54,40.37404307910396,5.409019741692649,5-10 min,5,4,4,5,17.4,15,4,False,False,True,False
120050012001,BAY,Block Group 1,1746,267,0.5326655348047539,235,60.31908023413043,1.4437841467987649,0-5 min,5,9,5,9,14.0,49,12,False,False,True,False
120330033101,ESCAMBIA,Block Group 1,2658,268,0.5287945670628184,37,26.209943060669644,3.7294140688950095,0-5 min,7,1,1,7,14.8,5,1,False,False,True,False
120910224004,OKALOOSA,Block Group 4,929,269,0.5246179966044143,24,41.040233108524056,7.631587953162609,5-10 min,3,1,1,3,21.8,14,1,False,False,True,False
121130107053,SANTA ROSA,Block Group 3,741,270,0.5238370118845501,171,46.28262552944211,8.354809172253857,5-10 min,12,11,11,12,11.0,14,11,False,False,True,False
120330033012,ESCAMBIA,Block Group 2,1289,271,0.5234465195246181,233,40.255979654316896,4.593115014439022,0-5 min,7,12,7,12,17.3,39,13,False,False,True,False
120330001001,ESCAMBIA,Block Group 1,1756,272,0.5229202037351444,70,36.6716016164842,3.000541395291953,0-5 min,10,3,3,10,13.9,12,3,False,False,True,False
120330003001,ESCAMBIA,Block Group 1,1490,273,0.5225636672325976,178,51.39057704688957,2.464073716557592,0-5 min,5,8,5,8,18.2,43,9,False,False,True,False
121130102001,SANTA ROSA,Block Group 1,1260,274,0.5203395585738539,3102,51.06681322062833,3.659697698825044,0-5 min,6,47,6,47,20.0,287,85,False,False,True,False
120330036111,ESCAMBIA,Block Group 1,1743,275,0.5177928692699492,82,27.14134450938875,5.860156970294756,5-10 min,10,6,6,10,10.5,10,6,False,False,True,False
121130108093,SANTA ROSA,Block Group 3,1050,276,0.5161460101867572,254,29.477464362441903,14.75858651128482,10-15 min,8,13,8,13,16.5,42,15,False,False,True,False
121130108133,SANTA ROSA,Block Group 3,1716,277,0.5157385398981325,14,11.855003150043697,16.72066295415949,>15 min (GAP),11,0,0,11,14.5,2,0,False,True,False,False
120910210022,OKALOOSA,Block Group 2,1549,278,0.5129881154499152,9,11.380894513017846,22.50768360901838,>15 min (GAP),6,0,0,6,16.4,3,0,False,True,False,False
120910233071,OKALOOSA,Block Group 1,1263,279,0.5128522920203735,19,21.65938227441753,18.31093465638096,>15 min (GAP),3,1,1,3,19.6,7,1,False,True,True,False
120330016001,ESCAMBIA,Block Group 1,2191,280,0.512716468590832,84,36.31089910541184,1.5087108221072618,0-5 min,6,6,5,7,14.1,14,5,False,False,True,False
120330019001,ESCAMBIA,Block Group 1,2204,281,0.5122241086587437,57,32.8581771897381,2.289532120468898,0-5 min,4,3,3,4,16.2,13,3,False,False,True,False
120330023002,ESCAMBIA,Block Group 2,1412,282,0.5120713073005093,102,52.89433112784716,2.43663330698773,0-5 min,1,1,1,1,22.4,62,2,False,False,True,False
121319501021,WALTON,Block Group 1,658,283,0.5119694397283532,2344,31.0127804276755,22.84991653178397,>15 min (GAP),11,43,11,43,10.8,203,72,False,True,True,False
120050006001,BAY,Block Group 1,919,284,0.5119524617996605,1534,28.307427669724436,22.43631923368205,>15 min (GAP),8,29,8,29,12.9,176,45,False,True,True,False
120050024002,BAY,Block Group 2,1771,285,0.5115110356536502,67,45.616710694735694,1.4704057815747889,0-5 min,3,3,3,3,21.7,30,3,False,False,True,False
120050014031,BAY,Block Group 1,1096,286,0.5111205432937183,70,54.14633278490833,4.298026415578037,0-5 min,10,2,2,10,14.7,5,3,False,False,True,False
121319501024,WALTON,Block Group 4,725,287,0.5103225806451613,3626,32.36906230013432,17.382928023417207,>15 min (GAP),10,66,10,66,14.9,335,120,False,True,True,False
120330008011,ESCAMBIA,Block Group 1,1395,288,0.5100169779286927,171,71.88374506745092,2.1212407516672376,0-5 min,5,9,5,9,19.8,52,9,False,False,True,False
120330013002,ESCAMBIA,Block Group 2,1607,289,0.509100169779287,44,36.3962124777797,3.2699144819441623,0-5 min,6,2,2,6,14.4,10,2,False,False,True,False
121130108143,SANTA ROSA,Block Group 3,1557,290,0.5088285229202038,33,16.387320782300897,16.58308517014173,>15 min (GAP),7,1,1,7,11.5,5,1,False,True,True,False
121319506041,WALTON,Block Group 1,1017,291,0.5086757215619695,173,35.83648784190184,7.861061430228387,5-10 min,4,7,4,7,16.2,33,10,False,False,True,False
120050027101,BAY,Block Group 1,1261,292,0.5080645161290323,50,27.05727267020648,10.679670604575254,10-15 min,13,1,1,13,10.8,5,1,False,False,True,False
120330033131,ESCAMBIA,Block Group 1,2442,293,0.5059592529711375,62,29.483613530696005,2.6315258296918285,0-5 min,6,2,2,6,14.2,9,2,False,False,True,False
120050027103,BAY,Block Group 3,1812,294,0.5052292020373514,96,15.61276948900544,10.732632158017312,10-15 min,9,5,5,9,12.3,13,5,False,False,True,False
120330010022,ESCAMBIA,Block Group 2,485,295,0.5038370118845501,98,279.8872454239864,5.6332736182508025,5-10 min,9,7,6,10,11.3,14,6,False,False,True,False
120050027032,BAY,Block Group 2,1175,296,0.503667232597623,74,24.19106231781106,16.40792086395655,>15 min (GAP),10,3,3,10,11.4,7,3,False,True,True,False
121130101002,SANTA ROSA,Block Group 2,1090,297,0.502937181663837,4993,24.72888073351457,19.16919220332657,>15 min (GAP),12,81,12,81,10.3,292,166,False,True,True,False
120330012021,ESCAMBIA,Block Group 1,1393,298,0.5021392190152801,97,40.70964037859126,3.2249735947517544,0-5 min,1,2,1,2,22.3,63,2,False,False,True,False
120910203032,OKALOOSA,Block Group 2,2422,299,0.5020033955857386,446,28.97400576933521,2.692030407312258,0-5 min,10,19,10,19,13.6,44,24,False,False,True,False
120330010011,ESCAMBIA,Block Group 1,766,300,0.5006791171477081,126,145.54678809427273,4.9121894786562645,0-5 min,9,8,8,9,11.6,16,9,False,False,True,False
120910207021,OKALOOSA,Block Group 1,1782,301,0.4989643463497453,73,22.388833308695396,6.708729616256592,5-10 min,7,2,2,7,19.0,8,3,False,False,True,False
120050022001,BAY,Block Group 1,1456,302,0.4980305602716469,66,45.94654050396393,2.343815571422945,0-5 min,5,3,3,5,17.4,20,3,False,False,True,False
120330040004,ESCAMBIA,Block Group 4,979,303,0.4976910016977929,217,33.72406102967174,9.335712965817477,5-10 min,5,7,5,7,16.0,49,10,False,False,True,False
120910223001,OKALOOSA,Block Group 1,1154,304,0.4962308998302208,103,83.6038282436459,2.8411587748548683,0-5 min,4,4,4,4,20.9,23,6,False,False,True,False
120330028041,ESCAMBIA,Block Group 1,3568,305,0.4960101867572156,87,21.651081620844764,3.2511053046322376,0-5 min,7,4,4,7,18.2,22,4,False,False,True,False
120910227003,OKALOOSA,Block Group 3,1342,306,0.4954668930390492,30,30.09962977455377,6.22389301905248,5-10 min,6,0,0,6,14.8,4,0,False,False,False,False
120910215013,OKALOOSA,Block Group 3,1113,307,0.4935993208828523,18,35.50744078147932,6.177619126504383,5-10 min,12,0,0,12,11.6,3,0,False,False,False,False
120910218011,OKALOOSA,Block Group 1,2828,308,0.4920713073005094,43,23.1903942151292,3.288166044815196,0-5 min,10,2,2,10,11.6,5,2,False,False,True,False
121130104002,SANTA ROSA,Block Group 2,1011,309,0.4912903225806452,1849,26.18287584693426,16.809744584695313,>15 min (GAP),8,52,8,52,12.8,180,80,False,True,True,False
120330036132,ESCAMBIA,Block Group 2,1320,310,0.4910696095076401,954,28.40131836895456,7.550784657809086,5-10 min,11,34,11,34,16.4,148,45,False,False,True,False
120910219022,OKALOOSA,Block Group 2,2102,311,0.4906112054329371,30,24.375380865326026,4.482242603292805,0-5 min,6,1,1,6,15.8,6,1,False,False,True,False
121130101001,SANTA ROSA,Block Group 1,614,312,0.4905263157894737,11300,30.594469328938903,19.446592196757987,>15 min (GAP),7,95,7,95,18.2,751,246,False,True,True,False
120050010002,BAY,Block Group 2,994,313,0.4888794567062818,109,38.47932530562822,6.152871647536252,5-10 min,4,5,4,5,18.3,30,5,False,False,True,False
121319501033,WALTON,Block Group 3,680,314,0.4885738539898132,1951,32.307569920304466,15.275671493075684,>15 min (GAP),10,49,10,49,12.6,180,86,False,True,True,False
120330036112,ESCAMBIA,Block Group 2,2735,315,0.4874533106960951,116,20.897790707184843,3.8573960451055855,0-5 min,13,4,4,13,12.1,13,4,False,False,True,False
121130103011,SANTA ROSA,Block Group 1,3221,316,0.4863667232597624,170,29.63686128205575,0.6130713917150572,0-5 min,7,11,7,11,11.5,19,13,False,False,True,False
120330035071,ESCAMBIA,Block Group 1,2620,317,0.4855687606112054,41,24.800927191736573,3.065830001110782,0-5 min,13,0,0,13,9.4,4,0,False,False,False,False
120330028022,ESCAMBIA,Block Group 2,1732,318,0.4852461799660441,37,28.534763053497283,4.499129613651164,0-5 min,3,1,1,3,21.2,17,1,False,False,True,False
120910201021,OKALOOSA,Block Group 1,988,319,0.4843293718166384,7662,26.63599279363945,16.686285346900906,>15 min (GAP),9,82,9,82,16.3,504,188,False,True,True,False
120330033082,ESCAMBIA,Block Group 2,1631,320,0.4828692699490662,183,34.28260556794476,2.97960166939159,0-5 min,7,8,7,8,12.6,20,10,False,False,True,False
121319506044,WALTON,Block Group 4,1751,321,0.4819864176570458,78,13.441807571563409,10.579933326225111,10-15 min,6,5,5,6,12.3,12,5,False,False,True,False
120910223002,OKALOOSA,Block Group 2,1394,322,0.4808658743633277,41,46.14768158549927,2.226699924884183,0-5 min,8,3,3,8,15.4,7,3,False,False,True,False
120910204004,OKALOOSA,Block Group 4,1633,323,0.4798132427843803,324,22.256807285724648,6.941007706651106,5-10 min,11,18,11,18,10.1,32,22,False,False,True,False
120330014021,ESCAMBIA,Block Group 1,1875,324,0.4797453310696095,173,29.666364858561742,3.222367115939205,0-5 min,9,10,9,10,12.6,23,10,False,False,True,False
120330033013,ESCAMBIA,Block Group 3,2074,325,0.4782342954159593,99,29.958620789830288,2.49852893517691,0-5 min,3,5,3,5,20.8,28,6,False,False,True,False
120050026092,BAY,Block Group 2,1122,326,0.4780135823429542,111,30.603205727155604,7.593277084296178,5-10 min,9,8,8,9,12.3,15,8,False,False,True,False
121319503051,WALTON,Block Group 1,1416,327,0.4779796264855688,512,39.50629172418034,2.6782835697802496,0-5 min,7,19,7,19,14.1,81,20,False,False,True,False
121130108261,SANTA ROSA,Block Group 1,1263,328,0.4775551782682513,115,24.55172814277065,10.067550574541304,10-15 min,7,7,7,7,14.1,22,7,False,False,True,False
120050012002,BAY,Block Group 2,1335,329,0.4760611205432937,247,82.82992635178775,1.358330984323764,0-5 min,5,9,5,9,18.3,82,11,False,False,True,False
121319506043,WALTON,Block Group 3,1587,330,0.4745670628183361,251,20.30578407427872,8.18901973834909,5-10 min,13,18,13,18,13.9,32,18,False,False,True,False
120330036102,ESCAMBIA,Block Group 2,1530,331,0.4742444821731749,77,33.00758702964725,3.48369469099554,0-5 min,8,3,3,8,15.2,11,3,False,False,True,False
120910212002,OKALOOSA,Block Group 2,745,332,0.4734634974533107,690,26.68214385689461,21.02478361660177,>15 min (GAP),15,32,15,32,9.7,57,38,False,True,True,False
120330037001,ESCAMBIA,Block Group 1,1950,333,0.4721222410865875,249,29.287708807249235,2.9659669256732024,0-5 min,4,13,4,13,17.9,60,12,False,False,True,False
120330036141,ESCAMBIA,Block Group 1,999,334,0.4704074702886248,445,46.94099759219053,4.23841776420146,0-5 min,7,18,7,18,13.4,69,19,False,False,True,False
121319501042,WALTON,Block Group 2,461,335,0.4685059422750424,1963,33.183777558404586,12.944499600058505,10-15 min,11,45,11,45,11.7,217,70,False,False,True,False
120910215022,OKALOOSA,Block Group 2,1835,336,0.4684380305602716,21,21.217950790520224,5.555426581857882,5-10 min,16,0,0,16,11.4,3,0,False,False,False,False
121130107112,SANTA ROSA,Block Group 2,1761,337,0.4683191850594228,59,22.06276370144369,5.690834811533279,5-10 min,7,4,4,7,14.4,10,4,False,False,True,False
120330032031,ESCAMBIA,Block Group 1,1242,338,0.468081494057725,104,37.9778545287496,3.7592387391350135,0-5 min,2,3,2,3,21.3,43,3,False,False,True,False
120050026045,BAY,Block Group 5,1203,339,0.4667741935483872,23,23.76133699877784,10.93950714339698,10-15 min,5,1,1,5,16.8,6,1,False,False,True,False
121130108091,SANTA ROSA,Block Group 1,987,340,0.466383701188455,183,34.7899154871206,6.519739271220238,5-10 min,7,11,6,12,15.4,24,12,False,False,True,False
120910224003,OKALOOSA,Block Group 3,922,341,0.4660271646859083,19,34.32949083944639,7.242932527537023,5-10 min,11,0,0,11,10.6,3,0,False,False,False,False
120050003011,BAY,Block Group 1,1096,342,0.4646179966044143,878,25.014788783015423,12.35052079131081,10-15 min,14,42,14,42,8.2,52,55,False,False,True,False
120330021002,ESCAMBIA,Block Group 2,1812,343,0.4637691001697793,43,32.82999103664896,2.276753066046433,0-5 min,4,3,3,4,18.3,13,3,False,False,True,False
121319501022,WALTON,Block Group 2,1003,344,0.4623429541595926,2724,25.080834128879467,15.170842738365728,>15 min (GAP),11,53,11,53,10.1,210,100,False,True,True,False
120330010013,ESCAMBIA,Block Group 3,1829,345,0.4616808149405773,48,25.51303795967983,4.067944901925862,0-5 min,11,1,1,11,16.4,10,1,False,False,True,False
120050013022,BAY,Block Group 2,1126,346,0.4612903225806452,120,52.124145815560446,2.729951156724582,0-5 min,3,5,3,5,21.4,53,5,False,False,True,False
121130108222,SANTA ROSA,Block Group 2,2147,347,0.4598811544991511,60,20.377430772773305,4.49334654787726,0-5 min,7,3,3,7,11.6,9,3,False,False,True,False
120910204003,OKALOOSA,Block Group 3,1913,348,0.4569100169779287,183,28.85278944196025,2.828448173625931,0-5 min,6,8,6,8,14.2,27,9,False,False,True,False
120910220022,OKALOOSA,Block Group 2,1241,349,0.4568590831918506,37,41.27073715113679,2.8732764673787163,0-5 min,6,1,1,6,16.8,8,1,False,False,True,False
120050027111,BAY,Block Group 1,1429,350,0.4564685908319185,28,16.36313059414527,11.608258328958648,10-15 min,7,0,0,7,8.9,3,0,False,False,False,False
120330035072,ESCAMBIA,Block Group 2,1631,351,0.4554159592529712,64,35.733428622476325,2.010940177197742,0-5 min,2,2,2,2,21.9,34,2,False,False,True,False
121319503043,WALTON,Block Group 3,1186,352,0.4549405772495756,182,69.3094644739488,1.8981529959804435,0-5 min,4,10,4,10,13.6,31,10,False,False,True,False
120330020001,ESCAMBIA,Block Group 1,767,353,0.4547538200339559,65,55.091328709617,4.353833309200983,0-5 min,4,3,3,4,15.5,16,3,False,False,True,False
120910205003,OKALOOSA,Block Group 3,776,354,0.4533955857385399,67,76.05978526165701,3.7526034888097737,0-5 min,5,3,3,5,17.5,21,3,False,False,True,False
120910225001,OKALOOSA,Block Group 1,991,355,0.453276740237691,31,36.71959025675285,5.3271953115751804,5-10 min,8,0,0,8,12.9,4,0,False,False,False,False
121319501044,WALTON,Block Group 4,666,356,0.4520713073005094,1068,49.87941604467626,5.028767535141669,5-10 min,5,28,5,28,15.3,208,35,False,False,True,False
120330033071,ESCAMBIA,Block Group 1,2180,357,0.4504923599320883,40,16.953778912550714,4.969974926209249,0-5 min,9,1,1,9,12.4,6,1,False,False,True,False
120330032011,ESCAMBIA,Block Group 1,1833,358,0.4504923599320883,42,27.284367421685747,3.2432009236276853,0-5 min,3,2,2,3,18.0,12,2,False,False,True,False
120910219023,OKALOOSA,Block Group 3,1412,359,0.448760611205433,25,25.194095310270324,5.905989123573607,5-10 min,5,0,0,5,12.2,4,0,False,False,False,False
120910233032,OKALOOSA,Block Group 2,792,359,0.448760611205433,23,23.62150542935167,20.800405972915904,>15 min (GAP),17,0,0,17,11.1,3,0,False,True,False,False
120330028021,ESCAMBIA,Block Group 1,2636,361,0.448641765704584,51,19.174294714925235,3.3005288639934185,0-5 min,5,2,2,5,17.5,12,2,False,False,True,False
120330033122,ESCAMBIA,Block Group 2,1713,362,0.444804753820034,35,22.40077417075534,5.070205425798409,5-10 min,9,1,1,9,14.2,6,1,False,False,True,False
120910227001,OKALOOSA,Block Group 1,1280,363,0.4437691001697793,37,25.87761844780449,6.564358402738241,5-10 min,11,0,0,11,13.4,3,0,False,False,False,False
120330008022,ESCAMBIA,Block Group 2,1490,364,0.4430050933786078,40,32.22197071183972,3.1279130683536667,0-5 min,5,1,1,5,20.3,16,1,False,False,True,False
120330036144,ESCAMBIA,Block Group 4,1686,365,0.4424448217317487,329,21.33011207579983,5.5500910110106565,5-10 min,10,15,10,15,10.0,34,16,False,False,True,False
120330032013,ESCAMBIA,Block Group 3,1637,366,0.4422920203735144,64,25.55349264338903,4.471628142885269,0-5 min,8,1,1,8,14.0,9,1,False,False,True,False
121130107091,SANTA ROSA,Block Group 1,1220,367,0.4410526315789473,133,25.88089417905609,7.219141010343577,5-10 min,6,7,5,8,14.3,21,7,False,False,True,False
121130107083,SANTA ROSA,Block Group 3,1563,368,0.4394057724957555,54,24.26809231222789,5.137266472071159,5-10 min,3,2,2,3,15.7,13,2,False,False,True,False
120050022002,BAY,Block Group 2,1159,369,0.4385908319185059,67,61.5278372138726,1.5788591193807733,0-5 min,7,6,6,7,12.9,12,6,False,False,True,False
120330034002,ESCAMBIA,Block Group 2,1082,370,0.4373514431239389,62,32.614773756048855,5.36607854304332,5-10 min,7,3,3,7,15.9,12,3,False,False,True,False
120330028012,ESCAMBIA,Block Group 2,2034,371,0.4360101867572156,37,19.518443082373636,4.313825815972123,0-5 min,8,1,1,8,16.2,7,1,False,False,True,False
120330033081,ESCAMBIA,Block Group 1,1702,372,0.4355178268251273,78,29.254823389006265,2.928869330937084,0-5 min,4,4,4,4,20.9,32,4,False,False,True,False
120330022002,ESCAMBIA,Block Group 2,1005,373,0.4354838709677419,37,39.63802979708542,3.913891644140536,0-5 min,5,2,2,5,14.7,8,2,False,False,True,False
120910205004,OKALOOSA,Block Group 4,683,374,0.4353650254668931,82,74.98040908213922,3.663509403810677,0-5 min,3,3,2,4,21.5,38,3,False,False,True,False
121130107052,SANTA ROSA,Block Group 2,1575,375,0.4347368421052632,47,21.95495310749005,5.521439128288293,5-10 min,10,2,2,10,10.7,6,2,False,False,True,False
120330028023,ESCAMBIA,Block Group 3,875,376,0.433955857385399,22,43.37701924953814,3.9601514008071472,0-5 min,3,1,1,3,19.6,9,1,False,False,True,False
120050007001,BAY,Block Group 1,141,377,0.4336672325976231,3558,31.066174339109487,11.44878779113372,10-15 min,6,50,6,50,14.6,403,103,False,False,True,False
120910217001,OKALOOSA,Block Group 1,1877,378,0.431018675721562,61,33.25294479357008,0.0,0-5 min,5,3,3,5,14.2,11,3,False,False,True,False
120050022003,BAY,Block Group 3,1836,379,0.4297962648556876,53,31.07624057231881,1.5580039750663903,0-5 min,5,4,4,5,12.7,8,4,False,False,True,False
121319502011,WALTON,Block Group 1,1425,380,0.4295585738539899,707,29.02737597694364,3.888122326444976,0-5 min,7,29,7,29,14.7,106,34,False,False,True,False
120330034003,ESCAMBIA,Block Group 3,1607,381,0.4273005093378608,51,24.908814203689637,4.391105291577278,0-5 min,11,2,2,11,12.3,7,2,False,False,True,False
121319506062,WALTON,Block Group 2,1032,382,0.4269779286926995,772,32.88237904864292,5.306565953015279,5-10 min,6,22,6,22,15.0,108,37,False,False,True,False
120910233081,OKALOOSA,Block Group 1,1136,383,0.4260611205432937,17,9.956128612098102,20.21216009487988,>15 min (GAP),14,0,0,14,9.4,4,0,False,True,False,False
120910207012,OKALOOSA,Block Group 2,2883,384,0.426044142614601,195,24.007419400629537,1.4133549096814093,0-5 min,5,9,5,9,17.1,25,13,False,False,True,False
120050026044,BAY,Block Group 4,1273,385,0.4257555178268252,16,21.09070585319814,8.610220632344049,5-10 min,11,0,0,11,12.8,3,0,False,False,False,False
120910225003,OKALOOSA,Block Group 3,1518,386,0.4257215619694398,36,22.564209278026784,5.353501131195125,5-10 min,6,1,1,6,15.4,7,1,False,False,True,False
120050008032,BAY,Block Group 2,1485,387,0.4250424448217318,138,23.77935652027371,5.1889269944925625,5-10 min,8,9,8,9,14.9,25,10,False,False,True,False
120050026043,BAY,Block Group 3,935,388,0.4246519524617996,31,30.31340145699897,7.121000073708831,5-10 min,3,2,2,3,20.5,14,2,False,False,True,False
120050013025,BAY,Block Group 5,1475,389,0.4230560271646859,85,32.23543242884502,2.677303373590925,0-5 min,8,5,5,8,16.8,18,5,False,False,True,False
120050015012,BAY,Block Group 2,2303,390,0.4227674023769101,36,17.9215930304916,3.6576824245696313,0-5 min,9,0,0,9,9.4,4,0,False,False,False,False
120330014022,ESCAMBIA,Block Group 2,2062,391,0.4226825127334465,48,18.877444874911365,3.96653743642581,0-5 min,11,2,2,11,10.6,6,2,False,False,True,False
120330023003,ESCAMBIA,Block Group 3,1410,392,0.4221052631578947,50,36.160767881138106,2.0109991796960305,0-5 min,2,1,1,2,22.0,27,1,False,False,True,False
120330036071,ESCAMBIA,Block Group 1,2593,393,0.4202207130730051,119,20.185325031227887,2.5004800072732305,0-5 min,5,4,4,5,14.9,18,5,False,False,True,False
120910220011,OKALOOSA,Block Group 1,982,394,0.4187096774193549,24,64.15208320525191,2.3040741992008256,0-5 min,6,0,0,6,11.6,4,0,False,False,False,False
120330039003,ESCAMBIA,Block Group 3,776,395,0.4180984719864176,3236,27.109421945779093,11.055681978194157,10-15 min,14,61,14,61,9.2,235,126,False,False,True,False
120050008061,BAY,Block Group 1,963,396,0.4147198641765705,59,51.46595091195048,2.606117977781248,0-5 min,1,2,1,2,22.2,39,2,False,False,True,False
120050008052,BAY,Block Group 2,2148,397,0.4145161290322581,29,14.654546851091611,4.354379942897386,0-5 min,5,1,1,5,19.6,11,1,False,False,True,False
121319506092,WALTON,Block Group 2,1107,398,0.4131748726655348,42,17.957259157881502,13.64365932098521,10-15 min,9,2,2,9,11.7,6,2,False,False,True,False
120330017002,ESCAMBIA,Block Group 2,1028,399,0.4126485568760611,114,67.73010858799952,1.6889554060497438,0-5 min,2,3,2,3,20.5,42,4,False,False,True,False
120050015022,BAY,Block Group 2,1343,400,0.4117317487266553,48,29.62322954917148,3.7319270891189977,0-5 min,5,4,4,5,12.3,9,4,False,False,True,False
120330030011,ESCAMBIA,Block Group 1,1450,401,0.4111544991511036,24,25.08500157303864,4.6086337315779256,0-5 min,2,1,1,2,19.5,8,1,False,False,True,False
120050025002,BAY,Block Group 2,712,402,0.4091171477079797,152,153.3004476978206,2.524362240229552,0-5 min,2,6,2,6,21.4,71,6,False,False,True,False
120330032012,ESCAMBIA,Block Group 2,1574,403,0.4089473684210526,116,21.802818690955007,4.841150004576613,0-5 min,6,3,3,6,17.7,18,4,False,False,True,False
120330030021,ESCAMBIA,Block Group 1,1995,404,0.4067062818336163,67,24.822712114706125,2.446623048003933,0-5 min,8,3,3,8,16.4,14,3,False,False,True,False
120330036103,ESCAMBIA,Block Group 3,2198,405,0.4057385398981324,89,27.957327694120448,0.0,0-5 min,13,4,4,13,12.7,11,4,False,False,True,False
120050004012,BAY,Block Group 2,688,406,0.4045670628183362,438,31.444249453404897,7.291508649255689,5-10 min,8,16,8,16,12.5,57,23,False,False,True,False
120330035061,ESCAMBIA,Block Group 1,1702,407,0.4035823429541596,21,17.36547545017928,5.318777136069683,5-10 min,6,0,0,6,11.5,4,0,False,False,False,False
121130109002,SANTA ROSA,Block Group 2,1092,408,0.4026825127334465,24,22.50649171620439,8.976303232705279,5-10 min,6,0,0,6,13.3,4,0,False,False,False,False
120910220013,OKALOOSA,Block Group 3,1125,409,0.402427843803056,28,42.30936608481214,1.951733865272942,0-5 min,3,1,1,3,19.8,13,1,False,False,True,False
120050009004,BAY,Block Group 4,450,410,0.4018166383701188,143,165.8722968905324,2.832113938083414,0-5 min,2,6,2,6,21.5,50,7,False,False,True,False
120330036113,ESCAMBIA,Block Group 3,1473,411,0.4000679117147708,60,25.02197763702452,4.117159038561972,0-5 min,15,1,1,15,10.8,6,1,False,False,True,False
120330014024,ESCAMBIA,Block Group 4,1771,412,0.4000169779286927,31,16.418813205810356,5.029554779481998,5-10 min,7,0,0,7,10.7,3,0,False,False,False,False
120330036092,ESCAMBIA,Block Group 2,1412,413,0.3972156196943973,101,36.12706425037415,1.2870717398894775,0-5 min,8,7,6,9,15.8,19,7,False,False,True,False
120330036081,ESCAMBIA,Block Group 1,1256,414,0.3964685908319185,31,25.60305518779841,5.146817084104501,5-10 min,8,0,0,8,11.0,3,0,False,False,False,False
120050026062,BAY,Block Group 2,962,415,0.396213921901528,14,21.79001892618787,11.050525650469748,10-15 min,7,0,0,7,15.0,4,0,False,False,False,False
121130107122,SANTA ROSA,Block Group 2,2592,416,0.3949745331069609,96,15.143785510993917,2.867476412281768,0-5 min,11,6,6,11,9.9,8,6,False,False,True,False
121319503062,WALTON,Block Group 2,828,417,0.393106960950764,1724,35.77283453275387,4.610339152006423,0-5 min,11,51,11,51,16.4,221,75,False,False,True,False
120330033121,ESCAMBIA,Block Group 1,1526,418,0.392427843803056,36,21.13136134686601,4.853756371537058,0-5 min,10,0,0,10,9.6,4,0,False,False,False,False
121130105042,SANTA ROSA,Block Group 2,1327,419,0.3908658743633277,61,32.773409482260725,2.465947646187099,0-5 min,2,2,2,2,21.6,31,2,False,False,True,False
120910224002,OKALOOSA,Block Group 2,951,420,0.3891341256366724,32,29.636050773963987,5.809344978048812,5-10 min,7,1,1,7,17.3,5,1,False,False,True,False
120050024003,BAY,Block Group 3,930,421,0.3887775891341257,281,158.88129475250705,0.8758711527146359,0-5 min,4,8,4,8,18.8,93,9,False,False,True,False
120330033132,ESCAMBIA,Block Group 2,1002,422,0.3886417657045841,25,32.15649149525113,4.763415239824021,0-5 min,5,1,1,5,17.4,7,1,False,False,True,False
121319506042,WALTON,Block Group 2,1240,423,0.3873684210526316,44,10.830886537601884,11.295975789563222,10-15 min,10,2,2,10,13.6,8,2,False,False,True,False
120050008051,BAY,Block Group 1,1963,424,0.3870288624787776,26,16.53162659124854,3.802555762660417,0-5 min,5,1,1,5,21.3,13,1,False,False,True,False
120910226003,OKALOOSA,Block Group 3,1421,425,0.3858404074702886,12,14.902574419731009,6.719407052911004,5-10 min,10,0,0,10,11.3,2,0,False,False,False,False
121130107093,SANTA ROSA,Block Group 3,1754,426,0.3856366723259762,181,16.793772015730475,4.73170490237921,0-5 min,10,7,7,10,11.9,17,8,False,False,True,False
121130105031,SANTA ROSA,Block Group 1,1741,427,0.3844312393887946,30,19.184958992150158,3.943138432193561,0-5 min,6,2,2,6,16.7,7,2,False,False,True,False
120050026041,BAY,Block Group 1,1165,428,0.3842784380305603,17,19.43325761983747,7.75000594492227,5-10 min,14,0,0,14,13.6,2,0,False,False,False,False
120910206011,OKALOOSA,Block Group 1,1007,429,0.3842444821731748,44,31.94025430249744,4.55075180100502,0-5 min,5,1,1,5,13.6,8,1,False,False,True,False
121130106021,SANTA ROSA,Block Group 1,1781,430,0.3829711375212224,117,19.796719835805668,3.653517140709941,0-5 min,7,6,6,7,12.8,17,7,False,False,True,False
121130107041,SANTA ROSA,Block Group 1,1824,431,0.3817826825127335,38,12.299147636702598,4.874772286790185,0-5 min,5,2,2,5,15.0,7,2,False,False,True,False
120330036082,ESCAMBIA,Block Group 2,1785,432,0.3799320882852292,47,19.34015505866445,3.6349470485345137,0-5 min,10,1,1,10,9.2,5,1,False,False,True,False
120050011001,BAY,Block Group 1,1279,433,0.3798811544991511,85,32.87293180916374,2.425724343285234,0-5 min,5,5,5,5,18.3,27,5,False,False,True,False
121319506082,WALTON,Block Group 2,893,434,0.3791341256366723,19,15.591918462472714,17.27925723683214,>15 min (GAP),15,0,0,15,15.8,4,0,False,True,False,False
120910226001,OKALOOSA,Block Group 1,991,435,0.3782003395585739,26,25.782294306872767,6.716314892360113,5-10 min,6,0,0,6,13.5,3,0,False,False,False,False
120330030012,ESCAMBIA,Block Group 2,2266,436,0.3773344651952461,22,17.39434320146049,2.557522619556171,0-5 min,4,1,1,4,16.2,6,1,False,False,True,False
120330034004,ESCAMBIA,Block Group 4,1285,437,0.3746689303904924,53,20.172440107835016,5.805783607018213,5-10 min,9,2,2,9,13.6,8,2,False,False,True,False
120330004003,ESCAMBIA,Block Group 3,1466,438,0.3742784380305602,19,29.76143857395717,2.066809506381595,0-5 min,13,0,0,13,14.5,4,0,False,False,False,False
121319503031,WALTON,Block Group 1,1020,439,0.3736672325976231,255,27.387149906303726,5.555348391045808,5-10 min,10,13,10,13,12.4,20,15,False,False,True,False
121130107084,SANTA ROSA,Block Group 4,1138,440,0.3731409168081494,107,26.18348111094308,4.976407451958844,0-5 min,6,5,5,6,14.8,18,5,False,False,True,False
120910221002,OKALOOSA,Block Group 2,1338,441,0.3730050933786078,33,35.05138213972756,1.2307393323199698,0-5 min,5,1,1,5,20.7,12,1,False,False,True,False
120330033011,ESCAMBIA,Block Group 1,1123,442,0.372427843803056,104,28.96112275589589,4.312510243813324,0-5 min,9,6,6,9,14.4,15,6,False,False,True,False
120330012022,ESCAMBIA,Block Group 2,2623,442,0.372427843803056,46,18.55093785072867,1.5898212114204653,0-5 min,10,1,1,10,12.9,6,1,False,False,True,False
120330026061,ESCAMBIA,Block Group 1,1341,444,0.3719015280135824,155,27.67235997205627,3.231035495682943,0-5 min,5,7,5,7,18.5,46,8,False,False,True,False
120910227002,OKALOOSA,Block Group 2,1102,445,0.3716638370118845,16,24.428599783196177,5.923810375098298,5-10 min,13,0,0,13,9.6,2,0,False,False,False,False
120330026022,ESCAMBIA,Block Group 2,689,446,0.3709677419354839,100,32.09956514719095,5.646561366137848,5-10 min,6,4,4,6,13.9,12,4,False,False,True,False
120330033102,ESCAMBIA,Block Group 2,2302,447,0.3706451612903226,49,19.171756637633845,1.996703546865384,0-5 min,11,1,1,11,12.3,6,1,False,False,True,False
120910207011,OKALOOSA,Block Group 1,1073,448,0.3706281833616299,42,30.12903836717829,4.203414499057591,0-5 min,8,1,1,8,17.5,6,1,False,False,True,False
120910208004,OKALOOSA,Block Group 4,667,449,0.3702886247877759,196,37.341633845085184,4.157665265854673,0-5 min,4,9,4,9,19.1,45,11,False,False,True,False
121130107051,SANTA ROSA,Block Group 1,1168,449,0.3702886247877759,104,19.148196175479228,7.196763160656896,5-10 min,2,2,2,2,20.8,33,2,False,False,True,False
120330011042,ESCAMBIA,Block Group 2,1974,451,0.3702546689303905,11,8.322274795461182,4.19781213204545,0-5 min,9,0,0,9,11.6,2,0,False,False,False,False
121130109004,SANTA ROSA,Block Group 4,811,452,0.3692359932088285,14,22.090904070249078,10.347986969455937,10-15 min,8,1,1,8,20.0,6,1,False,False,True,False
120050008033,BAY,Block Group 3,1822,453,0.3671646859083192,27,13.47568312979229,4.232783184602551,0-5 min,5,2,2,5,13.1,6,2,False,False,True,False
121130109006,SANTA ROSA,Block Group 6,989,454,0.3666893039049236,22,20.974054141660663,9.191814327272782,5-10 min,5,2,2,5,12.9,5,2,False,False,True,False
120330018001,ESCAMBIA,Block Group 1,746,455,0.3656366723259762,35,39.25417075564279,3.2620886366168325,0-5 min,2,2,2,2,19.0,7,3,False,False,True,False
120330030022,ESCAMBIA,Block Group 2,1761,456,0.3635483870967742,18,16.460679551720826,3.8832168928800894,0-5 min,14,0,0,14,8.8,2,0,False,False,False,False
120330032041,ESCAMBIA,Block Group 1,1566,457,0.3629541595925297,38,21.55666339156658,3.481274421681591,0-5 min,3,3,3,3,13.9,8,3,False,False,True,False
120330037003,ESCAMBIA,Block Group 3,1283,458,0.3606112054329372,77,24.4067108945852,4.258655679503856,0-5 min,8,4,4,8,18.6,19,4,False,False,True,False
120330021001,ESCAMBIA,Block Group 1,2155,459,0.3601867572156197,53,21.7421982429022,1.429698468394189,0-5 min,4,4,4,4,14.6,10,5,False,False,True,False
120910233042,OKALOOSA,Block Group 2,739,460,0.3599320882852292,11,13.455410604086776,19.787332586046507,>15 min (GAP),9,0,0,9,16.4,3,0,False,True,False,False
121130108084,SANTA ROSA,Block Group 4,853,461,0.3593039049235993,109,18.896313155942604,12.164114099693936,10-15 min,9,4,4,9,14.3,14,4,False,False,True,False
120050027132,BAY,Block Group 2,673,462,0.3591171477079796,39,26.497031313376315,8.159827937587345,5-10 min,7,2,2,7,16.2,7,2,False,False,True,False
120330035052,ESCAMBIA,Block Group 2,2260,463,0.3588285229202037,26,13.52758951882364,2.6250374545059745,0-5 min,7,0,0,7,11.3,3,0,False,False,False,False
120050017001,BAY,Block Group 1,1513,464,0.3537011884550085,41,28.799597648547973,1.7706069234959414,0-5 min,10,2,2,10,13.2,6,2,False,False,True,False
120330027031,ESCAMBIA,Block Group 1,2059,465,0.3520713073005094,48,24.150384443932367,0.0,0-5 min,1,1,1,1,21.6,20,1,False,False,True,False
120910216002,OKALOOSA,Block Group 2,983,466,0.3461799660441427,18,20.195175148266244,8.104027202191698,5-10 min,11,0,0,11,11.3,3,0,False,False,False,False
120330031003,ESCAMBIA,Block Group 3,983,467,0.3456196943972835,40,30.128263549998227,4.08118218026948,0-5 min,9,0,0,9,12.7,4,0,False,False,False,False
120330035122,ESCAMBIA,Block Group 2,1326,468,0.3454668930390492,26,28.369784869739043,2.5418448535255296,0-5 min,6,0,0,6,14.4,4,0,False,False,False,False
120050019003,BAY,Block Group 3,1386,469,0.3435483870967742,45,30.644786742929053,1.4303255423380108,0-5 min,3,2,2,3,18.8,18,2,False,False,True,False
121130107044,SANTA ROSA,Block Group 4,1378,470,0.3423938879456706,44,11.417337954241384,6.031709717474048,5-10 min,10,1,1,10,14.4,7,1,False,False,True,False
120330032034,ESCAMBIA,Block Group 4,721,471,0.3419354838709678,39,28.51690174830544,5.809199261623522,5-10 min,9,2,2,9,10.7,5,2,False,False,True,False
121130108212,SANTA ROSA,Block Group 2,3119,472,0.3417147707979626,64,13.361657263052408,0.4666143134500812,0-5 min,8,4,4,8,12.4,8,4,False,False,True,False
120050014044,BAY,Block Group 4,1896,473,0.3392190152801358,21,17.116295446820892,2.6478152248440705,0-5 min,12,1,1,12,15.8,5,1,False,False,True,False
120910226002,OKALOOSA,Block Group 2,1239,474,0.3374872665534805,10,14.17950975762964,6.756316800905089,5-10 min,6,0,0,6,15.1,3,0,False,False,False,False
120330004002,ESCAMBIA,Block Group 2,1231,475,0.3357894736842106,16,28.78396733019708,2.772566333689438,0-5 min,11,0,0,11,12.8,3,0,False,False,False,False
120330012012,ESCAMBIA,Block Group 2,2012,476,0.335653650254669,32,20.949290931968488,1.3663472552639149,0-5 min,7,1,1,7,20.2,11,1,False,False,True,False
120330020002,ESCAMBIA,Block Group 2,1160,477,0.333276740237691,47,26.949000450105647,3.3749051822985083,0-5 min,9,2,2,9,13.7,8,2,False,False,True,False
120330011013,ESCAMBIA,Block Group 3,1330,478,0.3331748726655348,23,22.064720622263494,3.6970681590970047,0-5 min,4,0,0,4,16.8,4,0,False,False,False,False
120050016001,BAY,Block Group 1,877,479,0.3322920203735144,117,40.69889392929037,1.5851414533563195,0-5 min,6,7,6,7,19.3,41,7,False,False,True,False
120330011044,ESCAMBIA,Block Group 4,1688,480,0.3309677419354839,16,12.78951259966827,3.852585507109558,0-5 min,12,0,0,12,16.5,3,0,False,False,False,False
120050015024,BAY,Block Group 4,1506,481,0.3307130730050934,39,19.360315324930625,3.4231927939559825,0-5 min,8,3,3,8,12.6,7,3,False,False,True,False
120330027032,ESCAMBIA,Block Group 2,953,482,0.3278438030560271,33,39.16077277258271,1.569616366507698,0-5 min,3,1,1,3,21.7,14,2,False,False,True,False
120330035102,ESCAMBIA,Block Group 2,1345,483,0.3243463497453311,22,19.13231474049189,4.174540204134377,0-5 min,14,1,1,14,16.0,5,1,False,False,True,False
120330010014,ESCAMBIA,Block Group 4,1643,484,0.3235314091680815,33,26.02119386814509,0.6560042550421233,0-5 min,4,2,2,4,15.8,9,2,False,False,True,False
120910218022,OKALOOSA,Block Group 2,1230,485,0.323446519524618,21,32.800917176122184,1.276716725136757,0-5 min,14,0,0,14,14.1,4,0,False,False,False,False
120050013011,BAY,Block Group 1,1142,486,0.3230220713073005,70,23.248260199842044,4.377884791960662,0-5 min,5,4,4,5,14.3,14,4,False,False,True,False
120330035123,ESCAMBIA,Block Group 3,1298,487,0.3229202037351443,56,31.0252057635968,1.0548406413984066,0-5 min,8,2,2,8,18.7,16,2,False,False,True,False
120330013003,ESCAMBIA,Block Group 3,1033,488,0.3205432937181663,27,27.188360964763884,3.824699855435922,0-5 min,5,2,2,5,14.6,7,2,False,False,True,False
121319503041,WALTON,Block Group 1,782,489,0.3195585738539898,254,40.06477243366993,1.8835291380509367,0-5 min,8,15,8,15,15.7,46,15,False,False,True,False
120910205001,OKALOOSA,Block Group 1,1365,490,0.3176910016977929,137,25.74730616460046,2.257174070230243,0-5 min,11,11,10,12,14.9,18,12,False,False,True,False
121130107121,SANTA ROSA,Block Group 1,1260,491,0.3164006791171477,43,14.393748694520468,5.558428510638584,5-10 min,8,1,1,8,15.3,7,1,False,False,True,False
120050014024,BAY,Block Group 4,1310,492,0.3162478777589135,38,27.15550384893536,2.126027678993898,0-5 min,7,3,3,7,10.9,6,3,False,False,True,False
121319502022,WALTON,Block Group 2,617,493,0.3157385398981324,35,40.04251370884059,2.393976311735301,0-5 min,6,2,2,6,14.7,8,2,False,False,True,False
120330010012,ESCAMBIA,Block Group 2,1042,494,0.3144312393887946,38,33.05212929645064,2.0035808963139767,0-5 min,8,3,3,8,13.2,7,3,False,False,True,False
120330013001,ESCAMBIA,Block Group 1,1525,495,0.3134125636672326,23,15.422744121922827,3.748023225138004,0-5 min,15,0,0,15,13.2,4,0,False,False,False,False
120330033133,ESCAMBIA,Block Group 3,669,496,0.3114770797962649,50,33.2608468610741,3.3991388209159177,0-5 min,13,1,1,13,12.7,7,1,False,False,True,False
120910233072,OKALOOSA,Block Group 2,651,497,0.3102546689303905,4,3.878652478555901,16.6194430036663,>15 min (GAP),4,0,0,4,11.3,1,0,False,True,False,False
120050019001,BAY,Block Group 1,558,498,0.3061460101867572,17,50.06582183046535,1.1604202364936325,0-5 min,3,1,1,3,18.5,7,1,False,False,True,False
120330035101,ESCAMBIA,Block Group 1,1533,499,0.3056196943972835,28,19.67391884789531,2.656943849056979,0-5 min,7,0,0,7,12.1,4,0,False,False,False,False
120050013023,BAY,Block Group 3,824,500,0.3008998302207131,81,33.00265488023703,2.761657291910494,0-5 min,8,7,7,8,15.5,19,7,False,False,True,False
120050014043,BAY,Block Group 3,1463,501,0.3005772495755518,27,24.16440386415667,1.8512800954363453,0-5 min,5,2,2,5,12.5,5,2,False,False,True,False
120330033112,ESCAMBIA,Block Group 2,1400,502,0.3004923599320883,7,19.809881735006044,2.9939580514823936,0-5 min,5,0,0,5,13.6,2,0,False,False,False,False
120050018001,BAY,Block Group 1,1413,503,0.299490662139219,39,19.787492478216,2.9065920306245063,0-5 min,7,1,1,7,16.0,8,1,False,False,True,False
120050011002,BAY,Block Group 2,1387,504,0.2987436332767402,31,24.343051707782863,2.061936175205896,0-5 min,6,2,2,6,13.6,6,2,False,False,True,False
120910206021,OKALOOSA,Block Group 1,1260,505,0.2973514431239389,14,16.38331336129419,4.824999954709503,0-5 min,9,0,0,9,12.8,3,0,False,False,False,False
120910218024,OKALOOSA,Block Group 4,1416,506,0.2947707979626486,18,23.596468919517687,1.9655109273776885,0-5 min,12,0,0,12,15.1,3,0,False,False,False,False
120330011041,ESCAMBIA,Block Group 1,1443,507,0.2923599320882852,26,15.19849230956289,3.4249860216890142,0-5 min,19,0,0,19,13.4,2,0,False,False,False,False
120330039002,ESCAMBIA,Block Group 2,1246,508,0.2921901528013582,2395,29.83944422932496,0.9410604905875064,0-5 min,6,57,6,57,10.8,253,101,False,False,True,False
120330035111,ESCAMBIA,Block Group 1,1432,509,0.2917657045840408,85,25.9052356004986,0.7641632626437438,0-5 min,9,5,5,9,17.0,16,5,False,False,True,False
121130109005,SANTA ROSA,Block Group 5,903,510,0.2895076400679117,5,8.193578201149066,9.533176655044835,5-10 min,3,0,0,3,20.4,3,0,False,False,False,False
120050015023,BAY,Block Group 3,828,511,0.2894567062818336,64,33.16524427497926,2.379308159090427,0-5 min,3,3,3,3,21.2,26,4,False,False,True,False
120910204001,OKALOOSA,Block Group 1,1076,512,0.2857724957555179,90,29.169798368630406,2.2404385555550967,0-5 min,8,5,5,8,14.2,14,5,False,False,True,False
120910229001,OKALOOSA,Block Group 1,777,513,0.282258064516129,12,20.749686160996816,6.044955250524678,5-10 min,8,0,0,8,14.4,3,0,False,False,False,False
120330014012,ESCAMBIA,Block Group 2,368,514,0.2799151103565365,120,45.79528667277016,0.5727971438465091,0-5 min,5,5,4,6,15.0,27,5,False,False,True,False
120330009002,ESCAMBIA,Block Group 2,873,515,0.2798641765704584,26,26.044770961282445,3.8308715882123527,0-5 min,4,1,1,4,14.1,5,1,False,False,True,False
120330026072,ESCAMBIA,Block Group 2,977,516,0.2791680814940577,88,20.31384896653293,5.047931205799109,5-10 min,8,5,5,8,14.6,15,5,False,False,True,False
121319506072,WALTON,Block Group 2,698,517,0.2785568760611205,6,5.049786688593962,10.839821699764348,10-15 min,6,0,0,6,9.2,1,0,False,False,False,False
120330022004,ESCAMBIA,Block Group 4,1068,518,0.2764685908319185,20,25.09992909270031,3.0285961207223355,0-5 min,5,1,1,5,19.3,8,1,False,False,True,False
120330035051,ESCAMBIA,Block Group 1,1557,519,0.2673514431239389,17,17.495183678846058,2.012172362543976,0-5 min,11,0,0,11,14.9,4,0,False,False,False,False
121130106014,SANTA ROSA,Block Group 4,1245,520,0.2669609507640068,16,20.60132698297429,2.900929395751739,0-5 min,14,0,0,14,10.1,2,0,False,False,False,False
120330009003,ESCAMBIA,Block Group 3,1026,521,0.2666723259762309,14,19.313728059949813,4.618508726697032,0-5 min,9,1,1,9,18.8,5,1,False,False,True,False
120330028032,ESCAMBIA,Block Group 2,1852,522,0.2656536502546689,14,11.440796737084767,1.5756355489348726,0-5 min,10,0,0,10,13.8,3,0,False,False,False,False
120330032042,ESCAMBIA,Block Group 2,1277,523,0.2647198641765704,21,18.626499654966267,3.148607338257732,0-5 min,17,0,0,17,8.3,2,0,False,False,False,False
120050024001,BAY,Block Group 1,1251,524,0.2636502546689304,28,28.30098093221409,0.3146342973893489,0-5 min,6,2,2,6,14.5,7,2,False,False,True,False
121130106013,SANTA ROSA,Block Group 3,690,525,0.2622920203735144,34,36.98856509389112,1.0991936475963195,0-5 min,8,1,1,8,19.8,12,1,False,False,True,False
120330010023,ESCAMBIA,Block Group 3,1114,526,0.2616638370118845,7,13.209690629045468,5.044555325351089,5-10 min,6,0,0,6,15.0,1,0,False,False,False,False
120050011003,BAY,Block Group 3,1412,527,0.2616298811544991,29,23.751782407464287,0.725140586850446,0-5 min,5,1,1,5,14.5,6,1,False,False,True,False
120330012013,ESCAMBIA,Block Group 3,1321,528,0.2605432937181664,37,16.93302622010463,3.0271603675068506,0-5 min,8,1,1,8,14.3,7,1,False,False,True,False
120330011014,ESCAMBIA,Block Group 4,1144,529,0.2574872665534805,11,13.288956273293426,4.707427377370493,0-5 min,7,0,0,7,14.8,3,0,False,False,False,False
120330028011,ESCAMBIA,Block Group 1,786,530,0.2565704584040747,22,26.71498030377361,3.3362380856163933,0-5 min,3,1,1,3,18.8,8,1,False,False,True,False
120050020001,BAY,Block Group 1,368,531,0.2552631578947368,55,34.21383147013101,2.2395539735561347,0-5 min,6,5,5,6,14.1,11,5,False,False,True,False
120050014023,BAY,Block Group 3,1157,532,0.2505942275042445,24,21.694601479210245,2.606665866468875,0-5 min,5,0,0,5,16.2,4,0,False,False,False,False
121130106011,SANTA ROSA,Block Group 1,1610,533,0.2488794567062818,36,17.81152732362506,1.1800087702197273,0-5 min,9,0,0,9,9.8,4,0,False,False,False,False
120050015021,BAY,Block Group 1,1115,534,0.2476740237691002,45,24.12616375231544,2.418849652828061,0-5 min,4,3,3,4,16.9,12,3,False,False,True,False
120910218023,OKALOOSA,Block Group 3,948,535,0.2470797962648556,22,27.162841233192992,2.498839124815356,0-5 min,5,1,1,5,15.4,5,1,False,False,True,False
121130107042,SANTA ROSA,Block Group 2,929,536,0.246723259762309,65,18.935520764692072,4.848358691214853,0-5 min,6,3,3,6,16.1,13,3,False,False,True,False
120330015001,ESCAMBIA,Block Group 1,732,537,0.2411375212224109,29,31.94209009211438,1.9242689904599104,0-5 min,6,2,2,6,13.2,6,2,False,False,True,False
120330014023,ESCAMBIA,Block Group 3,1035,538,0.2410016977928692,13,19.111014412645023,3.793892382419824,0-5 min,10,0,0,10,14.8,3,0,False,False,False,False
120910217002,OKALOOSA,Block Group 2,778,539,0.2408149405772495,53,27.36458403250706,2.851222777402961,0-5 min,10,3,3,10,11.2,7,3,False,False,True,False
120330011012,ESCAMBIA,Block Group 2,1414,540,0.2395585738539898,95,14.69585686668553,2.303038172816892,0-5 min,8,4,4,8,16.5,20,4,False,False,True,False
120910228001,OKALOOSA,Block Group 1,1054,541,0.2394057724957555,10,12.575927160229888,4.917693424137239,0-5 min,10,0,0,10,7.1,1,0,False,False,False,False
120330035112,ESCAMBIA,Block Group 2,1130,542,0.2344142614601018,36,17.110282424222838,3.3690531555824474,0-5 min,9,0,0,9,9.7,4,0,False,False,False,False
120330033083,ESCAMBIA,Block Group 3,1003,543,0.2326315789473684,39,23.5498002795784,2.7849016762652856,0-5 min,11,1,1,11,11.5,5,1,False,False,True,False
120050010001,BAY,Block Group 1,951,544,0.2316977928692699,24,23.439926398631105,3.043248623748043,0-5 min,7,1,1,7,14.6,5,1,False,False,True,False
120050013024,BAY,Block Group 4,1126,545,0.2298981324278438,48,21.767414271533077,2.260081875273888,0-5 min,7,3,3,7,17.5,13,3,False,False,True,False
120050008031,BAY,Block Group 1,1375,546,0.2292020373514431,18,11.82366967294416,2.66112505181426,0-5 min,9,1,1,9,16.0,5,1,False,False,True,False
120330011043,ESCAMBIA,Block Group 3,1247,547,0.218251273344652,13,12.7814876865114,2.980422256809508,0-5 min,10,0,0,10,10.3,2,0,False,False,False,False
120330006001,ESCAMBIA,Block Group 1,837,548,0.2141256366723259,28,27.810913598444177,1.9646929642012976,0-5 min,6,1,1,6,16.9,7,1,False,False,True,False
120330006002,ESCAMBIA,Block Group 2,1117,549,0.2115619694397283,15,20.77288999369889,2.1442144336538584,0-5 min,2,1,1,2,21.2,7,1,False,False,True,False
120050009001,BAY,Block Group 1,1351,550,0.2089473684210526,25,18.24640381627185,1.2690582689828906,0-5 min,5,1,1,5,15.9,6,1,False,False,True,False
120330014011,ESCAMBIA,Block Group 1,600,551,0.2047707979626485,28,31.227973126098554,1.4558484321991736,0-5 min,4,1,1,4,13.7,5,1,False,False,True,False
120330018002,ESCAMBIA,Block Group 2,1126,552,0.204685908319185,24,19.365005337479595,2.141423650402401,0-5 min,16,0,0,16,13.1,4,0,False,False,False,False
120050017002,BAY,Block Group 2,1277,553,0.1980475382003395,32,19.942055863930367,0.5084184433653317,0-5 min,9,0,0,9,12.8,4,0,False,False,False,False
120330033113,ESCAMBIA,Block Group 3,944,554,0.1955178268251273,12,17.407955435634086,3.4398516021094965,0-5 min,10,0,0,10,11.3,2,0,False,False,False,False
121130106012,SANTA ROSA,Block Group 2,1091,555,0.195365025466893,15,18.76724240395864,2.4686504724535783,0-5 min,14,0,0,14,10.9,2,0,False,False,False,False
120330029002,ESCAMBIA,Block Group 2,1148,556,0.1897453310696095,10,12.73286824409927,2.759122012832685,0-5 min,9,0,0,9,13.0,2,0,False,False,False,False
120330032033,ESCAMBIA,Block Group 3,1031,557,0.1882852292020373,56,22.941191893238248,1.5555711476538,0-5 min,13,3,3,13,11.4,7,3,False,False,True,False
120050014032,BAY,Block Group 2,643,558,0.1875382003395586,21,28.69213070495199,1.6326530791558973,0-5 min,14,0,0,14,14.1,4,0,False,False,False,False
120330003002,ESCAMBIA,Block Group 2,1104,559,0.1842784380305603,23,22.324418448899404,0.8308330808850105,0-5 min,4,1,1,4,13.6,5,1,False,False,True,False
120050009002,BAY,Block Group 2,1076,560,0.1838030560271647,28,22.670284196301992,1.076076197480193,0-5 min,7,1,1,7,14.5,6,1,False,False,True,False
121319502012,WALTON,Block Group 2,744,561,0.1812563667232598,40,26.04432874974851,1.8915809390968608,0-5 min,8,0,0,8,9.3,4,0,False,False,False,False
120330029004,ESCAMBIA,Block Group 4,1088,562,0.1740407470288624,17,18.74436979774825,1.9676647061630608,0-5 min,8,1,1,8,15.8,5,1,False,False,True,False
120330008023,ESCAMBIA,Block Group 3,826,563,0.1737351443123939,17,21.552270595096225,2.4922465007170187,0-5 min,3,1,1,3,19.3,7,1,False,False,True,False
120050009003,BAY,Block Group 3,1071,564,0.1728353140916808,29,20.185230814634156,1.556006656751085,0-5 min,6,1,1,6,20.1,10,1,False,False,True,False
120330033111,ESCAMBIA,Block Group 1,1147,565,0.1723599320882852,13,13.44402940312646,2.2056888976150524,0-5 min,10,0,0,10,14.8,3,0,False,False,False,False
120330012014,ESCAMBIA,Block Group 4,663,566,0.1691171477079796,36,18.817320925749467,3.68374082170128,0-5 min,8,1,1,8,16.5,9,1,False,False,True,False
120330015002,ESCAMBIA,Block Group 2,500,567,0.1665874363327674,19,26.643145910487444,1.9514092840384945,0-5 min,4,0,0,4,14.7,4,0,False,False,False,False
120050016003,BAY,Block Group 3,342,568,0.1664346349745331,21,25.439959877548997,2.313685581288212,0-5 min,13,0,0,13,13.5,4,0,False,False,False,False
120330029001,ESCAMBIA,Block Group 1,1107,569,0.1632937181663837,18,16.847118019677435,1.9001371974054329,0-5 min,13,0,0,13,8.5,2,0,False,False,False,False
120050016002,BAY,Block Group 2,1010,570,0.1612733446519524,27,20.390054184681027,1.4864323096424978,0-5 min,8,0,0,8,10.7,4,0,False,False,False,False
120330008021,ESCAMBIA,Block Group 1,674,571,0.1507130730050934,8,18.472465635441274,3.179879455277046,0-5 min,5,0,0,5,12.0,2,0,False,False,False,False
120050020002,BAY,Block Group 2,878,572,0.1496774193548387,51,23.176424395776984,1.120327497292528,0-5 min,6,3,3,6,14.6,10,3,False,False,True,False
120330012011,ESCAMBIA,Block Group 1,745,573,0.1490662139219015,15,14.435944346547355,3.4233253453171058,0-5 min,9,0,0,9,15.3,3,0,False,False,False,False
120330022001,ESCAMBIA,Block Group 1,969,574,0.1441256366723259,6,9.710261966684092,2.9258599288206173,0-5 min,6,0,0,6,9.2,1,0,False,False,False,False
120330009001,ESCAMBIA,Block Group 1,717,575,0.1435653650254669,11,18.714898931039,2.843961713615485,0-5 min,10,0,0,10,12.5,2,0,False,False,False,False
120050016004,BAY,Block Group 4,431,576,0.1345500848896434,17,24.54232179026132,1.6378242963589844,0-5 min,2,1,1,2,20.9,8,1,False,False,True,False
120330008012,ESCAMBIA,Block Group 2,630,577,0.1325636672325976,16,25.016495251556496,1.239349696733571,0-5 min,2,1,1,2,22.0,6,2,False,False,True,False
120330021003,ESCAMBIA,Block Group 3,1000,578,0.130899830220713,19,14.518312941471333,1.9771584988219588,0-5 min,13,0,0,13,14.5,4,0,False,False,False,False
120330022003,ESCAMBIA,Block Group 3,618,579,0.1252631578947368,19,23.70522675297033,1.47394618417171,0-5 min,3,1,1,3,20.4,7,1,False,False,True,False
120330010015,ESCAMBIA,Block Group 5,783,580,0.1148047538200339,9,16.441899806716332,2.199850492721529,0-5 min,8,0,0,8,13.6,2,0,False,False,False,False
120330004001,ESCAMBIA,Block Group 1,782,581,0.1016129032258064,15,18.2921698537724,1.5146102990147592,0-5 min,10,0,0,10,12.6,3,0,False,False,False,False
120050019004,BAY,Block Group 4,847,582,0.099320882852292,13,15.423255659445022,1.5931075295816952,0-5 min,7,0,0,7,13.0,3,0,False,False,False,False
120330005001,ESCAMBIA,Block Group 1,844,583,0.0880814940577249,3,4.493910750932487,2.1057774559088727,0-5 min,3,0,0,3,13.0,1,0,False,False,False,False
120330005002,ESCAMBIA,Block Group 2,636,584,0.0866383701188455,11,18.93603579255057,1.5181100093020343,0-5 min,10,0,0,10,12.5,2,0,False,False,False,False
120330028031,ESCAMBIA,Block Group 1,741,585,0.0801018675721562,6,14.189059761954876,1.8210211220655343,0-5 min,6,0,0,6,9.2,1,0,False,False,False,False
120050019002,BAY,Block Group 2,1005,586,0.0774702886247877,8,9.49281097558805,0.3064297746809384,0-5 min,6,0,0,6,13.0,2,0,False,False,False,False
120330029003,ESCAMBIA,Block Group 3,856,587,0.0663157894736842,10,13.333671119668365,0.6541534080099518,0-5 min,9,0,0,9,13.0,2,0,False,False,False,False
120330001002,ESCAMBIA,Block Group 2,550,588,0.0579286926994906,6,12.832028743744386,1.9509970385731608,0-5 min,5,0,0,5,16.0,2,0,False,False,False,False
120050014041,BAY,Block Group 1,639,589,0.0216808149405772,8,10.463124027256438,0.4456351978860079,0-5 min,7,0,0,7,14.3,2,0,False,False,False,False
