GEOID,n_days_zscore_flag,n_days_burst_flag,n_days_both_flag,n_days_any_flag,max_zscore,max_peak_30min,total_burst_episodes,n_active_days
120050002011,13,100,13,100,18.046773793678483,319,158,174
120050002012,21,127,21,127,12.824023464345526,286,239,213
120050002013,25,207,25,207,16.84692234287522,912,604,259
120050002031,11,52,11,52,31.49614414243912,277,66,136
120050002041,29,139,29,139,11.639096503327691,307,277,216
120050002042,19,122,19,122,14.162219727463357,335,241,184
120050003011,19,84,19,84,22.97680460495449,116,112,169
120050003012,20,89,20,89,23.055503234920966,251,133,172
120050003021,29,142,29,142,11.598594660119119,215,238,215
120050003022,21,138,21,138,13.691358234271673,347,255,216
120050003023,20,158,20,158,18.15064967900723,371,295,224
120050004011,11,21,10,22,22.119557234205455,53,23,92
120050004012,13,37,13,37,23.31446612887758,90,49,114
120050004021,13,48,13,48,21.43965468384434,173,70,132
120050004022,14,45,14,45,22.061872136191088,85,63,140
120050004023,14,24,14,24,21.07857436020091,70,31,106
120050005001,20,129,20,129,17.444207785990777,507,247,189
120050005002,15,139,15,139,17.08663810646813,558,277,203
120050005003,15,79,15,79,23.42097550892626,355,120,154
120050006001,17,71,17,71,14.084263178482278,181,104,153
120050007001,19,118,19,118,16.74109464242045,403,240,186
120050008031,13,3,3,13,22.43420257581778,10,3,29
120050008032,16,18,16,18,19.88195764925128,41,20,66
120050008033,10,5,5,10,27.936392154537458,16,6,33
120050008041,11,12,10,13,18.809737196315435,31,13,52
120050008051,12,2,2,12,22.741140746030577,13,3,27
120050008052,15,4,4,15,18.954726827361455,11,5,29
120050008061,5,4,4,5,31.907973214520332,39,5,26
120050008062,13,20,13,20,16.67063981218024,59,23,79
120050009001,12,2,2,12,22.31893064403397,8,2,29
120050009002,12,2,2,12,17.896235916359352,6,2,24
120050009003,14,3,3,14,24.70346565197094,14,3,29
120050009004,9,12,9,12,28.972658506581958,50,14,58
120050010001,13,2,2,13,23.380096197082636,9,2,26
120050010002,15,8,8,15,25.924706050719525,30,8,48
120050011001,9,8,8,9,24.60491722645772,27,9,49
120050011002,19,3,3,19,26.884887815627284,15,3,37
120050011003,11,2,2,11,16.540021227916398,6,2,32
120050012001,7,9,7,9,21.650343579521067,49,12,58
120050012002,5,11,5,11,28.41092093922664,82,13,49
120050013011,12,5,5,12,19.79128540763274,14,5,51
120050013012,9,24,9,24,31.741426104629067,136,30,82
120050013021,8,8,8,8,28.33155045960348,58,9,65
120050013022,4,6,4,6,32.33905959294457,53,6,51
120050013023,13,8,8,13,22.860430539527464,19,8,42
120050013024,15,4,4,15,23.40386594333148,13,4,41
120050013025,16,7,7,16,22.552374014876744,18,7,47
120050014021,22,23,22,23,18.332964742447068,23,27,73
120050014022,16,19,16,19,22.191612122327744,44,20,68
120050014023,28,0,0,28,19.947645078150746,4,0,28
120050014024,17,4,4,17,20.310454692057863,11,4,42
120050014031,21,7,7,21,17.331152063933946,11,8,58
120050014032,23,0,0,23,16.514560280785354,4,0,23
120050014041,14,1,1,14,25.678300668511195,8,1,14
120050014042,17,23,17,23,15.023698601222142,29,24,93
120050014043,25,2,2,25,15.96614663529414,5,2,25
120050014044,11,3,2,12,23.229564740235425,8,2,24
120050015011,12,15,12,15,24.165239382137344,50,15,83
120050015012,15,1,1,15,15.99453286127165,5,1,43
120050015021,3,5,3,5,34.03996980925629,67,5,43
120050015022,17,6,6,17,16.224038133906244,9,6,31
120050015023,5,5,5,5,23.71965475758283,30,6,33
120050015024,8,5,5,8,25.706212281201395,21,5,32
120050016001,9,9,9,9,25.6027901021577,41,9,45
120050016002,21,0,0,21,14.536191194237858,4,0,21
120050016003,20,0,0,20,19.03751525355935,4,0,20
120050016004,19,1,1,19,28.68597012362829,8,1,19
120050017001,14,2,2,14,17.403407752300506,6,2,36
120050017002,17,2,2,17,15.577969647057039,6,2,36
120050018001,17,2,2,17,18.472182031803964,8,2,47
120050019001,23,1,1,23,23.791251615753506,7,1,23
120050019002,19,0,0,19,14.25028134721525,3,0,19
120050019003,11,5,5,11,24.877620063220206,18,5,37
120050019004,9,2,2,9,23.943134606302795,7,2,15
120050020001,14,8,8,14,18.449029405268245,14,8,45
120050020002,10,6,6,10,16.445723482888827,10,6,39
120050022001,7,3,3,7,26.563713585606738,20,3,30
120050022002,15,11,11,15,16.541861089760665,14,12,41
120050022003,14,5,5,14,17.198176950382233,8,5,37
120050023001,7,6,6,7,24.293625744447162,19,6,21
120050023002,9,11,9,11,17.46076199645052,29,12,45
120050024001,8,3,3,8,18.196620563646807,7,3,20
120050024002,4,3,3,4,33.475098951113004,30,3,31
120050024003,8,13,8,13,28.505926945177507,93,15,60
120050025001,10,12,9,13,21.794332088097267,42,13,69
120050025002,8,8,8,8,32.53919899236868,71,9,51
120050026041,7,2,2,7,28.0053891794609,16,3,26
120050026042,5,5,5,5,28.6678000783579,25,7,44
120050026043,9,2,2,9,28.348824948432302,14,2,21
120050026044,23,0,0,23,16.973460012941437,4,0,23
120050026045,7,3,3,7,30.971878518638697,25,3,26
120050026051,11,8,8,11,18.649717526785068,16,10,39
120050026061,16,4,4,16,20.68232651275154,10,4,32
120050026062,15,1,1,15,20.36656899758574,6,1,15
120050026071,9,44,9,44,16.377140749867095,128,62,115
120050026081,12,27,12,27,20.52651374534616,100,32,77
120050026082,23,6,6,23,13.011884052751679,8,6,41
120050026091,22,16,16,22,13.404819347607045,17,17,50
120050026092,17,15,15,17,20.688813697467115,25,15,60
120050026093,4,7,4,7,32.821499689225,93,10,46
120050027031,13,10,10,13,23.621570026780276,19,13,61
120050027032,16,9,9,16,17.094268707452517,17,9,59
120050027061,12,12,12,12,18.132411154835548,25,13,51
120050027062,11,18,11,18,26.03166523148447,78,19,75
120050027071,8,19,8,19,20.11340689935734,77,25,72
120050027081,8,6,6,8,22.903647132767105,34,7,49
120050027091,4,3,3,4,28.734270855527388,18,3,29
120050027092,7,8,7,8,24.053513383193334,51,10,50
120050027101,11,3,3,11,24.456579346665727,12,4,45
120050027102,12,23,12,23,16.778322867219543,46,30,80
120050027103,11,10,10,11,15.856417667433664,19,12,53
120050027111,10,2,2,10,25.79604186964023,10,2,28
120050027112,7,10,7,10,32.242101595919635,45,11,49
120050027121,7,5,5,7,23.492778241833253,29,7,37
120050027131,7,8,7,8,24.433436887367325,40,13,40
120050027132,7,4,4,7,27.615414280585362,24,5,25
120330001001,5,11,5,11,33.59932056193131,26,21,58
120330001002,5,1,1,5,25.31945379174782,9,1,21
120330003001,7,16,7,16,31.866465329861587,43,29,79
120330003002,6,6,6,6,19.831248212457986,25,6,27
120330004001,9,1,1,9,30.932440470686544,5,1,22
120330004002,8,1,1,8,22.684032101307842,6,1,22
120330004003,8,1,1,8,26.377484890362116,6,1,28
120330005001,5,2,2,5,19.746244252623367,7,2,15
120330005002,9,1,1,9,30.036011365802718,5,1,26
120330006001,9,5,5,9,29.62150082686845,7,6,34
120330006002,10,4,4,10,23.825862495230673,9,4,22
120330008011,6,24,6,24,32.44720322419079,52,39,79
120330008012,7,2,2,7,25.788588454187188,9,4,17
120330008021,2,2,2,2,34.31946948151474,35,2,10
120330008022,7,3,3,7,20.907313410605788,21,3,31
120330008023,8,3,3,8,28.376982878880526,7,3,20
120330009001,6,1,1,6,24.501229766205114,9,1,22
120330009002,11,3,3,11,30.936400805632356,9,4,36
120330009003,24,1,1,24,22.473899578452162,5,1,24
120330010011,10,17,10,17,28.593947424222,21,27,63
120330010012,6,4,4,6,31.66586648156347,7,5,35
120330010013,7,2,2,7,32.164880290755725,10,6,49
120330010014,7,3,3,7,29.020589296905836,9,3,30
120330010015,2,0,0,2,32.25219489806848,4,0,22
120330010021,6,21,6,21,31.02934114601885,46,36,60
120330010022,10,14,10,14,25.486745325846563,62,23,57
120330010023,18,0,0,18,25.138087790768754,2,0,18
120330011011,7,33,7,33,28.46308813708108,202,47,96
120330011012,11,15,9,17,30.632040679088092,23,22,73
120330011013,10,1,1,10,27.05877924506099,5,1,28
120330011014,9,1,1,9,28.561148918993418,6,1,21
120330011031,6,36,6,36,27.66896890199572,290,50,102
120330011041,4,3,3,4,24.513542238516496,40,3,35
120330011042,11,3,3,11,18.824277521465877,8,3,30
120330011043,12,2,2,12,16.758318914223512,7,2,25
120330011044,5,4,4,5,28.758026762786148,31,4,30
120330012011,13,3,3,13,21.938780816746267,8,3,29
120330012012,8,6,6,8,22.71158822394695,21,7,44
120330012013,15,5,5,15,25.510926749500076,7,5,47
120330012014,6,7,6,7,30.259261979348967,47,9,44
120330012021,7,10,7,10,29.401859805139043,63,14,49
120330012022,10,7,7,10,23.345309577595984,29,7,50
120330013001,4,2,2,4,31.525087951475697,11,2,33
120330013002,6,4,4,6,29.294287742335197,10,7,38
120330013003,9,5,5,9,31.708904901482878,13,7,27
120330014011,11,2,2,11,22.488804389822477,7,2,35
120330014012,9,9,8,10,20.18789111100776,44,11,57
120330014013,6,5,5,6,26.62848930365182,26,5,30
120330014021,18,25,18,25,21.10636665069408,26,31,87
120330014022,11,9,9,11,21.088269160036727,31,11,54
120330014023,3,2,2,3,33.51132001857863,29,3,30
120330014024,3,4,3,4,27.41502802350137,47,7,54
120330015001,8,4,4,8,30.925946838958666,8,5,27
120330015002,5,1,1,5,33.70561603884735,10,3,26
120330016001,11,14,11,14,26.13896202310326,17,15,67
120330017001,9,16,9,16,30.74463756242757,85,20,61
120330017002,8,11,8,11,26.625790224268943,42,11,51
120330018001,7,5,5,7,25.205723449498127,8,6,31
120330018002,8,5,5,8,22.977567097382106,8,5,37
120330019001,6,6,6,6,26.048703796336824,40,8,45
120330020001,10,4,4,10,17.911401236971713,16,4,35
120330020002,12,3,3,12,29.652016458515018,8,3,43
120330021001,8,7,7,8,29.373106051403127,19,11,46
120330021002,7,4,4,7,23.48236312198483,13,4,42
120330021003,9,1,1,9,32.20202357739182,7,2,28
120330022001,2,0,0,2,33.14781416248578,4,0,12
120330022002,6,4,4,6,32.128716628405314,8,6,33
120330022003,7,1,1,7,27.123555744841422,7,1,18
120330022004,9,2,2,9,30.422112544671872,8,2,19
120330023001,8,48,8,48,32.36024860567008,110,89,123
120330023002,4,6,4,6,27.732580323753268,62,11,42
120330023003,7,4,4,7,24.32560010889066,27,6,43
120330024001,9,41,9,41,21.65856370961727,194,64,114
120330025001,7,57,7,57,30.947367168365684,192,107,127
120330025002,5,45,5,45,33.17120111216081,153,78,121
120330026011,8,50,8,50,24.841781883011375,88,78,126
120330026021,13,45,13,45,24.634000878200904,66,68,113
120330026022,8,7,7,8,28.937341113814607,29,10,53
120330026041,17,52,17,52,25.275214874565005,91,81,123
120330026042,13,31,13,31,16.811222443044013,69,53,88
120330026051,6,4,4,6,25.769540113279984,24,4,35
120330026052,11,32,11,32,20.076152462707867,117,49,105
120330026061,14,16,14,16,19.903733169701766,46,22,61
120330026062,12,10,10,12,20.86555915635661,33,12,58
120330026071,11,31,11,31,24.321015021375683,143,41,83
120330026072,13,8,8,13,23.56958797494035,17,8,54
120330027011,7,32,7,32,26.231374710345666,78,41,96
120330027031,6,5,5,6,26.941989902297333,20,7,44
120330027032,6,1,1,6,25.572360209789355,14,2,21
120330027041,14,33,14,33,23.865890999948522,51,42,92
120330027042,7,19,7,19,19.30226857103279,65,25,80
120330028011,6,1,1,6,29.982921052889896,8,1,32
120330028012,5,2,2,5,31.915575117738477,7,6,46
120330028021,8,8,8,8,30.425502957923257,13,11,49
120330028022,7,3,3,7,26.995116573548717,17,5,36
120330028023,5,1,1,5,24.43121042239814,9,1,20
120330028031,12,0,0,12,16.612603117666914,2,0,12
120330028032,9,3,3,9,29.276762958864513,9,4,28
120330028041,7,8,7,8,28.671995802970358,33,12,56
120330029001,13,2,2,13,30.96159175912076,8,2,25
120330029002,4,1,1,4,32.90587563475012,5,1,26
120330029003,4,0,0,4,30.718347161354515,3,0,26
120330029004,11,2,2,11,22.941486906009935,5,2,25
120330030011,10,2,2,10,22.95485870386042,11,2,39
120330030012,4,4,4,4,29.664042829927038,36,4,31
120330030021,4,6,4,6,27.907631189334342,66,10,54
120330030022,9,0,0,9,26.810437231143943,4,0,32
120330031001,11,8,7,12,26.868659969585313,12,10,49
120330031002,9,1,1,9,22.961467864204156,5,1,34
120330031003,8,1,1,8,29.69734994539088,6,2,41
120330032011,9,5,5,9,17.840760112647583,12,5,45
120330032012,12,11,10,13,20.74185847716774,36,15,84
120330032013,7,7,7,7,26.03953201386619,34,9,60
120330032031,10,8,8,10,27.431603718313113,43,8,61
120330032032,10,9,9,10,25.746065872994198,41,10,53
120330032033,6,7,6,7,30.65387959708902,57,8,46
120330032034,16,4,4,16,12.398940827507078,5,4,44
120330032041,12,7,7,12,16.35877782381105,13,7,40
120330032042,10,2,2,10,21.980259553460087,9,2,31
120330033011,7,13,6,14,27.552309329306837,64,15,72
120330033012,12,24,12,24,18.019133720870066,77,35,79
120330033013,11,12,10,13,19.237347461508058,29,15,67
120330033051,6,59,6,59,32.26471606127543,57,85,146
120330033071,3,6,3,6,25.426135955784762,60,11,55
120330033081,9,10,8,11,26.242317867638004,32,14,49
120330033082,17,20,17,20,21.828249793863474,26,26,92
120330033083,5,5,4,6,33.32845149692375,27,8,49
120330033101,11,2,2,11,27.49553776578644,5,2,39
120330033102,13,5,5,13,26.92769937982346,11,6,56
120330033111,9,1,1,9,22.297103284099734,8,1,24
120330033112,17,0,0,17,13.814217098415408,2,0,17
120330033113,6,0,0,6,29.84581028443738,4,0,21
120330033121,14,3,3,14,28.656234386902057,13,4,47
120330033122,4,4,4,4,28.877969979776367,23,6,44
120330033131,3,5,3,5,33.416834274131006,21,12,65
120330033132,2,2,1,3,34.37360954571144,84,2,30
120330033133,2,6,2,6,33.36120738184125,143,7,50
120330034001,7,12,7,12,26.45835476525156,33,18,72
120330034002,15,9,9,15,19.409491045652555,20,9,64
120330034003,13,5,5,13,24.823858643829013,9,6,51
120330034004,14,9,9,14,23.22304692231507,13,10,56
120330035051,9,0,0,9,20.74856818430402,4,0,26
120330035052,9,4,4,9,26.66701173764225,10,5,46
120330035061,17,2,2,17,19.645314551887445,11,2,33
120330035062,11,7,7,11,16.83868572273413,12,7,49
120330035071,13,4,4,13,23.528433612897185,11,5,48
120330035072,8,7,7,8,25.848810587566014,34,10,45
120330035073,11,11,11,11,29.48808709403836,13,15,56
120330035091,14,8,8,14,24.547627945862427,17,9,56
120330035092,17,17,16,18,22.67904239113275,22,19,84
120330035101,9,3,3,9,25.993484604859315,7,4,41
120330035102,12,3,3,12,24.24007877597079,8,3,36
120330035111,11,12,10,13,22.039601312291882,32,16,61
120330035112,10,3,3,10,30.283787862267268,12,5,47
120330035121,16,47,16,47,23.04425302930246,113,63,117
120330035122,12,2,2,12,20.2975456197268,9,2,23
120330035123,6,5,5,6,30.746044007659812,45,6,47
120330036031,16,42,16,42,18.200656401961407,69,57,114
120330036032,16,99,16,99,28.238649835967937,236,180,173
120330036033,15,53,15,53,19.65224589199158,122,84,130
120330036034,6,49,6,49,26.706757168166153,182,70,120
120330036071,11,14,11,14,24.16738536676589,50,20,92
120330036081,21,2,2,21,23.889186422475813,7,3,42
120330036082,4,5,4,5,31.959872527724166,17,10,54
120330036083,12,38,12,38,22.851796107307784,65,50,100
120330036084,13,26,13,26,18.381231313341637,64,35,105
120330036091,9,8,8,9,21.367729698476385,24,9,59
120330036092,16,12,11,17,18.23811416481466,19,13,63
120330036101,13,22,13,22,20.07218171772929,53,28,84
120330036102,15,10,10,15,15.819569396892536,16,11,63
120330036103,13,10,10,13,24.046208672868808,24,12,63
120330036111,19,13,13,19,23.279104070799285,13,14,63
120330036112,5,17,5,17,31.93395099332943,95,22,83
120330036113,13,6,6,13,23.978165537120372,17,6,67
120330036121,9,43,9,43,22.54386837048205,131,59,110
120330036122,12,26,12,26,27.387729201230368,59,38,105
120330036123,15,17,14,18,21.13756796644435,32,20,75
120330036131,21,79,21,79,15.096783720591791,146,116,158
120330036132,18,75,18,75,20.201408759278195,203,113,160
120330036133,10,23,10,23,24.27200097952233,79,29,84
120330036141,13,42,13,42,20.577443180826755,69,58,108
120330036142,19,51,19,51,19.725764172121416,65,63,125
120330036143,17,74,17,74,19.078791717825112,226,103,152
120330036144,8,46,8,46,25.6070725573402,184,59,111
120330037001,11,29,11,29,20.533171370673806,60,39,103
120330037002,10,23,10,23,27.263789848772397,41,30,86
120330037003,7,12,7,12,25.578538622277033,33,17,62
120330038001,21,199,21,199,17.39004050870911,635,552,261
120330038002,24,125,24,125,17.338516953626726,431,231,197
120330038003,17,90,17,90,23.32950629040761,317,130,165
120330039001,31,162,31,162,9.730504198442247,243,337,223
120330039002,18,105,18,105,17.21264576709292,257,183,172
120330039003,30,127,30,127,14.925356808245752,247,257,195
120330039004,19,84,19,84,16.50338054132261,251,130,163
120330040001,17,88,17,88,19.346048606890797,284,140,151
120330040002,13,33,13,33,22.927447185091946,59,42,98
120330040003,14,74,14,74,19.013845706164958,180,110,130
120330040004,12,20,12,20,21.081693780574533,49,24,76
120910201011,25,117,25,117,11.50423335807494,326,228,189
120910201012,18,97,18,97,19.523495971715814,319,170,168
120910201021,21,175,21,175,19.84709533783057,788,413,226
120910201022,19,127,19,127,18.006910746164166,345,240,201
120910201023,21,139,21,139,15.425551880016195,380,275,204
120910202001,26,156,26,156,10.893117791932342,428,354,223
120910203031,14,34,14,34,20.46624785819896,56,41,100
120910203032,18,42,18,42,19.733678490568337,60,54,123
120910203041,15,33,15,33,17.168522899254945,47,43,102
120910203042,14,62,14,62,24.02224863044559,162,93,134
120910203051,16,108,16,108,16.38005075265276,282,171,174
120910203052,15,112,15,112,19.590150813156548,484,185,190
120910203061,15,99,15,99,18.82507423392236,386,153,173
120910203062,13,69,13,69,21.746362161378098,159,94,154
120910204001,14,13,13,14,23.051629270722636,15,15,65
120910204002,9,9,9,9,22.65879733826287,38,11,59
120910204003,12,17,12,17,16.321260214614412,27,20,91
120910204004,16,37,16,37,17.852957837996435,40,47,114
120910205001,9,23,9,23,22.53130439370159,60,28,75
120910205002,13,13,12,14,22.89294361829905,25,13,52
120910205003,9,4,4,9,26.362600453036983,21,4,28
120910205004,10,3,3,10,32.35084426269112,38,3,42
120910205005,17,33,17,33,17.20566359301228,67,46,101
120910205006,22,19,19,22,17.61631667737988,18,20,75
120910206011,17,5,5,17,16.2668656068204,13,5,43
120910206012,17,55,17,55,16.664720017972822,196,79,132
120910206013,16,64,16,64,22.05481700658615,184,87,128
120910206021,10,2,2,10,30.695880668225445,23,2,27
120910206022,14,23,14,23,18.836767156127824,29,30,80
120910207011,11,9,9,11,14.258599657705272,14,9,54
120910207012,15,22,14,23,15.606305315255915,27,31,98
120910207021,14,17,14,17,17.534761634703738,23,21,59
120910207022,9,19,9,19,26.649854217539822,97,23,75
120910207023,9,27,9,27,23.077975139035797,154,37,94
120910208001,24,270,24,270,12.947127192910349,1413,1048,315
120910208002,19,15,14,20,13.49354229044623,20,17,52
120910208003,12,39,12,39,16.39823775541914,113,64,111
120910208004,12,16,12,16,22.865674380689335,45,21,56
120910209001,21,7,7,21,16.846689965460865,14,7,58
120910209002,20,28,19,29,19.85126965071564,42,34,93
120910209003,11,7,7,11,26.232273677776057,25,7,47
120910209004,20,19,18,21,14.830635003003048,18,19,80
120910210011,10,9,9,10,30.560772413835817,50,11,57
120910210012,20,6,6,20,13.761917045247928,7,6,40
120910210013,21,3,3,21,18.866907464847397,12,3,43
120910210021,23,5,5,23,20.754477295041546,10,5,41
120910210022,14,1,1,14,19.46991871450781,5,1,14
120910210023,18,12,11,19,14.272228845453084,9,11,49
120910211011,16,9,9,16,17.989120403345286,19,9,61
120910211012,11,7,7,11,17.805102124733153,12,7,38
120910211013,9,8,8,9,22.295545962647946,29,9,36
120910211021,12,11,10,13,26.89905508380124,41,12,54
120910211022,7,6,6,7,31.842497559881263,58,6,38
120910211023,8,4,4,8,25.288237837986333,29,5,28
120910211024,14,20,14,20,25.260180364603798,40,21,72
120910212001,14,7,7,14,24.867707744057476,21,8,62
120910212002,13,63,13,63,22.203395246828265,116,85,148
120910212003,3,4,3,4,34.42540919629537,83,6,34
120910212004,3,4,3,4,34.23959728731007,69,5,40
120910212005,14,13,13,14,26.924601507070022,27,14,52
120910214001,16,22,16,22,17.062453363684575,39,25,85
120910215011,10,9,9,10,20.558286815717818,21,10,43
120910215012,11,8,8,11,19.26269637898087,11,9,40
120910215013,19,0,0,19,14.250281347215255,3,0,19
120910215021,15,11,11,15,22.677214577766467,27,12,50
120910215022,25,1,1,25,25.91713912701863,7,1,25
120910216001,17,12,12,17,14.942009696602693,11,12,47
120910216002,12,2,2,12,16.84429221881685,7,2,29
120910217001,5,7,5,7,31.873620109898468,52,8,56
120910217002,16,6,6,16,17.80388328496602,11,6,48
120910218011,21,4,4,21,19.629582987710073,11,4,44
120910218012,12,2,2,12,25.376519953230417,8,2,26
120910218021,10,5,5,10,16.164977753833284,10,5,34
120910218022,10,3,3,10,21.00899806621593,12,3,25
120910218023,10,3,3,10,21.52356513346298,9,3,26
120910218024,12,3,3,12,25.24326207014598,15,3,25
120910219011,13,4,4,13,22.044285125860416,12,4,31
120910219021,12,2,2,12,24.57669320221124,9,3,27
120910219022,14,1,1,14,18.458017722812432,6,1,31
120910219023,24,0,0,24,14.946409891228953,4,0,24
120910219024,17,4,4,17,16.861460052870083,9,4,31
120910220011,17,0,0,17,14.852537817638126,4,0,17
120910220012,6,1,1,6,32.160194255445596,11,1,16
120910220013,7,1,1,7,28.79136591089207,13,1,19
120910220021,15,8,8,15,18.82886207778178,16,8,40
120910220022,10,3,3,10,20.476757463152282,8,2,30
120910221001,16,3,3,16,28.034138360358813,13,3,37
120910221002,8,2,2,8,28.14943042100625,12,2,27
120910223001,9,7,7,9,30.528152084290436,23,9,41
120910223002,11,5,5,11,25.629508347609757,17,5,30
120910224001,18,11,11,18,19.813391663271528,11,12,44
120910224002,13,2,2,13,23.936257191593523,9,2,29
120910224003,19,0,0,19,20.571077509602738,3,0,19
120910224004,5,1,1,5,33.009781450239906,14,1,17
120910225001,10,5,5,10,18.90113072416521,15,5,31
120910225002,13,2,2,13,29.804263222253986,10,3,27
120910225003,6,3,3,6,31.137799681418443,22,5,34
120910226001,6,3,3,6,23.69469871180164,11,4,26
120910226002,17,1,1,17,17.368886649572705,5,1,17
120910226003,16,0,0,16,20.368581662220805,3,0,16
120910227001,1,2,1,2,35.22306802055681,99,5,31
120910227002,7,1,1,7,32.71826939764777,10,3,20
120910227003,12,1,1,12,24.00652397547515,5,1,27
120910228001,17,0,0,17,25.219704921407455,4,0,17
120910228002,6,1,1,6,30.50065026636044,5,2,15
120910229001,7,1,1,7,31.217534357456305,7,1,13
120910229002,10,4,4,10,29.32524188509323,31,4,33
120910229003,8,9,8,9,27.214533026716293,51,10,42
120910231001,16,9,9,16,15.961625324092054,13,9,38
120910231002,13,12,12,13,27.52632908222863,37,14,42
120910231003,10,2,2,10,18.732412501189913,8,2,24
120910231004,11,17,11,17,29.899435588665074,96,22,48
120910232001,14,28,14,28,24.145991467901787,114,45,93
120910232002,14,42,14,42,14.588130590168928,62,64,101
120910233031,11,11,11,11,19.299516480982597,28,12,53
120910233032,10,4,4,10,21.299456636253637,15,5,39
120910233041,13,10,10,13,21.272932744292333,24,11,53
120910233042,17,0,0,17,16.31876174958796,3,0,17
120910233051,12,11,10,13,25.660782193102502,40,13,52
120910233052,25,1,1,25,19.939782985807486,6,1,25
120910233061,27,2,2,27,15.711611364403032,5,2,27
120910233062,12,5,5,12,19.16508149053133,9,5,35
120910233071,16,1,1,16,25.21684474815597,7,1,16
120910233072,15,0,0,15,19.65504994099653,3,0,15
120910233081,10,2,2,10,27.522776622266377,13,2,30
120910233082,15,12,12,15,14.476063411543997,16,14,51
121130101001,18,200,18,200,17.964659656927736,751,535,257
121130101002,21,168,21,168,14.199493020504441,395,369,242
121130101003,13,96,13,96,19.63506868217572,347,163,173
121130101004,20,157,20,157,15.069727133408245,547,347,224
121130102001,13,101,13,101,25.377645342072874,287,172,173
121130102002,15,94,15,94,22.560568309124378,497,156,170
121130102003,20,153,20,153,16.311521929727963,396,313,209
121130102004,11,130,11,130,24.360607669463413,496,251,196
121130103011,14,20,13,21,16.908179397789382,33,23,87
121130103012,18,16,16,18,23.414527783665974,34,16,70
121130103021,23,104,23,104,13.754046727234295,277,175,180
121130103031,17,123,17,123,14.120852529582193,363,233,197
121130103032,18,63,18,63,14.478326590462514,71,85,133
121130104001,19,153,19,153,21.984205930824984,627,295,209
121130104002,20,116,20,116,14.508060513211563,320,181,198
121130105031,16,7,7,16,16.16832960360385,9,7,49
121130105032,11,27,11,27,18.235017738816214,53,31,87
121130105033,11,29,11,29,30.30138508364256,97,31,97
121130105041,16,34,16,34,25.218740440739538,95,45,107
121130105042,9,4,4,9,29.64320099354776,31,4,49
121130105043,15,22,14,23,15.92662974839578,38,26,83
121130105051,18,64,18,64,20.335889438218537,188,84,140
121130105061,22,90,22,90,19.274396577671677,154,125,156
121130105062,25,32,25,32,14.224714192976627,43,37,100
121130106011,15,6,6,15,21.880210284899768,17,6,47
121130106012,29,0,0,29,14.275330201296297,3,0,29
121130106013,12,3,3,12,26.0394297263349,12,3,26
121130106014,28,0,0,28,15.490905388249917,4,0,28
121130106021,18,22,18,22,17.857293818808035,24,26,76
121130107041,16,8,8,16,21.688326029770067,18,9,53
121130107042,12,12,11,13,25.443925874589667,45,12,58
121130107043,20,21,18,23,13.291948929073005,23,22,86
121130107044,7,7,6,8,30.6363258493148,60,8,59
121130107051,12,15,12,15,17.68616854754319,33,18,81
121130107052,17,5,5,17,13.98432649158757,7,5,50
121130107053,12,33,12,33,28.804878170828857,80,42,107
121130107071,22,73,22,73,18.409552714310056,164,119,160
121130107072,17,30,17,30,18.848126952690013,52,33,76
121130107081,12,16,12,16,24.14704754796504,34,19,75
121130107082,14,4,4,14,16.944122615294166,8,4,51
121130107083,13,4,4,13,18.67275387751683,13,5,59
121130107084,21,11,11,21,17.87643739538201,18,12,71
121130107091,14,24,14,24,22.06227189753876,73,28,75
121130107092,12,41,12,41,17.92089797570097,168,61,123
121130107093,15,24,15,24,18.73194842613981,68,32,102
121130107101,15,119,15,119,22.557991235500293,564,250,191
121130107111,12,7,7,12,21.592664210929808,15,7,39
121130107112,12,9,9,12,29.749055101772687,46,9,53
121130107113,17,57,17,57,19.41739143611208,146,90,134
121130107121,14,10,10,14,17.686182280408634,20,11,55
121130107122,11,21,11,21,23.59430168863869,60,28,71
121130108021,28,194,28,194,16.58779412058685,591,510,251
121130108022,14,17,14,17,21.147530083923396,38,18,61
121130108081,16,123,16,123,24.305293394072358,288,216,203
121130108082,19,68,19,68,14.538420849500175,131,95,141
121130108083,21,136,21,136,14.522540389694743,181,232,198
121130108084,24,19,19,24,12.300277919421367,14,19,91
121130108085,18,38,18,38,15.38194492415513,65,51,119
121130108091,6,34,6,34,31.418194771435175,143,40,89
121130108092,13,64,13,64,20.185513594498083,174,86,132
121130108093,14,33,14,33,24.212261435295517,110,40,104
121130108094,16,66,16,66,19.22900240248224,192,96,141
121130108121,7,12,7,12,31.5466809331154,23,19,47
121130108122,3,17,3,17,33.994074215255466,34,31,66
121130108131,7,14,7,14,29.315525890313246,30,28,56
121130108132,4,12,4,12,33.84796213068827,25,22,61
121130108133,3,1,1,3,33.77353669030436,8,3,25
121130108141,8,30,8,30,21.956978280132276,78,44,76
121130108142,7,24,7,24,31.808338117685157,42,39,74
121130108143,2,3,2,3,28.58400717049981,15,9,41
121130108144,11,14,10,15,25.271518567300312,38,18,54
121130108201,19,48,19,48,15.21440618331692,103,76,116
121130108202,14,13,13,14,15.13287092953306,23,16,49
121130108211,19,14,14,19,19.818834949844756,16,15,57
121130108212,13,10,10,13,23.587956087190435,18,11,50
121130108221,14,14,13,15,19.880976760325417,36,18,57
121130108222,14,7,7,14,16.47406416390223,11,8,43
121130108231,12,37,12,37,20.028184349827182,174,66,103
121130108232,10,17,10,17,23.312759441475,35,24,54
121130108241,7,26,7,26,28.055588378398724,144,42,92
121130108242,17,21,17,21,16.15159749165369,35,29,68
121130108251,11,14,9,16,18.93844347800505,37,16,59
121130108252,12,28,12,28,26.24682260711459,72,38,89
121130108261,12,14,11,15,25.321853101996584,32,17,49
121130108262,11,5,5,11,20.28233257913083,20,7,45
121130108271,14,35,14,35,24.229200567632617,82,52,97
121130108272,8,13,8,13,22.398847813277683,58,18,56
121130108273,14,9,9,14,17.113705334704534,10,11,49
121130108281,8,6,6,8,20.494473257015457,14,6,33
121130108282,8,18,8,18,28.008733265983714,66,26,82
121130109001,4,44,4,44,34.00205323102811,164,78,105
121130109002,1,2,1,2,34.68202081414194,14,7,28
121130109003,3,37,3,37,34.24495818531218,146,63,96
121130109004,3,3,3,3,33.201865521979066,8,4,16
121130109005,2,1,1,2,34.61389539349961,6,3,10
121130109006,3,3,3,3,34.62279989478096,9,8,20
121319501021,22,92,22,92,13.158426803988442,203,139,167
121319501022,21,112,21,112,20.211955860988752,421,204,182
121319501023,17,144,17,144,18.764573843321113,620,261,197
121319501024,20,141,20,141,14.59994982554603,335,251,201
121319501031,11,64,11,64,29.324346201998615,341,93,137
121319501032,19,69,19,69,13.961458359899403,127,94,139
121319501033,21,103,21,103,13.964070374197712,195,175,170
121319501041,25,113,25,113,17.807167571922694,308,188,172
121319501042,23,103,23,103,15.854377313754732,217,160,178
121319501043,23,128,23,128,14.462804663073527,274,250,203
121319501044,15,57,15,57,17.779014771188248,208,71,124
121319502011,12,67,12,67,18.854605415634385,154,85,136
121319502012,12,3,3,12,25.76887250543398,17,4,55
121319502021,25,104,25,104,14.402676730764842,227,164,176
121319502022,5,3,3,5,31.54989329435692,27,3,36
121319503031,8,33,8,33,31.428053433976295,181,37,95
121319503032,16,46,16,46,24.718532378666012,177,57,117
121319503041,13,33,13,33,16.74935818832021,61,35,94
121319503042,16,43,16,43,18.06332609067902,86,51,113
121319503043,14,17,14,17,16.70360148081856,31,18,72
121319503051,14,46,14,46,22.748505049009758,97,54,117
121319503052,16,89,16,89,18.878618196206183,154,138,162
121319503053,28,230,28,230,15.029446031404458,1207,782,293
121319503061,16,70,16,70,15.940153526988086,211,100,149
121319503062,19,107,19,107,22.72999380958861,221,168,181
121319504001,10,126,10,126,28.612059567040333,571,224,193
121319504002,23,129,23,129,13.255910804150394,305,233,200
121319504003,22,143,22,143,11.335701502393702,467,291,205
121319505011,19,99,19,99,17.871694305167942,262,171,173
121319505012,23,173,23,173,14.455726726215424,454,394,239
121319505013,28,167,28,167,16.821464816394652,493,407,232
121319505021,16,61,16,61,13.965991231982118,105,89,139
121319505022,24,87,24,87,12.680616203045961,211,137,157
121319505023,20,86,20,86,21.32309966518376,313,148,163
121319506041,7,13,7,13,27.007349358031934,53,21,53
121319506042,10,9,9,10,20.51642003394853,13,12,39
121319506043,7,33,7,33,24.1749210265925,125,41,74
121319506044,15,14,14,15,24.699734789139583,33,16,54
121319506051,13,21,13,21,16.29877138535983,42,29,61
121319506052,17,62,17,62,19.78927320743878,234,93,123
121319506053,13,49,13,49,20.807169944568063,145,79,113
121319506061,10,26,10,26,23.840018707299922,73,37,70
121319506062,15,43,15,43,16.931126911122757,108,70,105
121319506071,19,35,19,35,21.705227946200853,53,51,91
121319506072,7,1,1,7,19.89501632917744,5,1,17
121319506073,16,11,11,16,17.99934107865279,15,14,44
121319506081,15,49,15,49,23.14867851981697,175,72,120
121319506082,24,0,0,24,18.545226550242425,4,0,24
121319506091,15,25,15,25,15.175665624952886,48,36,87
121319506092,10,8,8,10,22.55670368097525,27,10,41
121319506101,13,43,13,43,22.61525661276029,236,83,121
121319506102,19,44,19,44,13.761547860669177,119,72,118
121319506111,19,24,19,24,17.793312028494082,51,36,81
