GEOID,COUNTY_NAME,P1_001N,ALAND,flash_orig,flash_buffered,coast_dist_km,flash_delta,pct_change,is_coastal
121130109001,SANTA ROSA,1224,6697791,569,569,5.200967542904205,0,0.0,False
121130109004,SANTA ROSA,811,633745,14,14,3.7307324287570025,0,0.0,True
121130109006,SANTA ROSA,989,1048915,22,22,3.673496928781852,0,0.0,True
121130109002,SANTA ROSA,1092,1066359,24,24,4.576781299232503,0,0.0,True
120330035123,ESCAMBIA,1298,1804984,56,56,21.10195696093128,0,0.0,False
120330035112,ESCAMBIA,1130,2103998,36,36,23.70640425464747,0,0.0,False
120330018002,ESCAMBIA,1126,1239349,24,24,12.62620468043842,0,0.0,False
120330030022,ESCAMBIA,1761,1093515,18,18,12.943839014165125,0,0.0,False
120330006002,ESCAMBIA,1117,722095,15,15,12.10864277070186,0,0.0,False
120330033112,ESCAMBIA,1400,353359,7,7,15.067934114890884,0,0.0,False
120330035111,ESCAMBIA,1432,3281190,85,85,22.12554317360523,0,0.0,False
120330035122,ESCAMBIA,1326,916468,26,26,20.820771910231777,0,0.0,False
120330008023,ESCAMBIA,826,788780,17,17,12.108288029803427,0,0.0,False
120330035091,ESCAMBIA,2194,2540865,72,72,22.630758219873044,0,0.0,False
120330033012,ESCAMBIA,1289,5787960,233,233,22.1036594352065,0,0.0,False
120330026061,ESCAMBIA,1341,5601257,155,155,2.039558820658742,0,0.0,True
120330026072,ESCAMBIA,977,4332020,88,88,4.325216828858729,0,0.0,True
120330008022,ESCAMBIA,1490,1241389,40,40,13.016620867714142,0,0.0,False
120330032034,ESCAMBIA,721,1367610,39,39,20.92157517988053,0,0.0,False
120330008011,ESCAMBIA,1395,2378841,171,171,8.940672164834494,0,0.0,False
120330026062,ESCAMBIA,1882,2273823,129,129,1.6845428842473305,0,0.0,True
120330036113,ESCAMBIA,1473,2397892,60,60,24.074748288699936,0,0.0,False
120330034004,ESCAMBIA,1285,2627347,53,53,22.516057571772585,0,0.0,False
120330030012,ESCAMBIA,2266,1264779,22,22,13.713629779672418,0,0.0,False
120330008012,ESCAMBIA,630,639578,16,16,11.10567178417403,0,0.0,False
120330008021,ESCAMBIA,674,433077,8,8,11.922502039919106,0,0.0,False
120330036103,ESCAMBIA,2198,3183423,89,89,25.73561993885168,0,0.0,False
120330033132,ESCAMBIA,1002,777448,25,25,13.662953040150974,0,0.0,False
120330035101,ESCAMBIA,1533,1423204,28,28,20.78014060663551,0,0.0,False
120330030011,ESCAMBIA,1450,956747,24,24,13.582406313482076,0,0.0,False
120330033082,ESCAMBIA,1631,5337984,183,183,17.96750386412366,0,0.0,False
120330035121,ESCAMBIA,1255,1960291,413,413,21.9308621910604,0,0.0,False
120330038003,ESCAMBIA,1681,34710868,1878,1878,42.48979635821566,0,0.0,False
120330035092,ESCAMBIA,3100,3673025,140,140,22.35162312273119,0,0.0,False
120330033131,ESCAMBIA,2442,2102863,62,62,14.555448656442948,0,0.0,False
120330033122,ESCAMBIA,1713,1562446,35,35,12.992486699092636,0,0.0,False
120330033083,ESCAMBIA,1003,1656065,39,39,15.781979867515266,0,0.0,False
120330033133,ESCAMBIA,669,1503269,50,50,14.808554542703344,0,0.0,False
120330035102,ESCAMBIA,1345,1149887,22,22,20.849783029250855,0,0.0,False
120330032013,ESCAMBIA,1637,2504550,64,64,17.189372390189355,0,0.0,False
120330033101,ESCAMBIA,2658,1411678,37,37,15.717338873641117,0,0.0,False
120330033111,ESCAMBIA,1147,966972,13,13,14.827999622510596,0,0.0,False
120330033113,ESCAMBIA,944,689340,12,12,14.642275219728376,0,0.0,False
120330030021,ESCAMBIA,1995,2699141,67,67,12.59921016038167,0,0.0,False
120330033102,ESCAMBIA,2302,2555843,49,49,16.447591762596552,0,0.0,False
120330036123,ESCAMBIA,1545,4639498,165,165,27.281722145563077,0,0.0,False
120330026071,ESCAMBIA,4123,13986641,436,436,3.4717796022870484,0,0.0,True
120330033121,ESCAMBIA,1526,1703629,36,36,11.834041788254735,0,0.0,False
120330033013,ESCAMBIA,2074,3304558,99,99,18.93241017276401,0,0.0,False
120330036034,ESCAMBIA,3097,14783678,584,584,25.812540542884264,0,0.0,False
120330005001,ESCAMBIA,844,667570,3,3,11.6129126765847,0,0.0,False
120910228001,OKALOOSA,1054,795170,10,10,2.800773152183892,0,0.0,True
120910229001,OKALOOSA,777,578322,12,12,2.3477254353875896,0,0.0,True
120910229002,OKALOOSA,1438,1383394,75,75,1.466182977371582,0,0.0,True
120910229003,OKALOOSA,1860,3352261,135,135,2.348662090017456,0,0.0,True
120330035051,ESCAMBIA,1557,971696,17,17,20.04340577067841,0,0.0,False
120910225002,OKALOOSA,1716,1267261,39,39,3.042570533552955,0,0.0,True
120330035071,ESCAMBIA,2620,1653164,41,41,22.6080190185278,0,0.0,False
120330035072,ESCAMBIA,1631,1791040,64,64,22.48479746478184,0,0.0,False
120910204001,OKALOOSA,1076,3085383,90,90,43.51197548900478,0,0.0,False
120330035073,ESCAMBIA,2168,2155928,72,72,22.08793772831348,0,0.0,False
120910225003,OKALOOSA,1518,1595447,36,36,2.5346920690771766,0,0.0,True
120910226002,OKALOOSA,1239,705243,10,10,1.4662481243345926,0,0.0,True
120910226003,OKALOOSA,1421,805230,12,12,1.4600443642277867,0,0.0,True
120910233061,OKALOOSA,1282,1154419,29,29,2.5649847752192185,0,0.0,True
120330040002,ESCAMBIA,498,10326524,496,496,70.22245663639445,0,0.0,False
120330021002,ESCAMBIA,1812,1309778,43,43,11.210182580046803,0,0.0,False
120330019001,ESCAMBIA,2204,1734728,57,57,12.06458352792382,0,0.0,False
120330022002,ESCAMBIA,1005,933447,37,37,9.07019333182444,0,0.0,False
120330022003,ESCAMBIA,618,801511,19,19,7.897773519840018,0,0.0,False
120330022004,ESCAMBIA,1068,796815,20,20,8.988631039644394,0,0.0,False
120330026021,ESCAMBIA,1156,7765128,528,6479,0.3898547647027188,5951,1127.0833333333335,True
120330026022,ESCAMBIA,689,3115307,100,1513,0.6656638357517215,1413,1413.0,True
120330014024,ESCAMBIA,1771,1888078,31,31,20.093311859934897,0,0.0,False
120330011011,ESCAMBIA,2020,2651342,228,228,14.437312923051431,0,0.0,False
120330028032,ESCAMBIA,1852,1223691,14,14,10.028650490167928,0,0.0,False
120330014022,ESCAMBIA,2062,2542717,48,48,18.773379391037235,0,0.0,False
120330026011,ESCAMBIA,3278,13893549,524,900,10.105225408565325,376,71.7557251908397,False
120330040001,ESCAMBIA,2618,50499666,2172,4190,67.86186786947394,2018,92.90976058931861,False
120330040003,ESCAMBIA,546,26641400,1272,5792,72.92730710473411,4520,355.3459119496855,False
120330026052,ESCAMBIA,2495,16145069,551,551,6.770340748404689,0,0.0,False
120330028023,ESCAMBIA,875,507181,22,22,8.476871963445442,0,0.0,False
120330028041,ESCAMBIA,3568,4018275,87,87,8.456067522709398,0,0.0,False
120330017001,ESCAMBIA,2097,2777704,124,124,14.649835586843793,0,0.0,False
120330040004,ESCAMBIA,979,6434575,217,217,71.59640084529929,0,0.0,False
120330014011,ESCAMBIA,600,896632,28,28,17.11421966403503,0,0.0,False
120330023003,ESCAMBIA,1410,1382714,50,50,6.277651975558934,0,0.0,False
120330011013,ESCAMBIA,1330,1042388,23,23,14.88193417426266,0,0.0,False
120330016001,ESCAMBIA,2191,2313355,84,84,13.447226927670089,0,0.0,False
120330011031,ESCAMBIA,2789,2616960,177,177,17.68987179492726,0,0.0,False
120330036071,ESCAMBIA,2593,5895372,119,119,24.66240932585404,0,0.0,False
120330010013,ESCAMBIA,1829,1881391,48,48,13.648937018853514,0,0.0,False
120330026042,ESCAMBIA,1882,4485936,439,3255,3.183367958273137,2816,641.4578587699316,True
120330036081,ESCAMBIA,1256,1210793,31,31,24.508960544505268,0,0.0,False
120330034003,ESCAMBIA,1607,2047468,51,51,22.486774885310545,0,0.0,False
120330012011,ESCAMBIA,745,1039073,15,15,16.63292563794178,0,0.0,False
120330010011,ESCAMBIA,766,865701,126,126,12.539035651189712,0,0.0,False
120330012012,ESCAMBIA,2012,1527498,32,32,18.00806809870821,0,0.0,False
120050008052,BAY,2148,1978908,29,29,9.19188794207486,0,0.0,False
120050026044,BAY,1273,758628,16,16,1.2182093267826637,0,0.0,True
120050014032,BAY,643,731908,21,21,14.93052445123629,0,0.0,False
120330036082,ESCAMBIA,1785,2430177,47,47,24.319940782240973,0,0.0,False
120330036091,ESCAMBIA,2409,2280519,95,95,24.32831379770545,0,0.0,False
120330012014,ESCAMBIA,663,1913131,36,36,17.563282342892528,0,0.0,False
120330004003,ESCAMBIA,1466,638410,19,19,12.000878025934416,0,0.0,False
120330013001,ESCAMBIA,1525,1491304,23,23,14.199985411157604,0,0.0,False
120330023001,ESCAMBIA,2039,2584179,819,819,4.469288168681323,0,0.0,True
120330025001,ESCAMBIA,928,10204942,890,5282,0.6107688449144196,4392,493.48314606741576,True
120330023002,ESCAMBIA,1412,1928373,102,102,6.045279017503326,0,0.0,False
120330012021,ESCAMBIA,1393,2382728,97,97,19.18025321589429,0,0.0,False
120330027042,ESCAMBIA,3685,6077140,214,214,6.4195344725308745,0,0.0,False
120330026051,ESCAMBIA,2566,2079659,49,49,6.225478876871329,0,0.0,False
120330028022,ESCAMBIA,1732,1296664,37,37,9.102248256653825,0,0.0,False
120330028031,ESCAMBIA,741,422861,6,6,9.281248359827565,0,0.0,False
120330034001,ESCAMBIA,2402,4047823,102,102,22.74079501206121,0,0.0,False
120330022001,ESCAMBIA,969,617903,6,6,8.469252065930753,0,0.0,False
120330012022,ESCAMBIA,2623,2479659,46,46,19.178390029113544,0,0.0,False
120330013002,ESCAMBIA,1607,1208917,44,44,14.8927027117618,0,0.0,False
120330013003,ESCAMBIA,1033,993072,27,27,15.846996699548274,0,0.0,False
120330014023,ESCAMBIA,1035,680236,13,13,19.632801131577374,0,0.0,False
120050002012,BAY,1908,87253878,4118,9405,31.28228413565136,5287,128.3875667799903,False
120330011043,ESCAMBIA,1247,1017096,13,13,18.546443144394384,0,0.0,False
120330011044,ESCAMBIA,1688,1251025,16,16,18.88312077455756,0,0.0,False
120330020001,ESCAMBIA,767,1179859,65,65,13.140930391571098,0,0.0,False
120330015001,ESCAMBIA,732,907893,29,29,13.472172476962992,0,0.0,False
120330025002,ESCAMBIA,2011,8849945,655,3059,0.9982191018707528,2404,367.0229007633588,True
121130109005,SANTA ROSA,903,610234,5,5,3.5532965789577946,0,0.0,True
120330005002,ESCAMBIA,636,580903,11,11,12.048735878275687,0,0.0,False
120330015002,ESCAMBIA,500,713129,19,19,13.84619328462002,0,0.0,False
120330011041,ESCAMBIA,1443,1710696,26,26,19.274957195346666,0,0.0,False
121319505021,WALTON,1824,9896407,909,910,12.484421250184528,1,0.11001100110011,False
121130107042,SANTA ROSA,929,3432702,65,65,28.912625961500677,0,0.0,False
121130107051,SANTA ROSA,1168,5431321,104,104,27.964813785934,0,0.0,False
120330012013,ESCAMBIA,1321,2185079,37,37,16.370732085648957,0,0.0,False
120330021001,ESCAMBIA,2155,2437656,53,53,9.766650272290816,0,0.0,False
121130107052,SANTA ROSA,1575,2140747,47,47,29.062630339527495,0,0.0,False
121130107053,SANTA ROSA,741,3694691,171,171,26.873646991278843,0,0.0,False
120330011042,ESCAMBIA,1974,1321754,11,11,18.000491913310398,0,0.0,False
120330018001,ESCAMBIA,746,891625,35,35,13.510251632468556,0,0.0,False
121130108022,SANTA ROSA,2114,2492270,116,116,7.832746554335884,0,0.0,False
120330001001,ESCAMBIA,1756,1908834,70,70,9.009651119731757,0,0.0,False
120330014012,ESCAMBIA,368,2620357,120,120,15.61445718487711,0,0.0,False
120330014021,ESCAMBIA,1875,5831520,173,173,18.18609206926861,0,0.0,False
120910208003,OKALOOSA,1485,20174101,777,777,3.61462342059148,0,0.0,True
120330032042,ESCAMBIA,1277,1127426,21,21,16.64319320716678,0,0.0,False
121130108271,SANTA ROSA,2616,6798423,568,2876,1.2304080153131969,2308,406.3380281690141,True
121130108242,SANTA ROSA,2537,4641310,191,191,2.999483626688288,0,0.0,True
120050003023,BAY,3925,134670954,4513,9274,31.517110289094063,4761,105.49523598493242,False
120050008031,BAY,1375,1522370,18,18,9.849817254680282,0,0.0,False
120050026082,BAY,1117,1869741,59,59,1.678558348073458,0,0.0,True
120050013025,BAY,1475,2636850,85,85,13.195267306545688,0,0.0,False
120050003021,BAY,1659,97199948,2788,5837,44.31265890615615,3049,109.3615494978479,False
120050002011,BAY,1306,56056658,2266,2266,26.772854517561537,0,0.0,False
120050027091,BAY,802,1383834,51,51,0.3510423786994575,0,0.0,True
120050004012,BAY,688,13929415,438,438,29.740692797482303,0,0.0,False
120050026091,BAY,1207,2411643,94,94,6.078056595275178,0,0.0,False
120050004011,BAY,1571,6862490,200,200,28.54640359164951,0,0.0,False
120050004023,BAY,1698,10074409,339,339,25.99193323330153,0,0.0,False
120050027092,BAY,1920,4503338,176,176,1.2754643757798765,0,0.0,True
120050027102,BAY,2101,12478978,236,236,3.74920199105928,0,0.0,True
120050009004,BAY,450,862109,143,143,5.827337363428724,0,0.0,False
120050027132,BAY,673,1471863,39,39,0.4927221780282503,0,0.0,True
120050027103,BAY,1812,6148813,96,96,1.9843674744109976,0,0.0,True
120050027101,BAY,1261,1847932,50,516,0.318258235271304,466,932.0,True
120050026045,BAY,1203,967959,23,23,1.4459798438238871,0,0.0,True
120050008062,BAY,2297,5578361,254,254,7.875252987852341,0,0.0,False
120050003011,BAY,1096,35099237,878,2428,49.50235023495711,1550,176.5375854214123,False
120050027131,BAY,637,1128487,59,938,0.0564464558609844,879,1489.8305084745764,True
120050026093,BAY,2582,3512130,85,85,2.3947194958934634,0,0.0,True
120050009002,BAY,1076,1235097,28,28,7.870927882173556,0,0.0,False
120050027081,BAY,869,1180373,128,1276,0.1583823223276101,1148,896.875,True
120330032031,ESCAMBIA,1242,2738438,104,104,20.52859799009196,0,0.0,False
120330035062,ESCAMBIA,3005,1800160,60,60,20.36943916181376,0,0.0,False
121130107121,SANTA ROSA,1260,2987408,43,43,27.51075672808865,0,0.0,False
121130107111,SANTA ROSA,1218,1337493,54,54,27.75317445538903,0,0.0,False
121130107112,SANTA ROSA,1761,2674189,59,59,28.17792991784129,0,0.0,False
121130108094,SANTA ROSA,1056,26584115,895,895,22.880031169513728,0,0.0,False
121130107122,SANTA ROSA,2592,6339234,96,96,25.94488475373295,0,0.0,False
121130107091,SANTA ROSA,1220,5138926,133,133,26.51286271275521,0,0.0,False
121130107092,SANTA ROSA,2887,21106879,453,453,23.93364249657469,0,0.0,False
121130107113,SANTA ROSA,1785,13219554,438,438,24.64229565518948,0,0.0,False
121130107101,SANTA ROSA,2480,57667586,3007,3007,15.017758552020984,0,0.0,False
121130107093,SANTA ROSA,1754,10777805,181,181,22.822591612209745,0,0.0,False
121130108221,SANTA ROSA,3299,4785541,112,112,6.860959476371315,0,0.0,False
121130108241,SANTA ROSA,2741,6149509,314,314,3.182715735424268,0,0.0,True
121130108202,SANTA ROSA,2965,4785925,92,92,5.425938116833154,0,0.0,False
121130101004,SANTA ROSA,1563,204738771,6259,10476,60.33040226996461,4217,67.37498002875859,False
121130108085,SANTA ROSA,4221,13735460,253,253,30.84749136765719,0,0.0,False
121130103031,SANTA ROSA,1260,101010538,3323,3323,45.82506140327301,0,0.0,False
121130107043,SANTA ROSA,2842,7556066,143,143,30.14639318703145,0,0.0,False
121130108201,SANTA ROSA,3931,10238299,748,748,8.618499902555756,0,0.0,False
121130108231,SANTA ROSA,1382,2686995,538,538,7.434215321003247,0,0.0,False
121130108282,SANTA ROSA,2493,7763273,240,240,4.935586760184913,0,0.0,True
121130108273,SANTA ROSA,2807,3312120,71,71,3.5443421923103866,0,0.0,True
121130108272,SANTA ROSA,3673,5042771,154,154,3.777708205834834,0,0.0,True
121130108212,SANTA ROSA,3119,4789825,64,64,4.320918799639445,0,0.0,True
121130108281,SANTA ROSA,3000,1967370,61,61,3.2791154109406864,0,0.0,True
121130108261,SANTA ROSA,1263,4683988,115,115,4.835317557482608,0,0.0,True
121130108232,SANTA ROSA,3542,6107672,89,89,4.701022988595314,0,0.0,True
120330035061,ESCAMBIA,1702,1209296,21,21,19.72170182963068,0,0.0,False
120330003001,ESCAMBIA,1490,3463670,178,178,9.063924547311457,0,0.0,False
120330003002,ESCAMBIA,1104,1030262,23,23,10.411098435143634,0,0.0,False
120330001002,ESCAMBIA,550,467580,6,6,10.872942567093048,0,0.0,False
120330004002,ESCAMBIA,1231,555865,16,16,11.618992243032972,0,0.0,False
120330032032,ESCAMBIA,1693,2715361,80,80,21.05812549100049,0,0.0,False
120330032033,ESCAMBIA,1031,2441024,56,56,18.854450086572022,0,0.0,False
120330004001,ESCAMBIA,782,820023,15,15,11.061210336157949,0,0.0,False
120330031002,ESCAMBIA,1460,758573,32,32,15.506160852910863,0,0.0,False
120330032041,ESCAMBIA,1566,1762796,38,38,17.288100545794773,0,0.0,False
120910204002,OKALOOSA,2987,2098891,107,107,41.625123095004085,0,0.0,False
120910224002,OKALOOSA,951,1079766,32,32,2.676346575589575,0,0.0,True
120910202001,OKALOOSA,2064,220545783,7112,11860,60.10093804858475,4748,66.76040494938132,False
120910212002,OKALOOSA,745,25859991,690,979,11.114289787118224,289,41.88405797101449,False
120910205004,OKALOOSA,683,1093619,82,82,40.865473215008585,0,0.0,False
120910205005,OKALOOSA,2687,8979375,410,410,40.99860271783732,0,0.0,False
120910212005,OKALOOSA,1463,1803276,85,85,12.944567211309876,0,0.0,False
120910233071,OKALOOSA,1263,877218,19,19,1.445836794209326,0,0.0,True
120910212003,OKALOOSA,867,1049004,42,42,14.26288529154115,0,0.0,False
120910227001,OKALOOSA,1280,1429807,37,37,1.8466589028023483,0,0.0,True
120910204003,OKALOOSA,1913,6342541,183,183,40.83778703795232,0,0.0,False
121319504002,WALTON,854,86096713,3168,3178,36.6945587294798,10,0.31565656565656564,False
121319504001,WALTON,1146,106401693,3280,11895,43.03382081948174,8615,262.6524390243902,False
121319504003,WALTON,870,121306171,4732,7540,34.44221613303987,2808,59.34065934065934,False
120050023001,BAY,2063,1408284,72,72,7.236113626866261,0,0.0,False
120050014031,BAY,1096,1292793,70,70,15.643771120232774,0,0.0,False
120050014042,BAY,3133,5273608,183,182,12.91871601798568,-1,-0.546448087431694,False
120330028011,ESCAMBIA,786,823508,22,22,10.683761058449456,0,0.0,False
120330029001,ESCAMBIA,1107,1068432,18,18,11.344370170822266,0,0.0,False
120330033011,ESCAMBIA,1123,3591021,104,104,20.44573987857078,0,0.0,False
120330033051,ESCAMBIA,2593,16832065,754,802,14.920908798424312,48,6.36604774535809,False
120330036031,ESCAMBIA,3479,11083111,399,399,22.66560583389305,0,0.0,False
120330036033,ESCAMBIA,1613,13557250,605,3589,26.829986457570985,2984,493.2231404958678,False
120330036083,ESCAMBIA,3146,9290314,252,252,26.57253310642311,0,0.0,False
120330036084,ESCAMBIA,1583,7721229,260,260,28.9137652210194,0,0.0,False
120050027062,BAY,1626,9516119,298,298,1.8870744954343404,0,0.0,True
120050002041,BAY,2547,102230374,4001,4001,14.937607999565312,0,0.0,False
120050004022,BAY,2309,16656700,627,627,25.095725137727143,0,0.0,False
120050002013,BAY,2218,363222116,16685,22867,17.438638932485404,6182,37.05124363200479,False
120050002042,BAY,1119,95791643,3353,3353,5.612207899471467,0,0.0,False
120050004021,BAY,2108,24371650,965,965,21.49789330400746,0,0.0,False
120050027061,BAY,1102,2267826,145,145,1.009391912315729,0,0.0,True
120050014041,BAY,639,764590,8,8,13.771951550344433,0,0.0,False
120050005003,BAY,5014,61081228,2172,2172,15.7443550613684,0,0.0,False
120050013023,BAY,824,2454348,81,81,12.175168071958003,0,0.0,False
120050027121,BAY,2621,2623201,83,83,1.3122535035952134,0,0.0,True
120050027111,BAY,1429,1711164,28,28,0.4981432923028066,0,0.0,True
120050027112,BAY,2057,1981434,65,709,0.117501138433965,644,990.7692307692308,True
120050003012,BAY,1518,61520889,1531,9825,53.556529187246745,8294,541.7374265186153,False
120050027071,BAY,2602,4655430,372,1561,0.1434839136459898,1189,319.6236559139785,True
120050026092,BAY,1122,3627071,111,111,3.2114774577876912,0,0.0,True
120050003022,BAY,1274,105168263,3711,4283,34.94780744965493,572,15.41363513877661,False
120050002031,BAY,2765,14766468,575,575,18.465804240681035,0,0.0,False
120330027041,ESCAMBIA,2592,10265400,231,231,8.94969214543031,0,0.0,False
120330027011,ESCAMBIA,3284,10762608,319,393,10.657392630381551,74,23.197492163009404,False
120330027031,ESCAMBIA,2059,1987546,48,48,7.496694401459013,0,0.0,False
120330028021,ESCAMBIA,2636,2659811,51,51,9.951931547100957,0,0.0,False
120330028012,ESCAMBIA,2034,1895643,37,37,11.413840676793669,0,0.0,False
120330029002,ESCAMBIA,1148,785369,10,10,11.874987009352994,0,0.0,False
120330029003,ESCAMBIA,856,749981,10,10,11.07200480805395,0,0.0,False
120330029004,ESCAMBIA,1088,906939,17,17,10.832587629681278,0,0.0,False
120330027032,ESCAMBIA,953,842680,33,33,6.929803163521119,0,0.0,False
120330036092,ESCAMBIA,1412,2795688,101,101,24.219363141915508,0,0.0,False
120330036131,ESCAMBIA,1540,32769507,991,1892,38.22927299541407,901,90.91826437941474,False
120330036132,ESCAMBIA,1320,33589990,954,2307,31.58725873507754,1353,141.8238993710692,False
120330036032,ESCAMBIA,2681,54809090,1820,6002,20.53416985944195,4182,229.78021978021977,False
120330036141,ESCAMBIA,999,9479986,445,445,30.44971386634925,0,0.0,False
120330036142,ESCAMBIA,1590,13820969,539,539,31.33111667742353,0,0.0,False
120330036143,ESCAMBIA,1857,26815799,1057,1057,35.14809898260666,0,0.0,False
120330036101,ESCAMBIA,3034,4689347,222,222,28.167030052412624,0,0.0,False
120330036102,ESCAMBIA,1530,2332797,77,77,26.904381453554247,0,0.0,False
120330036111,ESCAMBIA,1743,3021221,82,82,24.3359071294826,0,0.0,False
120330036112,ESCAMBIA,2735,5550826,116,116,26.22020177806401,0,0.0,False
120330035052,ESCAMBIA,2260,1921998,26,26,20.36113646275264,0,0.0,False
120330036122,ESCAMBIA,2813,6551334,250,250,25.74315030328918,0,0.0,False
120330038001,ESCAMBIA,1596,348718708,10899,26990,45.23975493628031,16091,147.63739792641525,False
120330038002,ESCAMBIA,1684,94610880,3240,5137,47.852740864476615,1897,58.54938271604938,False
120330039001,ESCAMBIA,1405,160923166,4771,4852,54.71066681012721,81,1.6977572835883463,False
120330039002,ESCAMBIA,1246,80262889,2395,6454,60.3590955379374,4059,169.47807933194156,False
120330039003,ESCAMBIA,776,119368093,3236,3236,60.89926962652303,0,0.0,False
120330039004,ESCAMBIA,1535,43414234,1738,1738,41.7084810075328,0,0.0,False
120330026041,ESCAMBIA,2570,11711350,764,2705,6.344753266474821,1941,254.05759162303661,False
120330024001,ESCAMBIA,5532,20954901,633,633,3.5380410486466,0,0.0,True
120330036133,ESCAMBIA,1308,3563510,219,219,32.07050866163986,0,0.0,False
120330037001,ESCAMBIA,1950,8501860,249,249,29.25094378921431,0,0.0,False
120330037002,ESCAMBIA,2411,5535733,148,148,30.01739873774047,0,0.0,False
120330037003,ESCAMBIA,1283,3154870,77,77,32.48942834553741,0,0.0,False
120330036121,ESCAMBIA,1712,9313957,562,562,26.37256997255238,0,0.0,False
120330034002,ESCAMBIA,1082,1900979,62,62,20.987941125039487,0,0.0,False
120330036144,ESCAMBIA,1686,15424204,329,329,37.039620016707765,0,0.0,False
120910221001,OKALOOSA,2211,1106520,49,49,4.447234887698457,0,0.0,True
120910223001,OKALOOSA,1154,1232001,103,103,4.469008574099385,0,0.0,True
120910223002,OKALOOSA,1394,888452,41,41,5.780244294192169,0,0.0,False
120910224001,OKALOOSA,1198,1204074,89,182,2.8641620122918354,93,104.49438202247192,True
120910224003,OKALOOSA,922,553460,19,19,2.399540434879598,0,0.0,True
120910224004,OKALOOSA,929,584792,24,24,1.7676521638797915,0,0.0,True
120910225001,OKALOOSA,991,844236,31,31,3.607445612262112,0,0.0,True
120910211011,OKALOOSA,1746,3021305,102,102,15.975646629069477,0,0.0,False
120910211012,OKALOOSA,660,853100,51,51,14.808572050064477,0,0.0,False
120910211013,OKALOOSA,1052,1062120,88,88,14.45349597062628,0,0.0,False
120910211021,OKALOOSA,1992,1699433,81,84,12.449180818327852,3,3.7037037037037033,False
120910211022,OKALOOSA,1967,1288318,94,94,13.455770624173711,0,0.0,False
120910211023,OKALOOSA,1260,991307,47,47,13.959487131793962,0,0.0,False
120910212001,OKALOOSA,2043,2709724,88,88,15.658084901515757,0,0.0,False
120910218021,OKALOOSA,2410,1125911,43,43,7.55962525545929,0,0.0,False
120910220012,OKALOOSA,2173,708822,28,28,5.1143022499823765,0,0.0,False
120910220021,OKALOOSA,2375,1445187,60,60,4.216907266091995,0,0.0,True
120910232002,OKALOOSA,1100,6118748,496,9124,0.3448875557149059,8628,1739.516129032258,True
120910205002,OKALOOSA,1138,1937571,144,144,42.32131348148981,0,0.0,False
120910205003,OKALOOSA,776,880886,67,67,41.56818187612382,0,0.0,False
120910209001,OKALOOSA,1324,2149171,88,88,16.80917901528275,0,0.0,False
120910212004,OKALOOSA,1040,1079440,43,43,13.49219355994586,0,0.0,False
120910216002,OKALOOSA,983,891302,18,18,6.977766794756623,0,0.0,False
120910227003,OKALOOSA,1342,996690,30,30,1.2007080172076778,0,0.0,True
120910233041,OKALOOSA,3220,6560798,83,235,1.5028784082563151,152,183.13253012048193,True
120050026041,BAY,1165,874789,17,17,1.1515106228959715,0,0.0,True
120050015011,BAY,3093,6627839,189,190,10.511281173833735,1,0.5291005291005291,False
120050008041,BAY,2117,5139272,141,141,11.333544197786717,0,0.0,False
120910233052,OKALOOSA,2314,2020922,25,25,1.2721740077351704,0,0.0,True
120910215022,OKALOOSA,1835,989728,21,21,5.917841978054778,0,0.0,False
120910210011,OKALOOSA,2229,2196729,81,339,8.816162881791815,258,318.51851851851853,False
121130108133,SANTA ROSA,1716,1180936,14,14,4.199924833643793,0,0.0,True
120910210022,OKALOOSA,1549,790799,9,9,11.639033505873671,0,0.0,False
120910215013,OKALOOSA,1113,506936,18,18,5.222630221462708,0,0.0,False
120910227002,OKALOOSA,1102,654970,16,16,2.2759081809708293,0,0.0,True
120910232001,OKALOOSA,877,12210593,494,494,0.4768623994339004,0,0.0,True
120910233082,OKALOOSA,2190,4264365,73,128,1.7906876167354977,55,75.34246575342466,True
120910233051,OKALOOSA,2434,4671723,102,300,2.435040300806444,198,194.11764705882354,True
121130107041,SANTA ROSA,1824,3089645,38,38,28.448945389216977,0,0.0,False
121130105033,SANTA ROSA,1780,7933040,321,321,32.33633285212547,0,0.0,False
121130108082,SANTA ROSA,1996,19568589,939,939,26.60132270902903,0,0.0,False
121130108142,SANTA ROSA,1808,1769620,188,188,2.968182035976946,0,0.0,True
121130108132,SANTA ROSA,1569,1746769,82,82,3.1934318332194738,0,0.0,True
121130108081,SANTA ROSA,2807,75809389,2461,2461,33.29234416817053,0,0.0,False
121130108092,SANTA ROSA,2231,17396417,725,725,28.35122576205112,0,0.0,False
121130108021,SANTA ROSA,3620,293935443,10762,10762,15.620801655518736,0,0.0,False
121130107082,SANTA ROSA,2025,2092416,53,53,30.289699574817647,0,0.0,False
121130105032,SANTA ROSA,2840,6206136,207,207,30.2981218822937,0,0.0,False
121130108141,SANTA ROSA,952,1649016,188,188,6.840280226922639,0,0.0,False
121130108144,SANTA ROSA,2225,3217792,87,87,4.280457924943201,0,0.0,True
121130105041,SANTA ROSA,1932,10268916,302,302,35.46082920816873,0,0.0,False
121130101001,SANTA ROSA,614,369347802,11300,14901,55.72546800341276,3601,31.86725663716814,False
121130107071,SANTA ROSA,1625,40923968,1333,1333,30.77622577379985,0,0.0,False
121130108083,SANTA ROSA,769,69291914,2287,2287,28.094002378231124,0,0.0,False
121130105042,SANTA ROSA,1327,1861265,61,61,31.828069841807487,0,0.0,False
121130108131,SANTA ROSA,1822,1793909,104,104,6.416860627039588,0,0.0,False
121130108143,SANTA ROSA,1557,2013752,33,33,5.776454528997092,0,0.0,False
121130107081,SANTA ROSA,1766,4419957,175,175,30.563123123598608,0,0.0,False
120330031001,ESCAMBIA,2661,1848265,65,65,14.510534698965948,0,0.0,False
121130108122,SANTA ROSA,2494,2807914,124,124,3.3593166401753907,0,0.0,True
121130104002,SANTA ROSA,1011,70618675,1849,1849,39.6095187321707,0,0.0,False
121130102003,SANTA ROSA,1372,147236220,6314,6314,61.01592571648114,0,0.0,False
121130104001,SANTA ROSA,1812,139445943,5070,5070,46.988410246749815,0,0.0,False
120050016003,BAY,342,825473,21,21,9.703438234550749,0,0.0,False
120050016004,BAY,431,692681,17,17,8.631466973698029,0,0.0,False
120050017002,BAY,1277,1604649,32,32,9.248396115014968,0,0.0,False
120050018001,BAY,1413,1970942,39,39,8.201342459773123,0,0.0,False
120050019004,BAY,847,842883,13,13,7.750312265176852,0,0.0,False
120050019001,BAY,558,339553,17,17,6.525896928432083,0,0.0,False
120050020002,BAY,878,2200512,51,51,8.613503081178338,0,0.0,False
120050020001,BAY,368,1607537,55,55,7.074593051481277,0,0.0,False
120050022003,BAY,1836,1705483,53,53,7.165370617881752,0,0.0,False
120050025002,BAY,712,991517,152,152,6.614600078417896,0,0.0,False
120050022001,BAY,1456,1436452,66,66,7.785178645123002,0,0.0,False
120050011002,BAY,1387,1273464,31,31,10.371573298295507,0,0.0,False
120050014024,BAY,1310,1399348,38,38,15.27687403298673,0,0.0,False
120050005001,BAY,1224,127920258,3498,7523,12.916004858424744,4025,115.06575185820469,False
120050005002,BAY,1364,148789551,4510,8875,20.8154776412509,4365,96.7849223946785,False
120050007001,BAY,141,114529712,3558,7629,2.7742889969286675,4071,114.41821247892075,True
120050009003,BAY,1071,1436694,29,29,7.007865816551225,0,0.0,False
120050015021,BAY,1115,1865195,45,45,11.028006452930509,0,0.0,False
120050017001,BAY,1513,1423631,41,41,9.529023730864916,0,0.0,False
120050006001,BAY,919,54190724,1534,8817,4.6120529972873126,7283,474.7718383311604,True
120050008032,BAY,1485,5803353,138,138,11.792157093629813,0,0.0,False
120050009001,BAY,1351,1370133,25,25,8.416238123480294,0,0.0,False
120050010001,BAY,951,1023894,24,24,9.140766402012938,0,0.0,False
120050010002,BAY,994,2832690,109,109,7.711878020326212,0,0.0,False
120050011001,BAY,1279,2585714,85,85,11.272852833066912,0,0.0,False
120050011003,BAY,1412,1220961,29,29,10.011746715291872,0,0.0,False
120330014013,ESCAMBIA,4485,862599,32,32,17.16219107575221,0,0.0,False
120050013024,BAY,1126,2205131,48,48,13.68150455903318,0,0.0,False
120050014022,BAY,3098,4830863,178,178,17.419599395223113,0,0.0,False
120050014023,BAY,1157,1106266,24,24,15.870087882475438,0,0.0,False
120050014021,BAY,1321,1968628,201,201,17.255152815110293,0,0.0,False
120050015023,BAY,828,1929731,64,64,8.972662987189148,0,0.0,False
121130108121,SANTA ROSA,2582,2400987,60,60,5.499916290935713,0,0.0,False
121130108093,SANTA ROSA,1050,8616752,254,254,26.13623281921473,0,0.0,False
121130107083,SANTA ROSA,1563,2225144,54,54,30.623029118329985,0,0.0,False
121130107072,SANTA ROSA,2799,6164882,233,233,33.41429545890403,0,0.0,False
121319501021,WALTON,658,75581743,2344,9971,68.84405613473419,7627,325.3839590443686,False
121319501022,WALTON,1003,108608828,2724,5678,58.86387549007698,2954,108.44346549192365,False
121319501024,WALTON,725,112020545,3626,3626,55.37045411911173,0,0.0,False
121319505022,WALTON,4841,30009080,1537,1536,14.37706929082028,-1,-0.06506180871828238,False
120910210013,OKALOOSA,1870,1789709,26,60,10.393917985005356,34,130.76923076923077,False
120330033081,ESCAMBIA,1702,2666227,78,78,17.079224693233396,0,0.0,False
120330017002,ESCAMBIA,1028,1683151,114,114,15.84649908754913,0,0.0,False
120330020002,ESCAMBIA,1160,1744035,47,47,12.319041247938452,0,0.0,False
120330021003,ESCAMBIA,1000,1308692,19,19,11.104160807001822,0,0.0,False
120910233062,OKALOOSA,1671,1641966,35,158,2.283547644476497,123,351.42857142857144,True
120050027032,BAY,1175,3058981,74,641,0.2766101712241455,567,766.2162162162163,True
120050026062,BAY,962,642496,14,14,0.4777552173185524,0,0.0,True
120050026071,BAY,1284,8074692,804,4261,0.8232780681624556,3457,429.97512437810946,True
120050026043,BAY,935,1022650,31,31,2.1893405884370343,0,0.0,True
120050026081,BAY,2309,3953305,373,373,3.5065057046316235,0,0.0,True
120050026061,BAY,865,580566,24,307,0.051936729618858,283,1179.1666666666665,True
120330032012,ESCAMBIA,1574,5320413,116,116,18.886406786112214,0,0.0,False
120330033071,ESCAMBIA,2180,2359356,40,40,13.32640862013522,0,0.0,False
120330010021,ESCAMBIA,1342,1221030,120,120,9.851078945207428,0,0.0,False
120050013011,BAY,1142,3010978,70,70,17.196622499156053,0,0.0,False
120050013012,BAY,3978,8188568,234,234,15.273490060882592,0,0.0,False
120050008033,BAY,1822,2003609,27,27,10.289094025571709,0,0.0,False
120050012001,BAY,1746,3895948,235,235,10.950742609161424,0,0.0,False
120330010022,ESCAMBIA,485,350141,98,98,10.882487598274643,0,0.0,False
120910205001,OKALOOSA,1365,5320945,137,137,43.79222450327298,0,0.0,False
120330031003,ESCAMBIA,983,1327657,40,40,14.564341607147684,0,0.0,False
121130108091,SANTA ROSA,987,5260145,183,183,29.44405599072548,0,0.0,False
120330010023,ESCAMBIA,1114,529914,7,7,12.284639321649223,0,0.0,False
120330032011,ESCAMBIA,1833,1539343,42,42,16.29157064269488,0,0.0,False
120050024001,BAY,1251,989365,28,28,6.169763836106598,0,0.0,False
120050024002,BAY,1771,1468760,67,67,6.385992695539121,0,0.0,False
120050019002,BAY,1005,842743,8,8,7.399589623531416,0,0.0,False
120050019003,BAY,1386,1468439,45,45,6.481411057542625,0,0.0,False
120050008061,BAY,963,1146389,59,59,7.767409512815705,0,0.0,False
120050026042,BAY,2865,1984689,34,34,1.2250950393674,0,0.0,True
120050013021,BAY,1605,3486859,145,145,14.315931861638234,0,0.0,False
120330009002,ESCAMBIA,873,998281,26,26,12.8487494531117,0,0.0,False
120330009003,ESCAMBIA,1026,724873,14,14,12.613710819155257,0,0.0,False
120330010012,ESCAMBIA,1042,1149699,38,38,14.147579260030676,0,0.0,False
120910218012,OKALOOSA,2708,995495,30,30,7.449179760170018,0,0.0,False
120910218011,OKALOOSA,2828,1854216,43,43,6.494100083601579,0,0.0,False
120050015022,BAY,1343,1620350,48,48,9.194016860458186,0,0.0,False
120050015024,BAY,1506,2014430,39,39,10.231973275137426,0,0.0,False
120050024003,BAY,930,1768616,281,281,5.028097495250007,0,0.0,False
120910231003,OKALOOSA,1293,1035895,30,30,2.582897685521038,0,0.0,True
120910231001,OKALOOSA,2316,1490828,78,78,1.88868850523771,0,0.0,True
120910210023,OKALOOSA,2389,1835705,54,58,12.313373858463873,4,7.4074074074074066,False
120330009001,ESCAMBIA,717,587767,11,11,11.405091576352886,0,0.0,False
120050014044,BAY,1896,1226901,21,21,13.25151512926183,0,0.0,False
120050015012,BAY,2303,2008750,36,36,11.821816421746902,0,0.0,False
120050026051,BAY,1337,1234304,46,439,0.0318373720325791,393,854.3478260869565,True
120050012002,BAY,1335,2982014,247,247,12.0776598452557,0,0.0,False
120910210012,OKALOOSA,2000,1878479,40,40,10.590972318668296,0,0.0,False
120910209002,OKALOOSA,2209,7219934,145,145,15.10548653408204,0,0.0,False
120910215021,OKALOOSA,1951,2437487,113,246,5.942979414860818,133,117.69911504424779,False
120330011014,ESCAMBIA,1144,827755,11,11,17.15267098719901,0,0.0,False
120330006001,ESCAMBIA,837,1006799,28,28,11.559667470518384,0,0.0,False
120330011012,ESCAMBIA,1414,6464407,95,95,16.658487423836828,0,0.0,False
120050014043,BAY,1463,1117346,27,27,12.67943736634581,0,0.0,False
120050027031,BAY,2468,6986426,108,108,1.7132227583147583,0,0.0,True
120050013022,BAY,1126,2302196,120,120,12.679261936601684,0,0.0,False
120050008051,BAY,1963,1572743,26,26,9.155746056181808,0,0.0,False
120050016001,BAY,877,2874771,117,117,10.176976888580308,0,0.0,False
120050025001,BAY,2200,3012156,195,195,8.430912984604223,0,0.0,False
120330010014,ESCAMBIA,1643,1268197,33,33,15.18499015881475,0,0.0,False
120330010015,ESCAMBIA,783,547382,9,9,14.171205927260136,0,0.0,False
120910215011,OKALOOSA,1062,1014987,97,369,4.578017502931759,272,280.4123711340206,True
120910215012,OKALOOSA,2004,1227450,79,86,4.898395448776737,7,8.860759493670885,True
120910211024,OKALOOSA,3291,2734487,143,191,12.312270403311086,48,33.56643356643357,False
120910217002,OKALOOSA,778,1936810,53,53,7.32706619761364,0,0.0,False
120910218022,OKALOOSA,1230,640226,21,21,6.302894985623689,0,0.0,False
120910217001,OKALOOSA,1877,1834424,61,61,7.178793064992228,0,0.0,False
120050022002,BAY,1159,1088938,67,67,6.9242582674726085,0,0.0,False
120050023002,BAY,1739,1500521,149,149,5.780271884617592,0,0.0,False
120910220013,OKALOOSA,1125,661792,28,28,5.718771642473709,0,0.0,False
120910220011,OKALOOSA,982,374111,24,24,5.201337724046545,0,0.0,False
120910233032,OKALOOSA,792,973689,23,23,0.68830249005309,0,0.0,True
120910233031,OKALOOSA,725,2166623,75,3105,0.2419288252603157,3030,4040.0,True
121130109003,SANTA ROSA,1283,2065938,516,516,4.140613103430184,0,0.0,True
121130101002,SANTA ROSA,1090,201909664,4993,4993,41.9622538790512,0,0.0,False
121130102002,SANTA ROSA,952,57583898,2726,2726,63.66119389345058,0,0.0,False
121130105031,SANTA ROSA,1741,1563725,30,30,29.82212776748442,0,0.0,False
121130102001,SANTA ROSA,1260,60743951,3102,5207,68.9561027764748,2105,67.85944551901999,False
121130102004,SANTA ROSA,1172,129030556,5281,5281,54.141046051653824,0,0.0,False
120050016002,BAY,1010,1324175,27,27,8.734116774709161,0,0.0,False
120910226001,OKALOOSA,991,1008444,26,26,1.1279955169959437,0,0.0,True
120910233042,OKALOOSA,739,817515,11,11,0.500242699671249,0,0.0,True
120910214001,OKALOOSA,2979,7319381,208,224,7.697053693402986,16,7.6923076923076925,False
120910220022,OKALOOSA,1241,896519,37,37,5.061194763734745,0,0.0,False
120910221002,OKALOOSA,1338,941475,33,33,5.404241614380291,0,0.0,False
121319505023,WALTON,1059,11923479,1983,2022,10.974010240560114,39,1.9667170953101363,False
121319501023,WALTON,719,153700561,6252,11082,64.4344751907397,4830,77.2552783109405,False
121319505011,WALTON,1823,50007099,2159,2159,12.852711865158174,0,0.0,False
120910208001,OKALOOSA,474,915401968,34097,34097,20.179734174045805,0,0.0,False
120910233081,OKALOOSA,1136,1707491,17,17,0.491693259140219,0,0.0,True
120910210021,OKALOOSA,1828,1674257,28,53,11.04601885183748,25,89.28571428571429,False
120910216001,OKALOOSA,1496,1954584,61,61,7.636325420731134,0,0.0,False
120910208002,OKALOOSA,1715,2836755,78,78,12.732519045567209,0,0.0,False
121130108251,SANTA ROSA,2169,2859353,180,180,2.8329695362740543,0,0.0,True
121130103021,SANTA ROSA,4953,69101706,2326,2326,39.12446046807803,0,0.0,False
121130105061,SANTA ROSA,2178,32392545,1200,1200,38.92155518541702,0,0.0,False
121130105051,SANTA ROSA,4394,25388476,814,814,34.55438682962976,0,0.0,False
121130101003,SANTA ROSA,585,57797899,2780,5987,67.02049591738398,3207,115.35971223021583,False
121130106021,SANTA ROSA,1781,5910070,117,117,29.19122098794123,0,0.0,False
121130103011,SANTA ROSA,3221,5736100,170,170,33.69644442487957,0,0.0,False
121130108222,SANTA ROSA,2147,2944434,60,60,5.464918503537053,0,0.0,False
121130108211,SANTA ROSA,2674,2840627,119,119,2.808578193925883,0,0.0,True
121130106011,SANTA ROSA,1610,2021163,36,36,30.98019527505804,0,0.0,False
121130105062,SANTA ROSA,2005,8890698,224,224,35.05384540963267,0,0.0,False
121130106014,SANTA ROSA,1245,776649,16,16,33.8181747929763,0,0.0,False
121130103032,SANTA ROSA,3959,23655364,610,610,37.12289788530428,0,0.0,False
121130103012,SANTA ROSA,3070,5608040,98,98,32.944497245315155,0,0.0,False
121130105043,SANTA ROSA,3122,6830190,197,197,33.32438180799175,0,0.0,False
121130108252,SANTA ROSA,1123,2516446,442,2854,0.5744401887855562,2412,545.7013574660633,True
121130106012,SANTA ROSA,1091,799265,15,15,32.83764630893048,0,0.0,False
121130106013,SANTA ROSA,690,919203,34,34,32.02961862521932,0,0.0,False
121130108084,SANTA ROSA,853,5768321,109,109,29.288548634638456,0,0.0,False
121130107084,SANTA ROSA,1138,4086546,107,107,31.813168857130243,0,0.0,False
121130108262,SANTA ROSA,1828,2342611,83,83,5.236593654898678,0,0.0,False
121130107044,SANTA ROSA,1378,3853788,44,44,26.948976716890733,0,0.0,False
121319506052,WALTON,2050,14079802,1405,1405,7.091151022587101,0,0.0,False
121319506053,WALTON,2846,22486301,819,819,5.376463570936441,0,0.0,False
121319505013,WALTON,1028,195078062,8118,11250,16.68139528541309,3132,38.58093126385809,False
121319506081,WALTON,1808,2922918,738,860,3.965707870358334,122,16.53116531165312,True
121319506051,WALTON,1881,6757958,172,172,3.67813159702282,0,0.0,True
121319506062,WALTON,1032,23477620,772,1470,1.733195279651997,698,90.41450777202073,True
121319506101,WALTON,2133,35275237,1290,4019,2.1903721581034565,2729,211.55038759689924,True
121319505012,WALTON,1718,195326916,6889,6889,25.213551362214893,0,0.0,False
121319506102,WALTON,2399,31771563,1071,1071,4.210944071527453,0,0.0,True
121319502012,WALTON,744,1535843,40,40,42.6697776231438,0,0.0,False
121319501041,WALTON,846,84580974,3076,3774,62.29736880566681,698,22.69180754226268,False
121319501043,WALTON,1715,104702775,3593,3593,46.99064908706509,0,0.0,False
121319501031,WALTON,1194,18788762,1066,1066,44.41820105877876,0,0.0,False
121319501032,WALTON,1157,26416010,972,972,45.43272898866909,0,0.0,False
121319503042,WALTON,2029,12491886,383,383,47.79330898221125,0,0.0,False
121319502021,WALTON,3663,58926304,1770,3081,48.62288741395497,1311,74.0677966101695,False
121319503053,WALTON,1135,588756912,22066,22066,28.543663276051245,0,0.0,False
121319503051,WALTON,1416,12959961,512,512,42.05275857809149,0,0.0,False
121319502011,WALTON,1425,24356318,707,744,42.11976129345805,37,5.233380480905233,False
121319503052,WALTON,878,39706233,1641,1641,35.11040704858296,0,0.0,False
121319503043,WALTON,1186,2625904,182,182,44.07773017335597,0,0.0,False
121319502022,WALTON,617,874071,35,35,43.49710254147185,0,0.0,False
121319503041,WALTON,782,6339734,254,254,45.303681070788286,0,0.0,False
121319503061,WALTON,1656,38449036,1391,1391,15.374170987055072,0,0.0,False
121319506091,WALTON,1576,5277587,252,4211,0.0251918095776987,3959,1571.031746031746,True
121319506044,WALTON,1751,5802791,78,78,3.068652147403598,0,0.0,True
121319506042,WALTON,1240,4062456,44,44,2.820121855834024,0,0.0,True
121319506073,WALTON,1920,5241453,63,63,3.1737168983758277,0,0.0,True
121319506111,WALTON,1292,7080823,330,3585,0.2320575607477889,3255,986.3636363636364,True
121319501044,WALTON,666,21411638,1068,3816,67.03508193781755,2748,257.30337078651684,False
121319506043,WALTON,1587,12361010,251,251,0.910868262318046,0,0.0,True
121319506041,WALTON,1017,4827482,173,173,1.393909324998606,0,0.0,True
121319506061,WALTON,1886,10625703,323,1197,1.59606305416683,874,270.5882352941177,True
121319501042,WALTON,461,59155411,1963,1963,53.70409951450607,0,0.0,False
121319503031,WALTON,1020,9310936,255,255,44.54324113175037,0,0.0,False
121319503062,WALTON,828,48192994,1724,1724,23.145076926313507,0,0.0,False
121319506092,WALTON,1107,2338887,42,42,1.2909633067054658,0,0.0,True
121319501033,WALTON,680,60388324,1951,1951,50.69902065053156,0,0.0,False
121319503032,WALTON,1661,14241750,559,559,46.684947304528265,0,0.0,False
121319506082,WALTON,893,1218580,19,19,0.4694710042743625,0,0.0,True
121319506071,WALTON,2162,2213809,390,390,6.456443669664844,0,0.0,False
121319506072,WALTON,698,1188169,6,6,1.859122926751332,0,0.0,True
120910203031,OKALOOSA,3065,12554421,291,291,46.31706273454531,0,0.0,False
120910203052,OKALOOSA,2382,78542338,2224,2224,46.439635681531314,0,0.0,False
120910203042,OKALOOSA,2716,24877974,1061,1061,49.30164313762764,0,0.0,False
120910203051,OKALOOSA,1672,64353327,1835,1835,52.883183525363705,0,0.0,False
120910203032,OKALOOSA,2422,15393108,446,446,45.11898502007067,0,0.0,False
120910201023,OKALOOSA,1363,114993210,4310,4310,45.94964681719734,0,0.0,False
120910201022,OKALOOSA,2309,106414826,3818,3818,48.46751510046122,0,0.0,False
120910201021,OKALOOSA,988,287655882,7662,13345,60.02941806287104,5683,74.17123466457844,False
120910206012,OKALOOSA,2056,19183301,851,851,34.87827238602242,0,0.0,False
120910205006,OKALOOSA,2072,4503773,145,145,42.988737519235634,0,0.0,False
120910204004,OKALOOSA,1633,14557344,324,324,43.1263017135222,0,0.0,False
120910201012,OKALOOSA,2491,52501696,2738,2738,37.68585648988965,0,0.0,False
120910203062,OKALOOSA,1285,27687704,731,731,36.39140357790942,0,0.0,False
120910206013,OKALOOSA,4555,21649426,607,607,37.786537966375874,0,0.0,False
120910203061,OKALOOSA,1452,53598020,2141,2141,39.88576921302143,0,0.0,False
120910201011,OKALOOSA,1933,90768907,3998,3998,34.66760546434555,0,0.0,False
120910207021,OKALOOSA,1782,3260554,73,73,34.98260906017106,0,0.0,False
120910219024,OKALOOSA,1953,1485856,45,45,3.9544816829926126,0,0.0,True
120910231004,OKALOOSA,1560,1509373,191,191,1.82690854099578,0,0.0,True
120910207012,OKALOOSA,2883,8122489,195,195,38.90354249921956,0,0.0,False
120910208004,OKALOOSA,667,5248833,196,196,4.283072595653684,0,0.0,True
120910207022,OKALOOSA,3856,4295328,122,122,37.43970515503751,0,0.0,False
120910231002,OKALOOSA,3185,2521639,90,90,1.841101757166297,0,0.0,True
120910209004,OKALOOSA,2642,3707968,129,129,15.851090768837768,0,0.0,False
120910203041,OKALOOSA,1951,10918649,319,319,49.27810389067316,0,0.0,False
120910207023,OKALOOSA,2902,8285181,287,287,35.73143685238082,0,0.0,False
120910219023,OKALOOSA,1412,992296,25,25,3.895268517000488,0,0.0,True
120910207011,OKALOOSA,1073,1394004,42,42,39.88029158007352,0,0.0,False
120910206022,OKALOOSA,2926,4980937,148,148,34.30565041827207,0,0.0,False
120910206021,OKALOOSA,1260,854528,14,14,35.658271420230314,0,0.0,False
120910219011,OKALOOSA,1552,1428912,50,50,3.5642301640246887,0,0.0,True
120910219021,OKALOOSA,2073,1118927,38,38,4.761366426298881,0,0.0,True
120910219022,OKALOOSA,2102,1230750,30,30,5.507021641309084,0,0.0,False
120910218024,OKALOOSA,1416,762826,18,18,6.675456595476054,0,0.0,False
120910209003,OKALOOSA,1060,1507005,76,76,15.157982046260509,0,0.0,False
120910228002,OKALOOSA,1198,331897,13,13,2.1096503247628924,0,0.0,True
120910233072,OKALOOSA,651,1031286,4,4,1.4626159526120848,0,0.0,True
120910206011,OKALOOSA,1007,1377572,44,44,39.67336732743492,0,0.0,False
120910218023,OKALOOSA,948,809930,22,22,6.337462949941898,0,0.0,False
