GEOID,COUNTY_NAME,P1_001N,ALAND,flash_count,drive_min_to_shelter,within_15min,flash_per_km2,exposure_norm,hazard_norm,gap_norm,suitability_score,suitability_rank
120910211024,OKALOOSA,3291,2734487,515,21.255804349680734,False,188.3351429354025,0.9626485568760611,0.8828522920203735,0.9728353140916808,0.9396774193548387,1
120050027071,BAY,2602,4655430,2843,19.449686064222643,False,610.6847272969414,0.8726655348047538,0.9626485568760611,0.9524617996604414,0.9286926994906621,2
120910210011,OKALOOSA,2229,2196729,998,25.225224479247725,False,454.3118427443713,0.8064516129032258,0.9473684210526315,0.9966044142614601,0.915704584040747,3
121319505022,WALTON,4841,30009080,3912,16.498125490533283,False,130.36054420861953,0.9949066213921901,0.830220713073005,0.8896434634974533,0.9058234295415959,4
120910233041,OKALOOSA,3220,6560798,684,24.183105738172724,False,104.25561036934836,0.9558573853989814,0.7368421052631579,0.9915110356536503,0.8953480475382003,5
120910233051,OKALOOSA,2434,4671723,733,21.452883782579647,False,156.9014258764914,0.8421052631578947,0.8590831918505942,0.9745331069609507,0.8914091680814941,6
120330025002,ESCAMBIA,2011,8849945,7190,19.612757233872944,False,812.4344275585894,0.7317487266553481,0.969439728353141,0.9541595925297114,0.8835823429541596,7
121319506071,WALTON,2162,2213809,888,17.743541024054032,False,401.118615020537,0.7792869269949066,0.9388794567062818,0.9235993208828522,0.8795755517826827,8
121130108122,SANTA ROSA,2494,2807914,530,14.6207947892766,True,188.75221961926187,0.8522920203735145,0.8845500848896435,0.8539898132427843,0.8634974533106962,9
121130108271,SANTA ROSA,2616,6798423,4231,10.2612479883401,True,622.350212689031,0.8743633276740238,0.9643463497453311,0.7504244482173175,0.8631578947368421,10
121130108201,SANTA ROSA,3931,10238299,1776,9.608915618769862,True,173.46631505878076,0.9813242784380306,0.8709677419354839,0.7181663837011885,0.8580645161290323,11
120050002013,BAY,2218,363222116,39941,22.678490334456104,False,109.96301778055826,0.8030560271646859,0.7606112054329371,0.9830220713073005,0.8484380305602718,12
120050027112,BAY,2057,1981434,1668,13.206276047391976,True,841.8145646032117,0.7487266553480475,0.9711375212224108,0.8268251273344652,0.8478947368421053,13
121130108121,SANTA ROSA,2582,2400987,282,14.894873526408508,True,117.45169798920193,0.8633276740237691,0.7945670628183361,0.8590831918505942,0.8392359932088286,14
121319506101,WALTON,2133,35275237,7630,13.327650395991329,True,216.29904286681335,0.7724957555178268,0.9117147707979627,0.8285229202037352,0.8369269949066214,15
120050026081,BAY,2309,3953305,730,11.623634084631862,True,184.65562358583514,0.8200339558573854,0.8794567062818336,0.7945670628183361,0.831239388794567,16
121319506081,WALTON,1808,2922918,2092,15.751990723493712,False,715.7231232624384,0.6544991511035654,0.966044142614601,0.8743633276740238,0.8298641765704584,17
120910211021,OKALOOSA,1992,1699433,219,18.845609980486007,False,128.86651018310224,0.7215619694397284,0.8268251273344652,0.9388794567062818,0.8280135823429542,18
121130108241,SANTA ROSA,2741,6149509,956,9.635919051764716,True,155.45956595884323,0.8998302207130731,0.8556876061120543,0.7198641765704584,0.8258743633276742,19
121130108021,SANTA ROSA,3620,293935443,25488,17.007786008680675,False,86.71291811515223,0.9711375212224108,0.5942275042444821,0.9049235993208828,0.8249066213921901,20
121130107101,SANTA ROSA,2480,57667586,11946,9.760719853477742,True,207.15276689403993,0.8471986417657046,0.8981324278438031,0.7283531409168081,0.8247877758913413,21
120910211022,OKALOOSA,1967,1288318,161,18.73999876908175,False,124.96914581648319,0.7181663837011885,0.8200339558573854,0.9371816638370118,0.8240577249575551,22
121130108131,SANTA ROSA,1822,1793909,386,16.698359164939692,False,215.17256449463156,0.6629881154499151,0.9100169779286927,0.8998302207130731,0.8226655348047538,23
121319502021,WALTON,3663,58926304,7206,8.0963627791765,True,122.28834172256926,0.9728353140916808,0.8098471986417657,0.6604414261460102,0.8159592529711376,24
121130108142,SANTA ROSA,1808,1769620,613,14.298943227826658,True,346.40205241803324,0.6544991511035654,0.9303904923599321,0.8522920203735145,0.8108149405772496,25
120330011031,ESCAMBIA,2789,2616960,1495,6.241296834081353,True,571.2735387625336,0.9032258064516129,0.9541595925297114,0.565365025466893,0.8085398981324279,26
120910210023,OKALOOSA,2389,1835705,164,21.841003155320166,False,89.33897330998172,0.830220713073005,0.6162988115449916,0.9779286926994907,0.8083701188455008,27
120330026011,ESCAMBIA,3278,13893549,2517,6.499962760791048,True,181.16321466890858,0.9592529711375212,0.8760611205432938,0.5823429541595926,0.8074193548387096,28
120910210021,OKALOOSA,1828,1674257,182,25.027337874424088,False,108.70493598055734,0.6714770797962648,0.7572156196943973,0.9949066213921901,0.8065025466893039,29
120330026042,ESCAMBIA,1882,4485936,8310,9.76805232403976,True,1852.4562098077192,0.6935483870967742,0.9932088285229203,0.7300509337860781,0.8044821731748727,30
120910207023,OKALOOSA,2902,8285181,914,9.517820034762604,True,110.31744508659497,0.9235993208828522,0.765704584040747,0.7113752122241087,0.8014601018675722,31
120050003012,BAY,1518,61520889,25505,18.66981073713753,False,414.57463334120547,0.5237691001697793,0.9405772495755518,0.933786078098472,0.7966213921901528,32
120330040001,ESCAMBIA,2618,50499666,8689,7.5878460895172095,True,172.0605439251816,0.8760611205432938,0.8692699490662139,0.6400679117147708,0.795942275042445,33
120910233062,OKALOOSA,1671,1641966,400,16.171516062173737,False,243.61040362589725,0.5925297113752123,0.9168081494057725,0.8845500848896435,0.7959083191850596,34
120050003023,BAY,3925,134670954,19557,6.068789043362078,True,145.2206241889398,0.9796264855687606,0.8438030560271647,0.5517826825127334,0.793616298811545,35
121319506091,WALTON,1576,5277587,8100,13.632630643027843,True,1534.7923208087334,0.5585738539898133,0.9864176570458404,0.8387096774193549,0.7922071307300511,36
120330036032,ESCAMBIA,2681,54809090,17344,5.941234515280229,True,316.443859950968,0.8913412563667232,0.9269949066213922,0.5432937181663837,0.7882512733446521,37
120910210013,OKALOOSA,1870,1789709,170,24.283901250823764,False,94.98750914254775,0.6859083191850595,0.6825127334465195,0.9932088285229203,0.7861969439728353,38
121130108082,SANTA ROSA,1996,19568589,2039,16.67723554403902,False,104.19759953055379,0.7249575551782682,0.735144312393888,0.8964346349745331,0.7849066213921903,39
121130108132,SANTA ROSA,1569,1746769,369,16.161625102093936,False,211.2471654809537,0.5517826825127334,0.9049235993208828,0.8828522920203735,0.777572156196944,40
120910209004,OKALOOSA,2642,3707968,291,20.083047249622133,False,78.47964167975559,0.8845500848896435,0.47877758913412566,0.9609507640067911,0.7758573853989814,41
121130108081,SANTA ROSA,2807,75809389,6297,16.12897880331565,False,83.06358992024062,0.9074702886247877,0.533106960950764,0.8811544991511036,0.7752461799660442,42
121319506052,WALTON,2050,14079802,2901,8.779614109758333,True,206.0398292532807,0.7453310696095077,0.8964346349745331,0.6825127334465195,0.7744651952461801,43
120910201012,OKALOOSA,2491,52501696,5823,8.911392361999223,True,110.91070277044003,0.8488964346349746,0.767402376910017,0.6893039049235993,0.7693378607809848,44
121130108022,SANTA ROSA,2114,2492270,282,10.479177328374996,True,113.14985936515707,0.769100169779287,0.7775891341256367,0.7589134125636672,0.7685398981324278,45
121130108092,SANTA ROSA,2231,17396417,1989,9.377767201758308,True,114.33388840932015,0.8081494057724957,0.7792869269949066,0.7079796264855688,0.7655687606112055,46
120330038001,ESCAMBIA,1596,348718708,68594,13.810031694503833,True,196.7029540611856,0.565365025466893,0.8862478777589134,0.8438030560271647,0.7631409168081495,47
120050002012,BAY,1908,87253878,17440,9.139885677082708,True,199.87650291027754,0.6994906621392191,0.8896434634974533,0.6977928692699491,0.7616808149405773,48
120050002041,BAY,2547,102230374,8478,16.119640887703667,False,82.93034318743665,0.8573853989813243,0.5314091680814941,0.8794567062818336,0.7570967741935485,49
121319506061,WALTON,1886,10625703,2244,8.386393361833976,True,211.18602693864113,0.6960950764006791,0.9032258064516129,0.6723259762308998,0.7566044142614601,50
120910231004,OKALOOSA,1560,1509373,407,12.119948307851194,True,269.64839042436824,0.5449915110356537,0.9219015280135824,0.8081494057724957,0.756213921901528,51
120910233082,OKALOOSA,2190,4264365,342,20.492437733083648,False,80.19951387838518,0.7894736842105263,0.5093378607809848,0.966044142614601,0.7552971137521223,52
121130108144,SANTA ROSA,2225,3217792,291,13.024801311420962,True,90.43468316162138,0.8047538200339559,0.634974533106961,0.8200339558573854,0.7537691001697793,53
120910203042,OKALOOSA,2716,24877974,2231,9.724076913123191,True,89.67772054106979,0.8964346349745331,0.6264855687606112,0.7266553480475382,0.7513242784380306,54
120050008062,BAY,2297,5578361,591,8.905582424538313,True,105.94509749369035,0.8132427843803056,0.7436332767402377,0.6876061120543294,0.7488115449915111,55
121319505021,WALTON,1824,9896407,1996,8.89405553787662,True,201.68936059319307,0.668081494057725,0.8947368421052632,0.6859083191850595,0.748760611205433,56
121130107092,SANTA ROSA,2887,21106879,1717,11.76190169792974,True,81.34788662975706,0.9219015280135824,0.5195246179966044,0.7962648556876061,0.7476570458404075,57
121319506111,WALTON,1292,7080823,6456,15.298491094337349,False,911.7584213021565,0.4091680814940577,0.9745331069609507,0.8692699490662139,0.747572156196944,58
121130105061,SANTA ROSA,2178,32392545,2917,13.1601013385437,True,90.05158440005255,0.7860780984719864,0.631578947368421,0.8234295415959253,0.7474193548387097,59
120910202001,OKALOOSA,2064,220545783,25813,8.526644810669099,True,117.0414580087437,0.7555178268251274,0.7894736842105263,0.6774193548387096,0.7409507640067913,60
120910231002,OKALOOSA,3185,2521639,185,14.12812387874717,True,73.36498206127047,0.9541595925297114,0.4074702886247878,0.8488964346349746,0.7390152801358234,61
120050002031,BAY,2765,14766468,1253,10.277743100871186,True,84.85441474562502,0.9015280135823429,0.5568760611205433,0.7521222410865874,0.7384889643463498,62
120910231001,OKALOOSA,2316,1490828,128,12.1047394113039,True,85.85832839200766,0.8251273344651953,0.5738539898132428,0.8047538200339559,0.735483870967742,63
121319504001,WALTON,1146,106401693,28322,22.813116679418712,False,266.1799751626133,0.3140916808149406,0.9202037351443124,0.9847198641765704,0.7354159592529712,64
121130101004,SANTA ROSA,1563,204738771,24287,14.204250489025425,True,118.62433227168292,0.5475382003395586,0.799660441426146,0.8505942275042445,0.7307470288624788,65
120050005002,BAY,1364,148789551,19186,17.62515135257102,False,128.94722694606426,0.44821731748726656,0.8285229202037352,0.9202037351443124,0.7294736842105263,66
121130105032,SANTA ROSA,2840,6206136,571,6.981396837764384,True,92.00571821178266,0.9134125636672326,0.6587436332767402,0.6078098471986417,0.7285229202037351,67
120910212005,OKALOOSA,1463,1803276,223,15.61802923298854,False,123.6638207351509,0.5033955857385399,0.8115449915110357,0.8726655348047538,0.7269439728353142,68
120330036033,ESCAMBIA,1613,13557250,12360,7.481257532583401,True,911.6893175238341,0.5738539898132428,0.9728353140916808,0.634974533106961,0.7256876061120543,69
120050026071,BAY,1284,8074692,9037,12.101838614306926,True,1119.1758150032224,0.40237691001697795,0.9813242784380306,0.8030560271646859,0.725653650254669,70
120910215021,OKALOOSA,1951,2437487,411,6.6921802793317,True,168.61628390223208,0.7122241086587436,0.8675721561969439,0.5891341256366723,0.7228692699490663,71
120330036131,ESCAMBIA,1540,32769507,6586,10.10386237205712,True,200.97952648478966,0.534804753820034,0.8913412563667232,0.7453310696095077,0.7219354838709678,72
120330038002,ESCAMBIA,1684,94610880,15140,9.204746443716612,True,160.02387886044397,0.597623089983022,0.8607809847198642,0.7028862478777589,0.7192020373514432,73
120910205005,OKALOOSA,2687,8979375,757,9.507720810766822,True,84.30430848472194,0.8930390492359932,0.5483870967741935,0.7096774193548387,0.7187945670628184,74
120050027032,BAY,1175,3058981,1305,16.40792086395655,False,426.6126530370734,0.33446519524617996,0.9439728353140917,0.8879456706281834,0.718251273344652,75
120910209002,OKALOOSA,2209,7219934,520,20.42775390153417,False,72.02281904516025,0.799660441426146,0.3870967741935484,0.9643463497453311,0.71786078098472,76
121319505023,WALTON,1059,11923479,4290,22.963414753190985,False,359.7943184199846,0.24448217317487267,0.9320882852292021,0.9881154499151104,0.7167911714770798,77
120330036121,ESCAMBIA,1712,9313957,1078,10.37802825638996,True,115.74028095684787,0.6095076400679117,0.7860780984719864,0.7572156196943973,0.7165195246179966,78
120050026051,BAY,1337,1234304,1164,9.985361231998054,True,943.0415845691174,0.432937181663837,0.9779286926994907,0.7419354838709677,0.7147538200339558,79
121130108231,SANTA ROSA,1382,2686995,1632,9.802273086393898,True,607.3699430032434,0.4567062818336163,0.9592529711375212,0.735144312393888,0.7144312393887946,80
121130109003,SANTA ROSA,1283,2065938,1924,10.871103554460635,True,931.2960989148754,0.399830220713073,0.9762308998302207,0.7741935483870968,0.7135823429541597,81
121130105051,SANTA ROSA,4394,25388476,2163,6.27074502849804,True,85.1961338679801,0.9898132427843803,0.5585738539898133,0.568760611205433,0.7085568760611205,82
120910203052,OKALOOSA,2382,78542338,6119,13.183386498650076,True,77.90702639893404,0.8285229202037352,0.466893039049236,0.8251273344651953,0.7080645161290324,83
120910204002,OKALOOSA,2987,2098891,225,4.860371115531334,True,107.19946867178905,0.9303904923599321,0.7504244482173175,0.43463497453310695,0.7074023769100171,84
120050026042,BAY,2865,1984689,150,10.134599663909103,True,75.57859191036984,0.9185059422750425,0.4465195246179966,0.7470288624787776,0.70616298811545,85
120910211023,OKALOOSA,1260,991307,120,19.116048331610944,False,121.05230771093112,0.3769100169779287,0.8047538200339559,0.9439728353140917,0.7052292020373514,86
121319505011,WALTON,1823,50007099,4574,11.184555500173095,True,91.46701351342136,0.66553480475382,0.6502546689303905,0.7843803056027164,0.6997113752122242,87
120050005001,BAY,1224,127920258,15839,19.10275595672668,False,123.81932500480103,0.35059422750424446,0.8149405772495756,0.9422750424448217,0.6990831918505942,88
120050027101,BAY,1261,1847932,1114,10.679670604575254,True,602.8360350922004,0.38200339558573854,0.9558573853989814,0.7640067911714771,0.6974363327674025,89
120330026041,ESCAMBIA,2570,11711350,7091,3.222122288089566,True,605.4810077403545,0.8607809847198642,0.9575551782682513,0.26825127334465193,0.6971816638370119,90
120330011011,ESCAMBIA,2020,2651342,1019,4.752083407734047,True,384.33366951528694,0.735144312393888,0.9354838709677419,0.41765704584040747,0.6964855687606113,91
120910207022,OKALOOSA,3856,4295328,579,3.177037582193034,True,134.79762197438706,0.9779286926994907,0.833616298811545,0.26485568760611206,0.6949915110356537,92
120910201011,OKALOOSA,1933,90768907,8041,10.753245254490254,True,88.58760412307268,0.7079796264855688,0.6061120543293718,0.769100169779287,0.6945331069609508,93
120910208002,OKALOOSA,1715,2836755,225,21.533867499919214,False,79.31597899712875,0.6137521222410866,0.4906621392190153,0.9762308998302207,0.6927504244482174,94
120330027011,ESCAMBIA,3284,10762608,962,5.324369069734713,True,89.38353975170331,0.9609507640067911,0.6196943972835314,0.4855687606112054,0.6914601018675722,95
121319505012,WALTON,1718,195326916,15635,19.40535147536055,False,80.04529186341118,0.6196943972835314,0.5076400679117148,0.9490662139219015,0.6914091680814941,96
121130108252,SANTA ROSA,1123,2516446,3967,12.065346534240382,True,1576.4296154179347,0.2928692699490662,0.9881154499151104,0.801358234295416,0.6901018675721562,97
121319506053,WALTON,2846,22486301,2009,5.723439337466386,True,89.34328505164099,0.9168081494057725,0.6179966044142614,0.5229202037351444,0.6882173174872666,98
120330037002,ESCAMBIA,2411,5535733,519,5.990679170243514,True,93.75452175890709,0.8387096774193549,0.6740237691001698,0.5466893039049237,0.6879966044142616,99
120330026062,ESCAMBIA,1882,2273823,262,6.57094313175346,True,115.22444798913547,0.6935483870967742,0.7826825127334465,0.5874363327674024,0.6879456706281833,100
120910206012,OKALOOSA,2056,19183301,2130,5.990106112392615,True,111.0340707264094,0.7470288624787776,0.769100169779287,0.5449915110356537,0.687640067911715,101
120330036034,ESCAMBIA,3097,14783678,1322,5.336814327154846,True,89.42294332979925,0.9422750424448217,0.6213921901528013,0.4906621392190153,0.6873514431239389,102
121130108085,SANTA ROSA,4221,13735460,905,10.846553806082031,True,65.88785523018522,0.9881154499151104,0.2920203735144312,0.7724957555178268,0.6872495755517827,103
120330024001,ESCAMBIA,5532,20954901,1401,9.793815993020656,True,66.85786776086415,1.0,0.3157894736842105,0.733446519524618,0.6862478777589135,104
120330033051,ESCAMBIA,2593,16832065,1767,4.90512807961617,True,104.97820677379751,0.870118845500849,0.7402376910016978,0.44142614601018676,0.6857894736842106,105
121130103021,SANTA ROSA,4953,69101706,5214,7.078703500888279,True,75.45399819796056,0.9966044142614601,0.44142614601018676,0.6095076400679117,0.685653650254669,106
120330014013,ESCAMBIA,4485,862599,114,2.812412003007416,True,132.1587435181353,0.9915110356536503,0.831918505942275,0.21901528013582344,0.6839219015280136,107
120330036122,ESCAMBIA,2813,6551334,633,4.86996679570469,True,96.62154303230457,0.9100169779286927,0.6926994906621392,0.4380305602716469,0.682546689303905,108
120330035092,ESCAMBIA,3100,3673025,330,5.059104694612684,True,89.84420198610137,0.9456706281833617,0.6281833616298812,0.4634974533106961,0.6817826825127336,109
120050027081,BAY,869,1180373,2506,18.254412626303232,False,2123.05771141834,0.13752122241086587,0.9966044142614601,0.9269949066213922,0.6815449915110356,110
120050006001,BAY,919,54190724,16263,22.43631923368205,False,300.10671199004463,0.15449915110356535,0.9235993208828522,0.9796264855687606,0.6805942275042445,111
120330023001,ESCAMBIA,2039,2584179,2068,3.745589984673289,True,800.2541619601429,0.7419354838709677,0.967741935483871,0.32767402376910015,0.6797453310696095,112
120050003021,BAY,1659,97199948,13340,7.091812089926354,True,137.24287177602193,0.5891341256366723,0.8387096774193549,0.6129032258064516,0.6793378607809848,113
120330036083,ESCAMBIA,3146,9290314,870,4.463616011595099,True,93.6459198257454,0.9524617996604414,0.6723259762308998,0.3938879456706282,0.6756876061120544,114
121130108272,SANTA ROSA,3673,5042771,336,9.78250751386701,True,66.63003336855867,0.9745331069609507,0.3089983022071307,0.7317487266553481,0.6747877758913413,115
120910206013,OKALOOSA,4555,21649426,2053,3.8142549311145415,True,94.82930401942298,0.9932088285229203,0.6808149405772496,0.3395585738539898,0.6744142614601019,116
121130108251,SANTA ROSA,2169,2859353,315,5.142511664297146,True,110.16478203285848,0.7826825127334465,0.7623089983022071,0.47198641765704585,0.6734295415959254,117
121130108232,SANTA ROSA,3542,6107672,358,13.4898675777697,True,58.61480446232214,0.967741935483871,0.20882852292020374,0.833616298811545,0.6730390492359932,118
120050025001,BAY,2200,3012156,290,5.726017489429182,True,96.27655406957675,0.7962648556876061,0.6876061120543294,0.5246179966044142,0.6707640067911715,119
120910232002,OKALOOSA,1100,6118748,14957,10.344353481496595,True,2444.4543230085633,0.2699490662139219,0.99830220713073,0.7538200339558574,0.6699830220713073,120
120910233031,OKALOOSA,725,2166623,5674,19.31189313367463,False,2618.822010105127,0.07555178268251274,1.0,0.9473684210526315,0.6683191850594228,121
121130104001,SANTA ROSA,1812,139445943,11016,14.8380112673164,True,78.99835422246741,0.6587436332767402,0.4855687606112054,0.8573853989813243,0.6671477079796265,122
120910212001,OKALOOSA,2043,2709724,193,15.43014349684259,False,71.22496608510683,0.7436332767402377,0.37860780984719866,0.8709677419354839,0.6651952461799662,123
120910211013,OKALOOSA,1052,1062120,157,17.385471070779918,False,147.8175724023651,0.23938879456706283,0.8471986417657046,0.9134125636672326,0.6623938879456706,124
121130108282,SANTA ROSA,2493,7763273,558,9.824510813460629,True,71.87690037436529,0.8505942275042445,0.3837011884550085,0.7402376910016978,0.6601018675721563,125
121319504003,WALTON,870,121306171,18702,26.42528832013241,False,154.17187638376615,0.13921901528013583,0.8539898132427843,0.99830220713073,0.658590831918506,126
120330033071,ESCAMBIA,2180,2359356,245,4.969974926209249,True,103.84189583937312,0.7877758913412564,0.7317487266553481,0.44821731748726656,0.65723259762309,127
121130108242,SANTA ROSA,2537,4641310,421,5.103088588625607,True,90.7071494901224,0.8556876061120543,0.6400679117147708,0.466893039049236,0.6562308998302209,128
121319505013,WALTON,1028,195078062,22950,20.006659161063418,False,117.6452122022824,0.22495755517826826,0.7962648556876061,0.9592529711375212,0.6558064516129033,129
121130108141,SANTA ROSA,952,1649016,703,15.231722139953067,False,426.314844731646,0.17402376910016978,0.9422750424448217,0.8641765704584041,0.6552971137521222,130
120330036132,ESCAMBIA,1320,33589990,7499,7.550784657809086,True,223.25103401340698,0.41935483870967744,0.9134125636672326,0.6366723259762309,0.6541086587436333,131
120050014042,BAY,3133,5273608,450,4.838975821703959,True,85.33057443784217,0.9507640067911715,0.5619694397283531,0.42784380305602715,0.6498981324278439,132
120330036031,ESCAMBIA,3479,11083111,1025,3.4405195954257475,True,92.48305823157415,0.966044142614601,0.66723259762309,0.30560271646859083,0.6494906621392191,133
121319503053,WALTON,1135,588756912,53947,28.235108768361968,False,91.62864825950442,0.30390492359932086,0.6536502546689303,1.0,0.6490322580645161,134
120330038003,ESCAMBIA,1681,34710868,3690,6.76199688353734,True,106.30676248142225,0.5959252971137521,0.7453310696095077,0.599320882852292,0.6463497453310697,135
121130107113,SANTA ROSA,1785,13219554,1822,4.932516439301604,True,137.82613240961078,0.6511035653650254,0.8404074702886248,0.4465195246179966,0.6460611205432938,136
120330034001,ESCAMBIA,2402,4047823,349,5.56211121747347,True,86.2191849791851,0.833616298811545,0.5840407470288624,0.5110356536502547,0.644804753820034,137
121319501043,WALTON,1715,104702775,8164,13.886338400706157,True,77.97310052192981,0.6137521222410866,0.4685908319185059,0.8471986417657046,0.6428862478777588,138
121319501021,WALTON,658,75581743,18037,22.84991653178397,False,238.6422869342931,0.044142614601018676,0.9151103565365025,0.9864176570458404,0.6425127334465196,139
120050003011,BAY,1096,35099237,5499,12.35052079131081,True,156.67007234373784,0.267402376910017,0.8573853989813243,0.8132427843803056,0.6422241086587437,140
120910212004,OKALOOSA,1040,1079440,161,13.882979087657883,True,149.15141184317795,0.23429541595925296,0.8488964346349746,0.8455008488964346,0.638811544991511,141
120330025001,ESCAMBIA,928,10204942,16663,10.957216801308714,True,1632.836325772356,0.15789473684210525,0.9898132427843803,0.7792869269949066,0.6374872665534805,142
120910214001,OKALOOSA,2979,7319381,506,7.112258907175224,True,69.13152901864242,0.9286926994906621,0.35144312393887944,0.6162988115449916,0.6351103565365026,143
120050014021,BAY,1321,1968628,350,7.087981177459267,True,177.78879503898145,0.4219015280135823,0.8743633276740238,0.6112054329371817,0.6336842105263158,144
121319503061,WALTON,1656,38449036,2800,17.540552603098927,False,72.82367235423015,0.5874363327674024,0.39728353140916806,0.9151103565365025,0.6328183361629882,145
120330036091,ESCAMBIA,2409,2280519,205,4.838944495622625,True,89.89181848517815,0.8353140916808149,0.629881154499151,0.42614601018675724,0.6324957555178268,146
120050004022,BAY,2309,16656700,1255,7.393699219829378,True,75.34505634369353,0.8200339558573854,0.4380305602716469,0.633276740237691,0.6323429541595926,147
120050026061,BAY,865,580566,808,11.458426652824349,True,1391.7452968310236,0.13412563667232597,0.9847198641765704,0.7911714770797963,0.6316468590831918,148
120910203061,OKALOOSA,1452,53598020,4835,10.684424468483416,True,90.2085562115914,0.49745331069609505,0.633276740237691,0.765704584040747,0.6307979626485569,149
120330036101,ESCAMBIA,3034,4689347,463,2.9599172052383333,True,98.73442933525713,0.9354838709677419,0.7045840407470289,0.24108658743633277,0.6301358234295416,150
121130105043,SANTA ROSA,3122,6830190,497,5.790554658761553,True,72.76517929955097,0.9490662139219015,0.39558573853989815,0.5297113752122241,0.6280305602716469,151
120910227001,OKALOOSA,1280,1429807,300,6.564358402738241,True,209.81852795517156,0.39558573853989815,0.9015280135823429,0.5857385398981324,0.6252971137521223,152
121130108221,SANTA ROSA,3299,4785541,286,8.48991012013582,True,59.76335799860454,0.9643463497453311,0.22241086587436332,0.6757215619694398,0.6242614601018677,153
121319503032,WALTON,1661,14241750,1267,8.214145673060381,True,88.96378605157372,0.5908319185059423,0.6146010186757216,0.66723259762309,0.6238879456706283,154
120910224001,OKALOOSA,1198,1204074,304,7.154744837901505,True,252.47617671339134,0.3404074702886248,0.9185059422750425,0.6196943972835314,0.6233446519524618,155
120330026021,ESCAMBIA,1156,7765128,15056,6.221410346912913,True,1938.9248960223192,0.32088285229202035,0.9949066213921901,0.5619694397283531,0.6228692699490662,156
121130108143,SANTA ROSA,1557,2013752,151,16.58308517014173,False,74.9844072159829,0.5424448217317487,0.43463497453310695,0.8930390492359932,0.6225636672325976,157
120910207021,OKALOOSA,1782,3260554,292,6.708729616256592,True,89.55533323478157,0.6485568760611206,0.6247877758913413,0.5925297113752123,0.6222241086587437,158
121319503042,WALTON,2029,12491886,999,7.110132917048957,True,79.97191136710663,0.7385398981324278,0.5059422750424448,0.6146010186757216,0.6208828522920204,159
121319501022,WALTON,1003,108608828,13084,15.170842738365728,False,120.46902853974264,0.20797962648556875,0.8030560271646859,0.8624787775891342,0.620339558573854,160
120910215012,OKALOOSA,2004,1227450,138,3.926766738631453,True,112.42820481486008,0.7283531409168081,0.7724957555178268,0.3548387096774194,0.6196604414261461,161
121130109001,SANTA ROSA,1224,6697791,2609,6.422501797089238,True,389.5314141632667,0.35059422750424446,0.9371816638370118,0.5789473684210527,0.6195246179966044,162
120910209003,OKALOOSA,1060,1507005,145,18.732577720386068,False,96.21733172749924,0.2461799660441426,0.6859083191850595,0.9354838709677419,0.6187606112054329,163
120910201021,OKALOOSA,988,287655882,32449,16.686285346900906,False,112.80492432273643,0.1935483870967742,0.7758913412563667,0.8981324278438031,0.6182342954159592,164
120330027042,ESCAMBIA,3685,6077140,459,4.807179683559694,True,75.52894947294287,0.9762308998302207,0.44482173174872663,0.4227504244482173,0.6182173174872666,165
120050027121,BAY,2621,2623201,163,9.550315190242964,True,62.13782321674931,0.8794567062818336,0.25127334465195245,0.7147707979626485,0.6178098471986417,166
120330035121,ESCAMBIA,1255,1960291,1084,5.863181494974908,True,552.9791240178116,0.3701188455008489,0.9524617996604414,0.5382003395585738,0.6177589134125637,167
120330039004,ESCAMBIA,1535,43414234,3745,9.805727279704287,True,86.26203101959601,0.533106960950764,0.5857385398981324,0.7368421052631579,0.6177079796264856,168
120050027092,BAY,1920,4503338,262,18.33087445727989,False,58.17906628372109,0.7037351443123939,0.2071307300509338,0.9303904923599321,0.6146519524617997,169
120910211011,OKALOOSA,1746,3021305,203,16.511185454124337,False,67.18950916905112,0.6290322580645161,0.3225806451612903,0.8913412563667232,0.61446519524618,170
120050014022,BAY,3098,4830863,341,5.708458245166178,True,70.58780180684073,0.9439728353140917,0.366723259762309,0.5212224108658744,0.6139728353140917,171
121319501031,WALTON,1194,18788762,2288,9.12684290993822,True,121.77492056155697,0.3378607809847199,0.8064516129032258,0.6943972835314092,0.6101528013582344,172
120330036143,ESCAMBIA,1857,26815799,2553,4.998308965979851,True,95.20506922057405,0.6825127334465195,0.6842105263157895,0.4533106960950764,0.6074363327674024,173
120910210012,OKALOOSA,2000,1878479,90,24.163560789396133,False,47.911102546262164,0.7266553480475382,0.10186757215619695,0.9898132427843803,0.6073174872665534,174
120910229003,OKALOOSA,1860,3352261,268,7.380015956295407,True,79.946042387511,0.6842105263157895,0.5025466893039049,0.631578947368421,0.606893039049236,175
120330031001,ESCAMBIA,2661,1848265,160,3.7488908997031833,True,86.56767292568976,0.8879456706281834,0.5925297113752123,0.3310696095076401,0.6066893039049237,176
121130108094,SANTA ROSA,1056,26584115,2694,15.081094319773928,False,101.33871298706013,0.2427843803056027,0.7249575551782682,0.8607809847198642,0.6058404074702887,177
120910212003,OKALOOSA,867,1049004,173,13.344846217251078,True,164.91834158878325,0.13582342954159593,0.8641765704584041,0.830220713073005,0.6053310696095077,178
120910201022,OKALOOSA,2309,106414826,8469,5.354579587660605,True,79.58477515153763,0.8200339558573854,0.4940577249575552,0.4940577249575552,0.6048896434634975,179
121130108281,SANTA ROSA,3000,1967370,97,10.657795628425289,True,49.30440130732907,0.9320882852292021,0.10865874363327674,0.7623089983022071,0.6043293718166384,180
120330014024,ESCAMBIA,1771,1888078,187,5.029554779481998,True,99.04251837053343,0.6426146010186757,0.7096774193548387,0.45840407470288624,0.603955857385399,181
120050027061,BAY,1102,2267826,203,18.24629162516701,False,89.51304024206443,0.27249575551782684,0.6230899830220713,0.9252971137521222,0.603616298811545,182
120330036144,ESCAMBIA,1686,15424204,1525,5.5500910110106565,True,98.8705802905615,0.599320882852292,0.7062818336162988,0.5042444821731749,0.6032427843803057,183
120910209001,OKALOOSA,1324,2149171,168,17.571594458192543,False,78.16967565633446,0.4244482173174873,0.47368421052631576,0.9168081494057725,0.6031748726655348,184
120330036142,ESCAMBIA,1590,13820969,1256,6.898604441874521,True,90.87640671214876,0.5636672325976231,0.6417657045840407,0.6044142614601019,0.602886247877759,185
120910215011,OKALOOSA,1062,1014987,618,6.877612761622497,True,608.8747934702611,0.24787775891341257,0.9609507640067911,0.6027164685908319,0.6002886247877759,186
120050026093,BAY,2582,3512130,243,6.321233650377935,True,69.18878287534915,0.8633276740237691,0.3531409168081494,0.5721561969439728,0.5988794567062818,187
120910233032,OKALOOSA,792,973689,101,20.800405972915904,False,103.72921949410951,0.11035653650254669,0.7300509337860781,0.967741935483871,0.5977928692699491,188
120330033131,ESCAMBIA,2442,2102863,221,2.6315258296918285,True,105.09481597231964,0.8438030560271647,0.7419354838709677,0.19864176570458403,0.5972835314091681,189
121130105041,SANTA ROSA,1932,10268916,749,8.488394115476337,True,72.93856527797091,0.7062818336162988,0.400679117147708,0.6740237691001698,0.5947877758913414,190
121130105033,SANTA ROSA,1780,7933040,591,9.3306383864545,True,74.49855288766979,0.6451612903225806,0.432937181663837,0.7045840407470289,0.5947368421052632,191
120910201023,OKALOOSA,1363,114993210,10679,8.363354054162144,True,92.86635271769524,0.4465195246179966,0.6689303904923599,0.6706281833616299,0.5938709677419355,192
120330036133,ESCAMBIA,1308,3563510,543,5.653034820767293,True,152.37785217383984,0.4159592529711375,0.8505942275042445,0.5161290322580645,0.5924448217317487,193
120050013012,BAY,3978,8188568,543,5.212414351297809,True,66.31196077262838,0.9847198641765704,0.300509337860781,0.47877758913412566,0.5919694397283531,194
120910233052,OKALOOSA,2314,2020922,45,19.004413938458665,False,22.26706424097516,0.8234295415959253,0.003395585738539898,0.9405772495755518,0.591477079796265,195
120330010021,ESCAMBIA,1342,1221030,597,4.358269270645277,True,488.93147588511334,0.4388794567062818,0.9490662139219015,0.38879456706281834,0.5907130730050933,196
120910206022,OKALOOSA,2926,4980937,413,3.4315267342967237,True,82.91612602207175,0.9252971137521222,0.5297113752122241,0.30220713073005095,0.5891341256366723,197
121319506102,WALTON,2399,31771563,1847,9.640604522193088,True,58.13374683518088,0.831918505942275,0.2037351443123939,0.7215619694397284,0.5882003395585739,198
120910208003,OKALOOSA,1485,20174101,1491,13.448545136303002,True,73.906639012068,0.5118845500848896,0.42105263157894735,0.831918505942275,0.5875212224108659,199
120330036123,ESCAMBIA,1545,4639498,399,7.646553676172444,True,86.00068369465835,0.5365025466893039,0.5755517826825127,0.6485568760611206,0.5863667232597622,200
120910220021,OKALOOSA,2375,1445187,131,3.283060996741909,True,90.64570882522469,0.8268251273344652,0.6383701188455009,0.2835314091680815,0.5853480475382004,201
120050002011,BAY,1306,56056658,4385,15.29029366225554,False,78.22442786368035,0.4142614601018676,0.47538200339558573,0.8675721561969439,0.5840237691001698,202
120330040003,ESCAMBIA,546,26641400,13632,11.768317098295016,True,511.6848213682464,0.02037351443123939,0.9507640067911715,0.797962648556876,0.5840067911714771,203
120330001001,ESCAMBIA,1756,1908834,316,3.000541395291953,True,165.54608729727153,0.634974533106961,0.865874363327674,0.2495755517826825,0.5839898132427843,204
120330036112,ESCAMBIA,2735,5550826,443,3.8573960451055855,True,79.80794209726625,0.8981324278438031,0.49745331069609505,0.3463497453310696,0.5838200339558575,205
121130108093,SANTA ROSA,1050,8616752,796,14.75858651128482,True,92.3781954035581,0.23769100169779286,0.6621392190152802,0.8556876061120543,0.58169779286927,206
120910212002,OKALOOSA,745,25859991,2525,21.02478361660177,False,97.64117860675202,0.08743633276740238,0.6994906621392191,0.9711375212224108,0.5810356536502548,207
121130102003,SANTA ROSA,1372,147236220,12570,9.656514550667795,True,85.37301487364998,0.45161290322580644,0.565365025466893,0.7232597623089984,0.5787945670628184,208
121130109002,SANTA ROSA,1092,1066359,124,8.976303232705279,True,116.28354053372269,0.26485568760611206,0.7877758913412564,0.6910016977928692,0.5780475382003396,209
121130101003,SANTA ROSA,585,57797899,12051,13.118854153040957,True,208.50238864218923,0.025466893039049237,0.8998302207130731,0.8217317487266553,0.5767741935483871,210
120330026071,ESCAMBIA,4123,13986641,845,5.492903294128367,True,60.41479151427423,0.9864176570458404,0.23089983022071306,0.499151103565365,0.5762988115449916,211
121130105062,SANTA ROSA,2005,8890698,654,6.468633880585421,True,73.56002869515982,0.7300509337860781,0.41256366723259763,0.5806451612903226,0.5759762308998303,212
120910218021,OKALOOSA,2410,1125911,98,3.292468937285466,True,87.0406275451612,0.8370118845500849,0.5959252971137521,0.2869269949066214,0.5759252971137522,213
121319506051,WALTON,1881,6757958,484,7.688365717478814,True,71.61926724019297,0.6910016977928692,0.38200339558573854,0.6502546689303905,0.5755857385398981,214
121130107072,SANTA ROSA,2799,6164882,511,3.2698821158854323,True,82.88885334707136,0.9049235993208828,0.5280135823429541,0.2801358234295416,0.5743633276740238,215
120330027041,ESCAMBIA,2592,10265400,660,6.395369739100727,True,64.29364661873868,0.866723259762309,0.2699490662139219,0.5772495755517827,0.5742614601018676,216
120330032032,ESCAMBIA,1693,2715361,211,7.762584300816512,True,77.70605823682375,0.6027164685908319,0.46519524617996605,0.6536502546689303,0.5741426146010187,217
121130103032,SANTA ROSA,3959,23655364,1555,4.869138843950756,True,65.73561920247772,0.9830220713073005,0.2903225806451613,0.4363327674023769,0.5740237691001698,218
121130107081,SANTA ROSA,1766,4419957,392,5.132870024039864,True,88.68864561352068,0.6400679117147708,0.6112054329371817,0.4685908319185059,0.573955857385399,219
121130107091,SANTA ROSA,1220,5138926,556,7.219141010343577,True,108.19381325981344,0.34804753820033957,0.7555178268251274,0.6247877758913413,0.5738370118845502,220
121130103012,SANTA ROSA,3070,5608040,259,8.801195497024107,True,46.183693411601915,0.9388794567062818,0.0865874363327674,0.6842105263157895,0.5735823429541597,221
121319501023,WALTON,719,153700561,21427,12.618044256141786,True,139.4074287080839,0.07130730050933787,0.8421052631578947,0.8149405772495756,0.5710696095076401,222
121130108211,SANTA ROSA,2674,2840627,220,3.858992677219149,True,77.44769024585065,0.8896434634974533,0.4634974533106961,0.34804753820033957,0.5702886247877759,223
120910229002,OKALOOSA,1438,1383394,119,7.605343164575794,True,86.02032392796268,0.4923599320882852,0.5772495755517827,0.6434634974533107,0.5702376910016977,224
120050027131,BAY,637,1128487,2051,9.12985786560493,True,1817.4777378915308,0.03735144312393888,0.9915110356536503,0.6960950764006791,0.569609507640068,225
120330039001,ESCAMBIA,1405,160923166,11192,16.206559453759258,False,69.54871867236318,0.4685908319185059,0.3565365025466893,0.8862478777589134,0.5694397283531409,226
120330017001,ESCAMBIA,2097,2777704,352,1.9246175399912355,True,126.72336577259492,0.7623089983022071,0.8251273344651953,0.11035653650254669,0.5678947368421053,227
120050027031,BAY,2468,6986426,221,13.533843212539296,True,31.632769029543862,0.8455008488964346,0.013582342954159592,0.8353140916808149,0.5676061120543294,228
120910203051,OKALOOSA,1672,64353327,4544,9.80672641076806,True,70.61017995231234,0.5942275042444821,0.3684210526315789,0.7385398981324278,0.5673344651952461,229
120910211012,OKALOOSA,660,853100,100,16.09234509458062,False,117.21955222131052,0.04584040747028863,0.7928692699490663,0.8777589134125636,0.5668930390492359,230
121319506043,WALTON,1587,12361010,966,8.18901973834909,True,78.14895384762248,0.5619694397283531,0.47198641765704585,0.66553480475382,0.5664516129032259,231
121130101001,SANTA ROSA,614,369347802,38457,19.446592196757987,False,104.12137229938084,0.028862478777589132,0.733446519524618,0.9507640067911715,0.5656027164685908,232
120330026052,ESCAMBIA,2495,16145069,1073,5.7780604004540175,True,66.45992036330102,0.8539898132427843,0.30390492359932086,0.5280135823429541,0.5648896434634975,233
121130102004,SANTA ROSA,1172,129030556,10613,13.598099738389369,True,82.25183498395528,0.33276740237691,0.5263157894736842,0.8370118845500849,0.5630390492359932,234
121130108262,SANTA ROSA,1828,2342611,158,8.566583317156047,True,67.44611034439777,0.6714770797962648,0.32767402376910015,0.6791171477079796,0.5605432937181664,235
120330036084,ESCAMBIA,1583,7721229,625,6.769146539344487,True,80.94566292490482,0.5602716468590832,0.5178268251273345,0.601018675721562,0.5597113752122241,236
121130108273,SANTA ROSA,2807,3312120,163,7.778285653259771,True,49.21319275871647,0.9074702886247877,0.10526315789473684,0.6553480475382003,0.5595415959252972,237
120330014022,ESCAMBIA,2062,2542717,215,3.96653743642581,True,84.55522183554048,0.7521222410865874,0.5534804753820034,0.3616298811544992,0.5577079796264857,238
120050003022,BAY,1274,105168263,8767,10.161240665883232,True,83.36165065310625,0.38879456706281834,0.5365025466893039,0.7487266553480475,0.5563157894736842,239
121319501032,WALTON,1157,26416010,2220,12.105927800285782,True,84.03994395822836,0.3234295415959253,0.5449915110356537,0.8064516129032258,0.5559422750424449,240
120330019001,ESCAMBIA,2204,1734728,171,2.289532120468898,True,98.5745315692143,0.797962648556876,0.7028862478777589,0.15789473684210525,0.555365025466893,241
121130107071,SANTA ROSA,1625,40923968,3286,6.327429194524424,True,80.29524409754205,0.5755517826825127,0.5127334465195246,0.5738539898132428,0.5542614601018676,242
120910205006,OKALOOSA,2072,4503773,320,5.660208936748131,True,71.05153834351776,0.7572156196943973,0.3769100169779287,0.5178268251273345,0.5527164685908319,243
120330035073,ESCAMBIA,2168,2155928,195,2.8992478210877097,True,90.44828955326895,0.7809847198641766,0.6366723259762309,0.23259762308998302,0.5523938879456707,244
121319501041,WALTON,846,84580974,7817,16.024357419846535,False,92.42031192499628,0.12563667232597622,0.66553480475382,0.8760611205432938,0.5514431239388795,245
121319506073,WALTON,1920,5241453,196,17.13629391031106,False,37.39421110901882,0.7037351443123939,0.03735144312393888,0.9083191850594228,0.5513412563667233,246
121130107043,SANTA ROSA,2842,7556066,364,7.193872532483364,True,48.17321606243249,0.9151103565365025,0.1035653650254669,0.6213921901528013,0.5503735144312394,247
120330033122,ESCAMBIA,1713,1562446,134,5.070205425798409,True,85.76296396803474,0.6112054329371817,0.5721561969439728,0.46519524617996605,0.5501358234295416,248
121130108133,SANTA ROSA,1716,1180936,60,16.72066295415949,False,50.80715635733012,0.6171477079796265,0.12393887945670629,0.9015280135823429,0.5482342954159592,249
120050004021,BAY,2108,24371650,1626,6.124296927517076,True,66.71686159944034,0.767402376910017,0.31069609507640067,0.5551782682512734,0.5466553480475382,250
120050026091,BAY,1207,2411643,222,7.562650393852306,True,92.05342581800042,0.34465195246179964,0.6604414261460102,0.6383701188455009,0.5457894736842106,251
120050026045,BAY,1203,967959,78,10.93950714339698,True,80.58192547411616,0.34295415959252973,0.5161290322580645,0.7775891341256367,0.5435314091680816,252
120910203031,OKALOOSA,3065,12554421,702,5.5202312733923895,True,55.91655720323542,0.9371816638370118,0.1799660441426146,0.5008488964346349,0.5433106960950764,253
120050007001,BAY,141,114529712,17642,11.44878779113372,True,154.03863060443214,0.001697792869269949,0.8522920203735145,0.7894736842105263,0.5423599320882853,254
121130108202,SANTA ROSA,2965,4785925,242,6.314527077419443,True,50.5649378124396,0.9269949066213922,0.11714770797962648,0.5704584040747029,0.5420882852292022,255
121130107053,SANTA ROSA,741,3694691,727,8.354809172253857,True,196.76882315733576,0.08234295415959253,0.8879456706281834,0.6689303904923599,0.5417657045840407,256
120330028022,ESCAMBIA,1732,1296664,113,4.499129613651164,True,87.14670878500522,0.6213921901528013,0.597623089983022,0.400679117147708,0.5407130730050934,257
120050027062,BAY,1626,9516119,429,19.827791576776647,False,45.08140345869992,0.5772495755517827,0.08149405772495756,0.9575551782682513,0.5391511035653651,258
120330016001,ESCAMBIA,2191,2313355,247,1.5087108221072618,True,106.77133427424671,0.7911714770797963,0.7470288624787776,0.06960950764006792,0.5384889643463499,259
120050005003,BAY,5014,61081228,3504,4.602688489454935,True,57.36623369785558,0.99830220713073,0.1935483870967742,0.4074702886247878,0.5377589134125637,260
120330035062,ESCAMBIA,3005,1800160,132,3.117048573386991,True,73.32681539418718,0.933786078098472,0.4057724957555178,0.2597623089983022,0.5371137521222411,261
120910216001,OKALOOSA,1496,1954584,142,9.061518042451782,True,72.64973007043953,0.5178268251273345,0.3921901528013582,0.6926994906621392,0.5340747028862479,262
121130108083,SANTA ROSA,769,69291914,5842,20.994047661383792,False,84.30998168126803,0.09507640067911714,0.5500848896434635,0.969439728353141,0.5337691001697793,263
120330035091,ESCAMBIA,2194,2540865,174,5.024134793723769,True,68.48061585326256,0.7928692699490663,0.34125636672325976,0.45500848896434637,0.5323429541595925,264
120330035071,ESCAMBIA,2620,1653164,126,3.065830001110782,True,76.21748356484898,0.8777589134125636,0.44991511035653653,0.2563667232597623,0.5315110356536502,265
120910228002,OKALOOSA,1198,331897,32,6.24655736804915,True,96.41545419211381,0.3404074702886248,0.6910016977928692,0.567062818336163,0.5308998302207131,266
120910205002,OKALOOSA,1138,1937571,227,5.330828777886212,True,117.15699708552616,0.3081494057724958,0.7911714770797963,0.48896434634974534,0.5272156196943973,267
121130108091,SANTA ROSA,987,5260145,651,6.519739271220238,True,123.76084689680609,0.19185059422750425,0.8132427843803056,0.5840407470288624,0.526332767402377,268
120330036111,ESCAMBIA,1743,3021221,222,5.860156970294756,True,73.48022537907687,0.6264855687606112,0.4091680814940577,0.5365025466893039,0.5250764006791172,269
120910218012,OKALOOSA,2708,995495,59,4.98746990987073,True,59.26699782520254,0.8947368421052632,0.21392190152801357,0.45161290322580644,0.5238370118845501,270
121130104002,SANTA ROSA,1011,70618675,5413,16.809744584695313,False,76.65111247131159,0.21731748726655348,0.4567062818336163,0.9032258064516129,0.5226655348047539,271
120330026051,ESCAMBIA,2566,2079659,115,5.759472016362622,True,55.29752714267099,0.8590831918505942,0.1697792869269949,0.5263157894736842,0.5217996604414261,272
121130101002,SANTA ROSA,1090,201909664,14223,19.16919220332657,False,70.44239348543515,0.2614601018675722,0.36502546689303905,0.9456706281833617,0.5214261460101868,273
120050002042,BAY,1119,95791643,6606,18.45787252490729,False,68.96217449783173,0.28862478777589134,0.34974533106960953,0.9320882852292021,0.521137521222411,274
121130102001,SANTA ROSA,1260,60743951,10707,3.659697698825044,True,176.2644645884164,0.3769100169779287,0.8726655348047538,0.3174872665534805,0.5208998302207131,275
120330033012,ESCAMBIA,1289,5787960,620,4.593115014439022,True,107.11891581835397,0.4074702886247878,0.7487266553480475,0.4057724957555178,0.5195246179966044,276
120330030012,ESCAMBIA,2266,1264779,106,2.557522619556171,True,83.80910815249146,0.8115449915110357,0.5432937181663837,0.19185059422750425,0.5185229202037352,277
120330013002,ESCAMBIA,1607,1208917,118,3.2699144819441623,True,97.60802437222738,0.5696095076400679,0.6977928692699491,0.28183361629881154,0.5169439728353141,278
121130107112,SANTA ROSA,1761,2674189,193,5.690834811533279,True,72.1714134640446,0.6375212224108658,0.38879456706281834,0.5195246179966044,0.516502546689304,279
121130103031,SANTA ROSA,1260,101010538,7780,9.56056942591542,True,77.02166678886515,0.3769100169779287,0.4601018675721562,0.7164685908319185,0.5164176570458404,280
120910210022,OKALOOSA,1549,790799,28,22.50768360901838,False,35.4072273738333,0.5382003395585738,0.025466893039049237,0.9813242784380306,0.5152292020373515,281
120330026022,ESCAMBIA,689,3115307,3235,5.646561366137848,True,1038.4209325116271,0.06281833616298811,0.9796264855687606,0.5144312393887945,0.5143972835314092,282
120910203062,OKALOOSA,1285,27687704,1834,13.709891631181714,True,66.23878960855693,0.40492359932088284,0.29711375212224106,0.8421052631578947,0.5136162988115449,283
120050027102,BAY,2101,12478978,540,9.16057562423364,True,43.27277442111045,0.7640067911714771,0.06791171477079797,0.6994906621392191,0.5130050933786079,284
120330003001,ESCAMBIA,1490,3463670,504,2.464073716557592,True,145.5103979305188,0.5152801358234296,0.8455008488964346,0.1765704584040747,0.5124787775891342,285
120330008011,ESCAMBIA,1395,2378841,784,2.1212407516672376,True,329.5722580870264,0.46519524617996605,0.9286926994906621,0.13752122241086587,0.5100169779286927,286
121130107122,SANTA ROSA,2592,6339234,469,2.8674764122817678,True,73.98370213183485,0.866723259762309,0.4227504244482173,0.22920203735144312,0.509830220713073,287
121319506062,WALTON,1032,23477620,2955,5.306565953015279,True,125.86454674707231,0.22920203735144312,0.8217317487266553,0.48217317487266553,0.5082173174872666,288
120330028041,ESCAMBIA,3568,4018275,256,3.2511053046322376,True,63.70892982685356,0.969439728353141,0.2631578947368421,0.2767402376910017,0.5077758913412564,289
120050023002,BAY,1739,1500521,242,1.0015002849680208,True,161.277316345456,0.6230899830220713,0.8624787775891342,0.030560271646859084,0.5065534804753821,290
120050015011,BAY,3093,6627839,362,4.546298147277016,True,54.61810403058976,0.9405772495755518,0.16129032258064516,0.40237691001697795,0.5058064516129033,291
121130109004,SANTA ROSA,811,633745,58,10.347986969455937,True,91.5194597196033,0.11375212224108659,0.6519524617996605,0.7555178268251274,0.5031409168081495,292
120910221001,OKALOOSA,2211,1106520,83,3.098720092224524,True,75.00994107652822,0.801358234295416,0.4363327674023769,0.25806451612903225,0.5016129032258065,293
120330033132,ESCAMBIA,1002,777448,145,4.763415239824021,True,186.50765067245655,0.20543293718166383,0.8811544991511036,0.41935483870967744,0.4990152801358234,294
120330010022,ESCAMBIA,485,350141,417,5.6332736182508025,True,1190.9487892020643,0.015280135823429542,0.9830220713073005,0.5127334465195246,0.49879456706281833,295
120330037003,ESCAMBIA,1283,3154870,318,4.258655679503856,True,100.79654629192329,0.399830220713073,0.7198641765704584,0.37860780984719866,0.4984380305602717,296
121319506044,WALTON,1751,5802791,277,10.579933326225111,True,47.73564996568031,0.631578947368421,0.0967741935483871,0.7606112054329371,0.4976740237691002,297
120050004011,BAY,1571,6862490,445,7.960957825563137,True,64.84526753408748,0.5534804753820034,0.27843803056027167,0.6587436332767402,0.4974533106960951,298
120910203032,OKALOOSA,2422,15393108,1140,2.692030407312258,True,74.05911788574471,0.8404074702886248,0.42784380305602715,0.20882852292020374,0.4958404074702887,299
120050004023,BAY,1698,10074409,610,7.635476250247171,True,60.54945754138035,0.6044142614601019,0.23259762308998302,0.6468590831918506,0.49572156196943973,300
121130107082,SANTA ROSA,2025,2092416,119,6.107030524338237,True,56.872056034746436,0.7368421052631579,0.18845500848896435,0.5534804753820034,0.4953650254668931,301
121319504002,WALTON,854,86096713,7270,12.257487367860897,True,84.43992513395953,0.1307300509337861,0.5517826825127334,0.8115449915110357,0.4943463497453311,302
120330032013,ESCAMBIA,1637,2504550,200,4.471628142885269,True,79.85466451059072,0.5840407470288624,0.499151103565365,0.39558573853989815,0.4938370118845501,303
120330033013,ESCAMBIA,2074,3304558,271,2.49852893517691,True,82.00794175802028,0.7606112054329371,0.5246179966044142,0.1833616298811545,0.49224108658743637,304
120910208001,OKALOOSA,474,915401968,78449,17.06838361067439,False,85.69896367100665,0.013582342954159592,0.5704584040747029,0.9066213921901528,0.49205432937181665,305
120910219024,OKALOOSA,1953,1485856,83,6.330629948999419,True,55.860056425387114,0.7147707979626485,0.17826825127334464,0.5755517826825127,0.4917826825127335,306
120330014021,ESCAMBIA,1875,5831520,468,3.222367115939205,True,80.25351880813236,0.6876061120543294,0.5110356536502547,0.2699490662139219,0.4915110356536503,307
120330030021,ESCAMBIA,1995,2699141,231,2.446623048003933,True,85.58278355965842,0.7232597623089984,0.568760611205433,0.17487266553480477,0.4913073005093379,308
120330011044,ESCAMBIA,1688,1251025,102,3.852585507109558,True,81.53314282288522,0.601018675721562,0.5212224108658744,0.34465195246179964,0.4900848896434636,309
121319506092,WALTON,1107,2338887,163,13.64365932098521,True,69.69126768415917,0.2775891341256367,0.35823429541595925,0.8404074702886248,0.4899320882852292,310
120330010011,ESCAMBIA,766,865701,388,4.9121894786562645,True,448.19169667125254,0.09168081494057725,0.9456706281833617,0.4431239388794567,0.4894736842105264,311
120330034002,ESCAMBIA,1082,1900979,191,5.36607854304332,True,100.47454495815052,0.25806451612903225,0.7181663837011885,0.49575551782682514,0.48833616298811544,312
120330012021,ESCAMBIA,1393,2382728,245,3.2249735947517544,True,102.82331848200884,0.4617996604414261,0.7283531409168081,0.27164685908319186,0.48701188455008493,313
120050027103,BAY,1812,6148813,219,10.732632158017312,True,35.61663039679366,0.6587436332767402,0.028862478777589132,0.767402376910017,0.4867402376910017,314
120050008041,BAY,2117,5139272,260,6.1978386295974,True,50.59082298037543,0.7707979626485568,0.11884550084889643,0.5602716468590832,0.4861799660441426,315
121130105031,SANTA ROSA,1741,1563725,122,3.943138432193561,True,78.01883323474397,0.6247877758913413,0.4702886247877759,0.35823429541595925,0.4858404074702886,316
120330028021,ESCAMBIA,2636,2659811,171,3.3005288639934185,True,64.2902822794552,0.8828522920203735,0.26825127334465193,0.28862478777589134,0.48393887945670633,317
121319503052,WALTON,878,39706233,3426,9.674835350451072,True,86.28368246365754,0.14855687606112053,0.5874363327674024,0.7249575551782682,0.4835993208828523,318
121319506041,WALTON,1017,4827482,416,7.861061430228387,True,86.17328868341716,0.21901528013582344,0.5806451612903226,0.6570458404074703,0.48290322580645173,319
120910206021,OKALOOSA,1260,854528,78,4.824999954709503,True,91.27846015578191,0.3769100169779287,0.6468590831918506,0.4244482173174873,0.48168081494057724,320
120330030011,ESCAMBIA,1450,956747,80,4.6086337315779256,True,83.6166719101288,0.49575551782682514,0.5382003395585738,0.4091680814940577,0.48118845500848895,321
121130109006,SANTA ROSA,989,1048915,89,9.191814327272782,True,84.84958266399089,0.19524617996604415,0.5551782682512734,0.7011884550084889,0.48098471986417657,322
120330037001,ESCAMBIA,1950,8501860,670,2.9659669256732024,True,78.80628474239754,0.7096774193548387,0.48217317487266553,0.2427843803056027,0.48052631578947375,323
120050014031,BAY,1096,1292793,153,4.298026415578037,True,118.34841308701392,0.267402376910017,0.797962648556876,0.38030560271646857,0.47974533106960954,324
120910225001,OKALOOSA,991,844236,91,5.3271953115751804,True,107.78976494724225,0.19779286926994907,0.7521222410865874,0.4872665534804754,0.4762478777589135,325
120330023002,ESCAMBIA,1412,1928373,222,2.43663330698773,True,115.12295598413793,0.47453310696095075,0.7809847198641766,0.1731748726655348,0.476213921901528,326
120330033082,ESCAMBIA,1631,5337984,467,2.97960166939159,True,87.48621202311585,0.5797962648556876,0.601018675721562,0.24448217317487267,0.47614601018675723,327
121319501044,WALTON,666,21411638,7843,5.028767535141669,True,366.29612363145685,0.04923599320882852,0.933786078098472,0.4567062818336163,0.47560271646859087,328
120330036071,ESCAMBIA,2593,5895372,410,2.5004800072732305,True,69.54607783868431,0.870118845500849,0.3548387096774194,0.1867572156196944,0.47456706281833627,329
120330036102,ESCAMBIA,1530,2332797,201,3.4836946909955397,True,86.16266224622203,0.5297113752122241,0.5789473684210527,0.3089983022071307,0.47312393887945675,330
120330035061,ESCAMBIA,1702,1209296,81,5.318777136069683,True,66.98111959354864,0.6069609507640068,0.31918505942275044,0.4838709677419355,0.4713752122241087,331
120910217001,OKALOOSA,1877,1834424,182,0.0,True,99.2137041381927,0.6893039049235993,0.7113752122241087,0.003395585738539898,0.4702376910016978,332
120910232001,OKALOOSA,877,12210593,967,11.248845518752203,True,79.19353302497267,0.14516129032258066,0.48896434634974534,0.7860780984719864,0.4701188455008489,333
120330010013,ESCAMBIA,1829,1881391,132,4.067944901925862,True,70.16085438911954,0.6740237691001698,0.3616298811544992,0.3633276740237691,0.4684040747028863,334
120910207011,OKALOOSA,1073,1394004,161,4.203414499057591,True,115.49464707418343,0.2529711375212224,0.7843803056027164,0.3735144312393888,0.4681154499151104,335
120910203041,OKALOOSA,1951,10918649,632,5.2854032412005845,True,57.882618994346274,0.7122241086587436,0.200339558573854,0.48047538200339557,0.46682512733446524,336
121130102002,SANTA ROSA,952,57583898,5096,7.296110389208544,True,88.4969614248761,0.17402376910016978,0.6044142614601019,0.629881154499151,0.4664855687606112,337
120330033081,ESCAMBIA,1702,2666227,222,2.928869330937084,True,83.26372810717167,0.6069609507640068,0.534804753820034,0.23938879456706283,0.46185059422750424,338
120330036082,ESCAMBIA,1785,2430177,179,3.6349470485345137,True,73.65718628725398,0.6511035653650254,0.4159592529711375,0.31239388794567063,0.46173174872665534,339
120330012012,ESCAMBIA,2012,1527498,132,1.3663472552639149,True,86.41582509437,0.733446519524618,0.5891341256366723,0.05432937181663837,0.4617147707979627,340
121130107111,SANTA ROSA,1218,1337493,112,5.409019741692649,True,83.73875601591934,0.3463497453310696,0.5398981324278438,0.49745331069609505,0.4600848896434635,341
120910231003,OKALOOSA,1293,1035895,55,12.775657719964377,True,53.09418425612635,0.41086587436332767,0.15110356536502548,0.8166383701188455,0.45904923599320885,342
120910233061,OKALOOSA,1282,1154419,48,17.734618861905698,False,41.57935723511134,0.39728353140916806,0.05602716468590832,0.9219015280135824,0.4577928692699491,343
120330014023,ESCAMBIA,1035,680236,83,3.7938923824198234,True,122.01647663457977,0.23259762308998302,0.8081494057724957,0.3361629881154499,0.4567062818336163,344
120330028012,ESCAMBIA,2034,1895643,115,4.313825815972123,True,60.665431201972105,0.7402376910016978,0.23599320882852293,0.3837011884550085,0.4561799660441427,345
120330033101,ESCAMBIA,2658,1411678,74,3.7294140688950095,True,52.41988612133929,0.8862478777589134,0.14431239388794567,0.3242784380305603,0.4559592529711376,346
120910218011,OKALOOSA,2828,1854216,99,3.288166044815196,True,53.39183784413466,0.9117147707979627,0.15449915110356535,0.28522920203735147,0.4550933786078099,347
120910223001,OKALOOSA,1154,1232001,156,2.8411587748548683,True,126.62327384474527,0.31918505942275044,0.8234295415959253,0.22410865874363328,0.4542105263157895,348
120910207012,OKALOOSA,2883,8122489,574,1.4133549096814093,True,70.66799351775053,0.9202037351443124,0.37181663837011886,0.05602716468590832,0.45405772495755514,349
120330008022,ESCAMBIA,1490,1241389,107,3.1279130683536667,True,86.19377165417124,0.5152801358234296,0.5823429541595926,0.2614601018675722,0.45365025466893044,350
120330011041,ESCAMBIA,1443,1710696,146,3.4249860216890142,True,85.34537989216085,0.4940577249575552,0.5636672325976231,0.300509337860781,0.4531578947368421,351
120050013021,BAY,1605,3486859,258,3.941459308214166,True,73.99209431755055,0.567062818336163,0.4244482173174873,0.3565365025466893,0.4505263157894738,352
120330032011,ESCAMBIA,1833,1539343,112,3.2432009236276853,True,72.75831312449533,0.6757215619694398,0.3938879456706282,0.27504244482173174,0.4504923599320883,353
120330040002,ESCAMBIA,498,10326524,881,10.883622970104428,True,85.31428387713039,0.01697792869269949,0.5602716468590832,0.7758913412563667,0.44670628183361627,354
120330033121,ESCAMBIA,1526,1703629,121,4.853756371537058,True,71.0248534158552,0.5280135823429541,0.37521222410865873,0.432937181663837,0.4462139219015281,355
121130103011,SANTA ROSA,3221,5736100,395,0.6130713917150572,True,68.86211886124718,0.9575551782682513,0.3463497453310696,0.01697792869269949,0.4454668930390493,356
120910204004,OKALOOSA,1633,14557344,758,6.941007706651106,True,52.06993803265211,0.5823429541595926,0.14091680814940577,0.6061120543293718,0.4445161290322581,357
120910233071,OKALOOSA,1263,877218,30,18.31093465638096,False,34.199024643817154,0.3845500848896435,0.02037351443123939,0.9286926994906621,0.4439388794567063,358
120910219011,OKALOOSA,1552,1428912,82,6.706514450328854,True,57.3863191015262,0.5398981324278438,0.19524617996604415,0.5908319185059423,0.4429711375212224,359
120910219021,OKALOOSA,2073,1118927,58,4.763926776407827,True,51.83537442567746,0.7589134125636672,0.13752122241086587,0.42105263157894735,0.44235993208828517,360
121130108261,SANTA ROSA,1263,4683988,270,10.067550574541304,True,57.643187813461516,0.3845500848896435,0.1969439728353141,0.7436332767402377,0.4411375212224109,361
120910225003,OKALOOSA,1518,1595447,106,5.353501131195125,True,66.43906065196775,0.5237691001697793,0.30220713073005095,0.4923599320882852,0.44028862478777586,362
121319501024,WALTON,725,112020545,7712,17.382928023417207,False,68.84451419157084,0.07555178268251274,0.34465195246179964,0.9117147707979627,0.44028862478777586,362
121319503031,WALTON,1020,9310936,813,5.555348391045808,True,87.31667793656835,0.22071307300509338,0.599320882852292,0.5059422750424448,0.4397792869269949,364
121319502011,WALTON,1425,24356318,1906,3.888122326444976,True,78.25484952200081,0.4872665534804754,0.4770797962648557,0.35144312393887944,0.43908319185059425,365
121130107083,SANTA ROSA,1563,2225144,147,5.137266472071159,True,66.06314018328702,0.5475382003395586,0.2937181663837012,0.4702886247877759,0.4382852292020374,366
120330035072,ESCAMBIA,1631,1791040,158,2.010940177197742,True,88.21690191173843,0.5797962648556876,0.6027164685908319,0.1273344651952462,0.4380475382003396,367
120330012022,ESCAMBIA,2623,2479659,168,1.5898212114204653,True,67.7512512809221,0.8811544991511036,0.3310696095076401,0.0865874363327674,0.43741935483870975,368
120330004003,ESCAMBIA,1466,638410,59,2.066809506381595,True,92.41709872965649,0.5059422750424448,0.6638370118845501,0.13412563667232597,0.43534804753820044,369
120050026041,BAY,1165,874789,59,7.75000594492227,True,67.44483526884768,0.3293718166383701,0.32597623089983024,0.6519524617996605,0.43470288624787784,370
120050027111,BAY,1429,1711164,55,11.608258328958648,True,32.14186366707107,0.48896434634974534,0.015280135823429542,0.7928692699490663,0.432937181663837,371
120330036141,ESCAMBIA,999,9479986,961,4.23841776420146,True,101.37145772156204,0.20203735144312393,0.7266553480475382,0.3769100169779287,0.4328692699490662,372
120910233081,OKALOOSA,1136,1707491,63,20.21216009487988,False,36.896241327187084,0.30560271646859083,0.03395585738539898,0.9626485568760611,0.43278438030560273,373
120330034004,ESCAMBIA,1285,2627347,184,5.805783607018213,True,70.03262226116307,0.40492359932088284,0.3599320882852292,0.5314091680814941,0.43181663837011885,374
120330036113,ESCAMBIA,1473,2397892,177,4.117159038561972,True,73.81483402922233,0.5076400679117148,0.41765704584040747,0.366723259762309,0.4314431239388795,375
120050026082,BAY,1117,1869741,110,11.85085228136982,True,58.83167775643792,0.2860780984719864,0.21052631578947367,0.799660441426146,0.4306281833616299,376
120910206011,OKALOOSA,1007,1377572,130,4.55075180100502,True,94.3689331664697,0.21392190152801357,0.6791171477079796,0.40407470288624786,0.4301867572156197,377
120910223002,OKALOOSA,1394,888452,83,2.226699924884183,True,93.42091638040097,0.4634974533106961,0.6706281833616299,0.14770797962648557,0.4276400679117148,378
121130107052,SANTA ROSA,1575,2140747,127,5.521439128288293,True,59.325086056409276,0.5568760611205433,0.21731748726655348,0.5025466893039049,0.42689303904923603,379
120330023003,ESCAMBIA,1410,1382714,130,2.0109991796960305,True,94.01799649095908,0.4702886247877759,0.6757215619694398,0.12903225806451613,0.4254668930390493,380
120330032012,ESCAMBIA,1574,5320413,346,4.841150004576613,True,65.03254540577959,0.5551782682512734,0.28183361629881154,0.4295415959252971,0.4235144312393888,381
120330039002,ESCAMBIA,1246,80262889,14733,0.9410604905875064,True,183.5593034783485,0.36502546689303905,0.8777589134125636,0.028862478777589132,0.4232937181663837,382
121130107093,SANTA ROSA,1754,10777805,636,4.73170490237921,True,59.01016023206951,0.633276740237691,0.21222410865874364,0.4159592529711375,0.42261460101867576,383
120330031002,ESCAMBIA,1460,758573,58,3.499228391480651,True,76.45935196744414,0.5008488964346349,0.45161290322580644,0.31069609507640067,0.42185059422750426,384
120330036103,ESCAMBIA,2198,3183423,244,0.0,True,76.64705570073471,0.7945670628183361,0.45500848896434637,0.003395585738539898,0.42142614601018674,385
121319503043,WALTON,1186,2625904,328,1.8981529959804435,True,124.90936454645716,0.3361629881154499,0.8183361629881154,0.10526315789473684,0.4190831918505942,386
120330036081,ESCAMBIA,1256,1210793,89,5.146817084104501,True,73.50554553916318,0.37181663837011886,0.41086587436332767,0.47368421052631576,0.4183191850594228,387
121130106021,SANTA ROSA,1781,5910070,386,3.653517140709941,True,65.31225518479476,0.6468590831918506,0.2869269949066214,0.3140916808149406,0.4182682512733447,388
121130108222,SANTA ROSA,2147,2944434,126,4.49334654787726,True,42.792604622823944,0.7741935483870968,0.06621392190152801,0.398981324278438,0.4167402376910017,389
120910225002,OKALOOSA,1716,1267261,67,5.192870602730202,True,52.86992971455762,0.6171477079796265,0.14770797962648557,0.4770797962648557,0.4160101867572156,390
120910215022,OKALOOSA,1835,989728,41,5.555426581857882,True,41.42552297196806,0.6774193548387096,0.05263157894736842,0.5076400679117148,0.41521222410865877,391
120910219022,OKALOOSA,2102,1230750,54,4.482242603292805,True,43.875685557586834,0.765704584040747,0.06960950764006792,0.39728353140916806,0.41441426146010185,392
121319501033,WALTON,680,60388324,4082,15.275671493075684,False,67.59584849548068,0.057724957555178265,0.3293718166383701,0.865874363327674,0.41405772495755516,393
120050022002,BAY,1159,1088938,147,1.5788591193807733,True,134.99391149909363,0.32597623089983024,0.8353140916808149,0.0831918505942275,0.4139388794567063,394
120330034003,ESCAMBIA,1607,2047468,132,4.391105291577278,True,64.46987205660847,0.5696095076400679,0.27504244482173174,0.3921901528013582,0.41385398981324284,395
120050026044,BAY,1273,758628,42,8.610220632344049,True,55.36310286464512,0.3870967741935484,0.1731748726655348,0.6808149405772496,0.4134295415959253,396
120910204003,OKALOOSA,1913,6342541,422,2.828448173625931,True,66.5348477841925,0.7011884550084889,0.3073005093378608,0.22071307300509338,0.4126485568760611,397
120330022002,ESCAMBIA,1005,933447,88,3.913891644140536,True,94.27423303090588,0.21137521222410866,0.6774193548387096,0.3531409168081494,0.41195246179966044,398
120050008052,BAY,2148,1978908,83,4.354379942897386,True,41.94232374622772,0.7758913412563667,0.06112054329371817,0.3870967741935484,0.41171477079796265,399
120910227003,OKALOOSA,1342,996690,60,6.22389301905248,True,60.199259549107545,0.4388794567062818,0.22750424448217318,0.5636672325976231,0.41030560271646854,400
120330033133,ESCAMBIA,669,1503269,303,3.3991388209159177,True,201.56073197810903,0.05263157894736842,0.8930390492359932,0.29541595925297115,0.4100848896434635,401
120330021002,ESCAMBIA,1812,1309778,96,2.276753066046433,True,73.2948637097279,0.6587436332767402,0.40407470288624786,0.15619694397283532,0.4088624787775892,402
120910226001,OKALOOSA,991,1008444,76,6.716314892360113,True,75.36362951239732,0.19779286926994907,0.4397283531409168,0.5942275042444821,0.4084550084889643,403
120330013003,ESCAMBIA,1033,993072,91,3.824699855435922,True,91.63484621457458,0.23089983022071306,0.6553480475382003,0.34125636672325976,0.40738539898132425,404
120330033011,ESCAMBIA,1123,3591021,302,4.312510243813324,True,84.0986449257746,0.2928692699490662,0.5466893039049237,0.38200339558573854,0.40604414261460103,405
120910205001,OKALOOSA,1365,5320945,473,2.257174070230243,True,88.8939840573432,0.44991511035653653,0.6129032258064516,0.15280135823429541,0.405653650254669,406
121319503051,WALTON,1416,12959961,1062,2.6782835697802496,True,81.94469103726469,0.4830220713073005,0.5229202037351444,0.2071307300509338,0.405144312393888,407
120050008032,BAY,1485,5803353,347,5.1889269944925625,True,59.79301965605056,0.5118845500848896,0.22410865874363328,0.47538200339558573,0.4048726655348048,408
120910227002,OKALOOSA,1102,654970,48,5.923810375098298,True,73.28579934958853,0.27249575551782684,0.40237691001697795,0.5415959252971138,0.4041595925297114,409
121130107041,SANTA ROSA,1824,3089645,147,4.874772286790185,True,47.57828164724426,0.668081494057725,0.09507640067911714,0.4397283531409168,0.40363327674023775,410
120330033102,ESCAMBIA,2302,2555843,158,1.996703546865384,True,61.81913364788056,0.8149405772495756,0.24787775891341257,0.12393887945670629,0.399779286926995,411
120050012002,BAY,1335,2982014,298,1.358330984323764,True,99.93246175235932,0.4312393887945671,0.7130730050933786,0.05263157894736842,0.39930390492359935,412
121130107044,SANTA ROSA,1378,3853788,221,6.031709717474048,True,57.34617472471241,0.45500848896434637,0.19185059422750425,0.5483870967741935,0.3989813242784381,413
120910218024,OKALOOSA,1416,762826,66,1.9655109273776885,True,86.52038603823152,0.4830220713073005,0.5908319185059423,0.11884550084889643,0.398421052631579,414
120330021001,ESCAMBIA,2155,2437656,168,1.429698468394189,True,68.9186661284447,0.7775891341256367,0.34804753820033957,0.057724957555178265,0.39828522920203735,415
120330009002,ESCAMBIA,873,998281,100,3.8308715882123527,True,100.17219600493249,0.14091680814940577,0.7164685908319185,0.34295415959252973,0.3975212224108659,416
120330020001,ESCAMBIA,767,1179859,119,4.353833309200983,True,100.85950948376035,0.0933786078098472,0.7215619694397284,0.3853989813242784,0.39704584040747026,417
120050026092,BAY,1122,3627071,230,7.593277084296178,True,63.412047903115216,0.2903225806451613,0.2614601018675722,0.6417657045840407,0.3967741935483871,418
121319501042,WALTON,461,59155411,4177,12.944499600058505,True,70.61061582346203,0.011884550084889643,0.3701188455008489,0.8183361629881154,0.3962308998302207,419
120910216002,OKALOOSA,983,891302,61,8.104027202191698,True,68.43920466912449,0.18930390492359933,0.3378607809847199,0.6621392190152802,0.3943633276740238,420
121319506042,WALTON,1240,4062456,150,11.295975789563222,True,36.9234768327337,0.35823429541595925,0.035653650254668934,0.7877758913412564,0.3935314091680815,421
120330032041,ESCAMBIA,1566,1762796,118,3.481274421681591,True,66.93911263696991,0.5500848896434635,0.3174872665534805,0.3073005093378608,0.3932088285229202,422
120330032031,ESCAMBIA,1242,2738438,216,3.7592387391350135,True,78.87708248278763,0.3616298811544992,0.4838709677419355,0.33446519524617996,0.39300509337860784,423
120330011042,ESCAMBIA,1974,1321754,59,4.19781213204545,True,44.63765572110998,0.7198641765704584,0.07470288624787776,0.37181663837011886,0.39210526315789473,424
120050015012,BAY,2303,2008750,72,3.6576824245696313,True,35.8431860609832,0.8166383701188455,0.030560271646859084,0.3157894736842105,0.3919524617996605,425
121130107051,SANTA ROSA,1168,5431321,322,7.196763160656896,True,59.285761235618374,0.3310696095076401,0.21561969439728354,0.6230899830220713,0.38933786078098476,426
120050025002,BAY,712,991517,211,2.524362240229552,True,212.80522673842205,0.06791171477079797,0.9066213921901528,0.18845500848896435,0.38446519524618,427
120330017002,ESCAMBIA,1028,1683151,229,1.6889554060497438,True,136.0543409355429,0.22495755517826826,0.8370118845500849,0.09507640067911714,0.3840747028862479,428
121130107121,SANTA ROSA,1260,2987408,191,5.558428510638584,True,63.93502327100952,0.3769100169779287,0.26485568760611206,0.5093378607809848,0.3836332767402377,429
120330035052,ESCAMBIA,2260,1921998,98,2.6250374545059745,True,50.98860664787372,0.8098471986417657,0.12903225806451613,0.1969439728353141,0.38292020373514435,430
121130109005,SANTA ROSA,903,610234,40,9.533176655044835,True,65.54862560919253,0.15280135823429541,0.28862478777589134,0.7130730050933786,0.38251273344651954,431
120330035123,ESCAMBIA,1298,1804984,177,1.0548406413984066,True,98.06181107422559,0.41256366723259763,0.7011884550084889,0.03225806451612903,0.3823089983022071,432
120050009004,BAY,450,862109,259,2.832113938083414,True,300.42604821432093,0.010186757215619695,0.9252971137521222,0.22241086587436332,0.3822071307300509,433
120910205003,OKALOOSA,776,880886,89,3.7526034888097737,True,101.03464012369365,0.09762308998302208,0.7232597623089984,0.33276740237691,0.3816808149405773,434
120910205004,OKALOOSA,683,1093619,123,3.663509403810677,True,112.47061362320882,0.059422750424448216,0.7741935483870968,0.31918505942275044,0.381018675721562,435
120330027031,ESCAMBIA,2059,1987546,141,0.0,True,70.94175430405133,0.7504244482173175,0.3735144312393888,0.003395585738539898,0.3795246179966045,436
120330040004,ESCAMBIA,979,6434575,400,9.335712965817477,True,62.164167796629926,0.18505942275042445,0.2529711375212224,0.7062818336162988,0.3794736842105263,437
120050027091,BAY,802,1383834,69,17.62111056605158,False,49.86147182393264,0.11205432937181664,0.11544991511035653,0.9185059422750425,0.37930390492359933,438
120050008051,BAY,1963,1572743,70,3.802555762660417,True,44.50822543797683,0.7164685908319185,0.0730050933786078,0.3378607809847199,0.37918505942275044,439
120330008021,ESCAMBIA,674,433077,54,3.179879455277046,True,124.6891430392286,0.05602716468590832,0.8166383701188455,0.266553480475382,0.37650254668930394,440
120050012001,BAY,1746,3895948,290,1.4437841467987649,True,74.43631177828861,0.6290322580645161,0.4312393887945671,0.06112054329371817,0.37634974533106963,441
120330033083,ESCAMBIA,1003,1656065,164,2.7849016762652856,True,99.02992938079122,0.20797962648556875,0.7079796264855688,0.21731748726655348,0.37606112054329377,442
120050008033,BAY,1822,2003609,90,4.232783184602551,True,44.9189437659743,0.6629881154499151,0.07979626485568761,0.37521222410865873,0.3755687606112054,443
120910224003,OKALOOSA,922,553460,38,7.242932527537023,True,68.65898167889279,0.15619694397283532,0.34295415959252973,0.6264855687606112,0.3730220713073006,444
120910226003,OKALOOSA,1421,805230,29,6.719407052911004,True,36.01455484768327,0.4855687606112054,0.03225806451612903,0.5959252971137521,0.37239388794567063,445
120910218022,OKALOOSA,1230,640226,64,1.276716725136757,True,99.96469996532475,0.3531409168081494,0.7147707979626485,0.04923599320882852,0.37219015280135825,446
120330039003,ESCAMBIA,776,119368093,7270,11.055681978194157,True,60.90404744926268,0.09762308998302208,0.2427843803056027,0.7826825127334465,0.3715959252971137,447
120050026062,BAY,962,642496,34,11.050525650469748,True,52.91861739217054,0.17826825127334464,0.1494057724957555,0.7809847198641766,0.3676400679117148,448
120330003002,ESCAMBIA,1104,1030262,124,0.8308330808850105,True,120.35773424624027,0.27504244482173174,0.801358234295416,0.025466893039049237,0.36636672325976233,449
120330018001,ESCAMBIA,746,891625,93,3.2620886366168325,True,104.30393943642227,0.0899830220713073,0.7385398981324278,0.27843803056027167,0.36619694397283536,450
120050024003,BAY,930,1768616,380,0.8758711527146359,True,214.8572669250985,0.16298811544991512,0.9083191850594228,0.027164685908319185,0.36412563667232606,451
121130108084,SANTA ROSA,853,5768321,311,12.164114099693936,True,53.91516872934082,0.12903225806451613,0.15959252971137522,0.8098471986417657,0.363786078098472,452
121319503062,WALTON,828,48192994,4118,4.610339152006423,True,85.44810475979143,0.11969439728353141,0.567062818336163,0.41086587436332767,0.3634125636672326,453
120330030022,ESCAMBIA,1761,1093515,49,3.8832168928800894,True,44.80962766857336,0.6375212224108658,0.07809847198641766,0.34974533106960953,0.3579456706281834,454
120910226002,OKALOOSA,1239,705243,35,6.756316800905089,True,49.628284151703745,0.3565365025466893,0.11205432937181664,0.597623089983022,0.35541595925297115,455
120910219023,OKALOOSA,1412,992296,39,5.905989123573607,True,39.302788684021706,0.47453310696095075,0.044142614601018676,0.5398981324278438,0.35407470288624787,456
120330035102,ESCAMBIA,1345,1149887,71,4.174540204134377,True,61.74519757158746,0.4431239388794567,0.2461799660441426,0.3701188455008489,0.3540407470288625,457
120050004012,BAY,688,13929415,994,7.291508649255689,True,71.3597807230239,0.06112054329371817,0.38030560271646857,0.6281833616298812,0.35358234295415963,458
121319506082,WALTON,893,1218580,32,17.27925723683214,False,26.260073199954046,0.15110356536502548,0.0050933786078098476,0.9100169779286927,0.35336162988115455,459
120330012014,ESCAMBIA,663,1913131,185,3.68374082170128,True,96.70012142399031,0.04753820033955857,0.6943972835314092,0.32088285229202035,0.35120543293718165,460
120330035101,ESCAMBIA,1533,1423204,95,2.656943849056979,True,66.75079609107338,0.5314091680814941,0.3140916808149406,0.20203735144312393,0.3510016977928693,461
120910233042,OKALOOSA,739,817515,24,19.787332586046507,False,29.35725949982569,0.07979626485568761,0.010186757215619695,0.9558573853989814,0.3459252971137522,462
120330013001,ESCAMBIA,1525,1491304,83,3.748023225138004,True,55.65598965737368,0.5263157894736842,0.17487266553480477,0.3293718166383701,0.34534804753820036,463
120330006002,ESCAMBIA,1117,722095,64,2.1442144336538584,True,88.63099730644859,0.2860780984719864,0.6078098471986417,0.14261460101867574,0.3449066213921902,464
120050027132,BAY,673,1471863,99,8.159827937587345,True,67.2616948724168,0.05432937181663837,0.3242784380305603,0.6638370118845501,0.3445500848896435,465
120330004002,ESCAMBIA,1231,555865,43,2.772566333689438,True,77.35691219990464,0.3548387096774194,0.4617996604414261,0.21561969439728354,0.34419354838709676,466
120050023001,BAY,2063,1408284,84,1.176246215775275,True,59.647059826001005,0.7538200339558574,0.22071307300509338,0.04074702886247878,0.34258064516129033,467
120910215013,OKALOOSA,1113,506936,29,6.177619126504383,True,57.20643237016112,0.2801358234295416,0.19015280135823429,0.5585738539898133,0.3423259762308999,468
121130105042,SANTA ROSA,1327,1861265,137,2.465947646187099,True,73.60585408311015,0.42784380305602715,0.4142614601018676,0.17826825127334464,0.3410016977928693,469
120910220012,OKALOOSA,2173,708822,36,1.591284318044589,True,50.78849132786511,0.7843803056027164,0.12224108658743633,0.08828522920203735,0.3361629881154499,470
120910224004,OKALOOSA,929,584792,34,7.631587953162609,True,58.14033023707575,0.16044142614601017,0.20543293718166383,0.6451612903225806,0.33524617996604417,471
121130108212,SANTA ROSA,3119,4789825,170,0.4666143134500812,True,35.491902104982955,0.9473684210526315,0.027164685908319185,0.011884550084889643,0.33499151103565367,472
120330028011,ESCAMBIA,786,823508,73,3.3362380856163933,True,88.64516191706699,0.10865874363327674,0.6095076400679117,0.2903225806451613,0.3338879456706282,473
120330035111,ESCAMBIA,1432,3281190,258,0.7641632626437438,True,78.63000923445458,0.4906621392190153,0.48047538200339557,0.023769100169779286,0.3332258064516129,474
120050010002,BAY,994,2832690,174,6.152871647536252,True,61.42571195577349,0.200339558573854,0.24448217317487267,0.5568760611205433,0.33256366723259767,475
120910220011,OKALOOSA,982,374111,34,2.3040741992008256,True,90.88211787410688,0.1867572156196944,0.6434634974533107,0.16129032258064516,0.32906621392190155,476
120330026061,ESCAMBIA,1341,5601257,361,3.231035495682943,True,64.44981903169234,0.4363327674023769,0.2733446519524618,0.2733446519524618,0.328760611205433,477
120910224002,OKALOOSA,951,1079766,70,5.809344978048812,True,64.82886106804622,0.17062818336162988,0.2767402376910017,0.534804753820034,0.32582342954159593,478
120330011013,ESCAMBIA,1330,1042388,62,3.6970681590970047,True,59.47881211218855,0.4295415959252971,0.21901528013582344,0.3225806451612903,0.32477079796264857,479
121130107042,SANTA ROSA,929,3432702,247,4.848358691214853,True,71.95497890582988,0.16044142614601017,0.3853989813242784,0.4312393887945671,0.3240407470288625,480
120050015021,BAY,1115,1865195,150,2.418849652828061,True,80.42054584105148,0.2835314091680815,0.5144312393887945,0.1697792869269949,0.3221901528013582,481
121319503041,WALTON,782,6339734,691,1.8835291380509371,True,108.99510925852725,0.10441426146010187,0.7589134125636672,0.10186757215619695,0.3195585738539898,482
120330036092,ESCAMBIA,1412,2795688,207,1.2870717398894775,True,74.04259702799453,0.47453310696095075,0.42614601018675724,0.050933786078098474,0.3187775891341256,483
120330028023,ESCAMBIA,875,507181,39,3.9601514008071472,True,76.89562503327214,0.14261460101867574,0.45840407470288624,0.3599320882852292,0.3185398981324279,484
120910220022,OKALOOSA,1241,896519,63,2.8732764673787163,True,70.27179568977346,0.3599320882852292,0.3633276740237691,0.23089983022071306,0.31847198641765706,485
120050014044,BAY,1896,1226901,46,2.6478152248440705,True,37.49283764541719,0.6977928692699491,0.03904923599320883,0.200339558573854,0.3162478777589135,486
120330018002,ESCAMBIA,1126,1239349,99,2.141423650402401,True,79.88064701710333,0.298811544991511,0.5008488964346349,0.14091680814940577,0.3133786078098472,487
120330028032,ESCAMBIA,1852,1223691,67,1.5756355489348726,True,54.75238438461997,0.6808149405772496,0.16468590831918506,0.08149405772495756,0.31271646859083196,488
121130107084,SANTA ROSA,1138,4086546,228,4.976407451958844,True,55.79283825509366,0.3081494057724958,0.1765704584040747,0.44991511035653653,0.31151103565365024,489
120910233072,OKALOOSA,651,1031286,19,16.6194430036663,False,18.42359927314053,0.042444821731748725,0.001697792869269949,0.8947368421052632,0.3102546689303905,490
120050013022,BAY,1126,2302196,170,2.729951156724582,True,73.84253990537731,0.298811544991511,0.41935483870967744,0.21052631578947367,0.30945670628183364,491
120330006001,ESCAMBIA,837,1006799,97,1.9646929642012976,True,96.34495068032447,0.12224108658743633,0.6893039049235993,0.11714770797962648,0.3076910016977929,492
120050024002,BAY,1771,1468760,85,1.4704057815747889,True,57.871946403769165,0.6426146010186757,0.19864176570458403,0.06451612903225806,0.3053310696095077,493
120050015024,BAY,1506,2014430,94,3.4231927939559825,True,46.66332411649946,0.5195246179966044,0.09168081494057725,0.29711375212224106,0.3049405772495756,494
120050008061,BAY,963,1146389,96,2.606117977781248,True,83.74120826351265,0.1799660441426146,0.5415959252971138,0.1935483870967742,0.303786078098472,495
120050011002,BAY,1387,1273464,85,2.061936175205896,True,66.7470772632756,0.4601018675721562,0.31239388794567063,0.13242784380305603,0.3032258064516129,496
120330033112,ESCAMBIA,1400,353359,20,2.9939580514823936,True,56.59966210001727,0.466893039049236,0.18505942275042445,0.24787775891341257,0.3016129032258065,497
120050026043,BAY,935,1022650,52,7.121000073708831,True,50.84828631496602,0.16468590831918506,0.12563667232597622,0.6179966044142614,0.3013921901528014,498
120050022001,BAY,1456,1436452,87,2.343815571422945,True,60.56589430067973,0.499151103565365,0.23429541595925296,0.16468590831918506,0.3013752122241087,499
120050015022,BAY,1343,1620350,83,3.7319270891189977,True,51.223501095442344,0.44142614601018676,0.1307300509337861,0.32597623089983024,0.3007979626485569,500
120330035122,ESCAMBIA,1326,916468,59,2.5418448535255296,True,64.37758874286936,0.42614601018675724,0.27164685908319186,0.19015280135823429,0.29728353140916813,501
121319502022,WALTON,617,874071,85,2.393976311735301,True,97.24610472146999,0.030560271646859084,0.6960950764006791,0.16808149405772496,0.29556876061120546,502
120330032034,ESCAMBIA,721,1367610,89,5.809199261623522,True,65.07703219485087,0.0730050933786078,0.2835314091680815,0.533106960950764,0.2943123938879457,503
120050022003,BAY,1836,1705483,85,1.5580039750663903,True,49.83925374805847,0.6791171477079796,0.11375212224108659,0.07809847198641766,0.2942105263157895,504
120050013025,BAY,1475,2636850,142,2.677303373590925,True,53.85213417524698,0.5093378607809848,0.15789473684210525,0.20543293718166383,0.29307300509337864,505
120330015002,ESCAMBIA,500,713129,77,1.9514092840384945,True,107.97485447934385,0.01867572156196944,0.7538200339558574,0.11375212224108659,0.2926485568760611,506
120330031003,ESCAMBIA,983,1327657,89,4.08118218026948,True,67.03538639874606,0.18930390492359933,0.32088285229202035,0.36502546689303905,0.29071307300509336,507
120330010014,ESCAMBIA,1643,1268197,79,0.6560042550421233,True,62.29316107828673,0.5857385398981324,0.2563667232597623,0.02037351443123939,0.29047538200339557,508
120330010023,ESCAMBIA,1114,529914,27,5.044555325351089,True,50.95166385488966,0.28183361629881154,0.1273344651952462,0.4601018675721562,0.2896774193548387,509
120330011014,ESCAMBIA,1144,827755,43,4.707427377370493,True,51.947738159237936,0.31239388794567063,0.13921901528013583,0.4142614601018676,0.2888624787775892,510
121130106011,SANTA ROSA,1610,2021163,123,1.1800087702197273,True,60.85605168905229,0.5721561969439728,0.24108658743633277,0.042444821731748725,0.2880984719864177,511
120330012013,ESCAMBIA,1321,2185079,124,3.0271603675068506,True,56.74852030521551,0.4219015280135823,0.1867572156196944,0.25127334465195245,0.28799660441426145,512
120330020002,ESCAMBIA,1160,1744035,106,3.3749051822985083,True,60.778596759812736,0.32767402376910015,0.23938879456706283,0.2937181663837012,0.2873344651952462,513
120050019003,BAY,1386,1468439,100,1.4303255423380108,True,68.0995260953979,0.45840407470288624,0.33276740237691,0.059422750424448216,0.28528013582342954,514
120330035112,ESCAMBIA,1130,2103998,131,3.3690531555824474,True,62.26241659925533,0.30220713073005095,0.2546689303904924,0.2920203735144312,0.28315789473684216,515
121319506072,WALTON,698,1188169,40,10.839821699764348,True,33.665244590626415,0.06621392190152801,0.01867572156196944,0.7707979626485568,0.2830390492359932,516
120330010012,ESCAMBIA,1042,1149699,91,2.0035808963139767,True,79.15115173623705,0.23599320882852293,0.4872665534804754,0.12563667232597622,0.28249575551782685,517
120050014024,BAY,1310,1399348,91,2.126027678993898,True,65.03028553297679,0.41765704584040747,0.2801358234295416,0.13921901528013583,0.2803904923599321,518
120910204001,OKALOOSA,1076,3085383,229,2.2404385555550967,True,74.22093140462626,0.25551782682512736,0.4295415959252971,0.15110356536502548,0.27848896434634973,519
120330015001,ESCAMBIA,732,907893,83,1.9242689904599104,True,91.42046474639633,0.07809847198641766,0.6485568760611206,0.10865874363327674,0.27643463497453313,520
120050019001,BAY,558,339553,38,1.1604202364936325,True,111.9118370328049,0.023769100169779286,0.7707979626485568,0.03904923599320883,0.27533106960950765,521
120330009003,ESCAMBIA,1026,724873,41,4.618508726697032,True,56.561632175567304,0.22241086587436332,0.1833616298811545,0.41256366723259763,0.27227504244482176,522
120910229001,OKALOOSA,777,578322,32,6.044955250524678,True,55.33249642932484,0.100169779286927,0.17147707979626486,0.5500848896434635,0.27217317487266557,523
120050011001,BAY,1279,2585714,157,2.425724343285234,True,60.71823875339655,0.3938879456706282,0.23769100169779286,0.17147707979626486,0.26894736842105266,524
120330011043,ESCAMBIA,1247,1017096,57,2.980422256809508,True,56.041907548549986,0.366723259762309,0.18166383701188454,0.2461799660441426,0.26587436332767406,525
120330009001,ESCAMBIA,717,587767,47,2.843961713615485,True,79.96365906898481,0.06960950764006792,0.5042444821731749,0.22580645161290322,0.2645840407470289,526
120330035051,ESCAMBIA,1557,971696,48,2.012172362543976,True,49.39816568144769,0.5424448217317487,0.11035653650254669,0.1307300509337861,0.26398981324278437,527
120330032042,ESCAMBIA,1277,1127426,58,3.1486073382577318,True,51.44461809466874,0.39134125636672323,0.13242784380305603,0.2631578947368421,0.26359932088285226,528
120330022004,ESCAMBIA,1068,796815,52,3.0285961207223355,True,65.25981564102081,0.2495755517826825,0.28522920203735147,0.2529711375212224,0.2624617996604415,529
120330001002,ESCAMBIA,550,467580,43,1.9509970385731612,True,91.96287266350143,0.022071307300509338,0.6570458404074703,0.11205432937181664,0.26130730050933787,530
120330011012,ESCAMBIA,1414,6464407,333,2.303038172816892,True,51.51284564848717,0.48047538200339557,0.13412563667232597,0.15959252971137522,0.2602886247877759,531
120330014012,ESCAMBIA,368,2620357,289,0.5727971438465091,True,110.29031540358814,0.005942275042444821,0.7640067911714771,0.015280135823429542,0.25918505942275044,532
120050018001,BAY,1413,1970942,81,2.9065920306245063,True,41.097099762448615,0.47877758913412566,0.04923599320882852,0.23599320882852293,0.25691001697792876,533
120330032033,ESCAMBIA,1031,2441024,186,1.5555711476538,True,76.19753021682703,0.22750424448217318,0.44821731748726656,0.07470288624787776,0.24991511035653655,534
120910218023,OKALOOSA,948,809930,59,2.498839124815356,True,72.84580148901756,0.16808149405772496,0.398981324278438,0.18505942275042445,0.2498811544991511,535
120050013011,BAY,1142,3010978,120,4.377884791960662,True,39.85416034258636,0.31069609507640067,0.04584040747028863,0.3904923599320883,0.2496264855687606,536
120330005002,ESCAMBIA,636,580903,53,1.5181100093020343,True,91.23726336410726,0.035653650254668934,0.6451612903225806,0.0730050933786078,0.24911714770797966,537
121130106014,SANTA ROSA,1245,776649,41,2.900929395751739,True,52.79090039387162,0.3633276740237691,0.1460101867572156,0.23429541595925296,0.24903225806451612,538
120330027032,ESCAMBIA,953,842680,67,1.569616366507698,True,79.50823562918309,0.1765704584040747,0.4923599320882852,0.07979626485568761,0.24884550084889645,539
120050017001,BAY,1513,1423631,68,1.7706069234959414,True,47.76518634393322,0.5212224108658744,0.09847198641765705,0.0967741935483871,0.2416468590831919,540
120910220013,OKALOOSA,1125,661792,44,1.951733865272942,True,66.4861467047048,0.29541595925297115,0.30560271646859083,0.11544991511035653,0.23938879456706283,541
120330012011,ESCAMBIA,745,1039073,71,3.4233253453171058,True,68.33013657365748,0.08743633276740238,0.3361629881154499,0.298811544991511,0.23926994906621396,542
120910208004,OKALOOSA,667,5248833,348,4.157665265854673,True,66.3004519290288,0.050933786078098474,0.298811544991511,0.3684210526315789,0.23750424448217317,543
120050008031,BAY,1375,1522370,62,2.66112505181426,True,40.72597331791877,0.4533106960950764,0.04753820033955857,0.2037351443123939,0.2370458404074703,544
120330026072,ESCAMBIA,977,4332020,182,5.047931205799109,True,42.012733089874935,0.1833616298811545,0.06281833616298811,0.4617996604414261,0.23546689303904925,545
120330029002,ESCAMBIA,1148,785369,43,2.759122012832685,True,54.75133344962686,0.3174872665534805,0.16298811544991512,0.21222410865874364,0.23176570458404078,546
120910228001,OKALOOSA,1054,795170,23,4.917693424137239,True,28.924632468528742,0.24108658743633277,0.008488964346349746,0.44482173174872663,0.23156196943972834,547
120050014043,BAY,1463,1117346,46,1.8512800954363455,True,41.168984361155815,0.5033955857385399,0.050933786078098474,0.100169779286927,0.221018675721562,548
120910221002,OKALOOSA,1338,941475,52,1.2307393323199698,True,55.23248094744948,0.43463497453310695,0.16808149405772496,0.044142614601018676,0.2178098471986418,549
120330029004,ESCAMBIA,1088,906939,57,1.9676647061630608,True,62.848769321861774,0.2597623089983022,0.2597623089983022,0.12054329371816638,0.2138200339558574,550
120330008023,ESCAMBIA,826,788780,54,2.4922465007170187,True,68.46015365501154,0.11714770797962648,0.3395585738539898,0.18166383701188454,0.21183361629881156,551
121319502012,WALTON,744,1535843,116,1.8915809390968608,True,75.52855337427067,0.08488964346349745,0.4431239388794567,0.1035653650254669,0.20926994906621393,552
120330033113,ESCAMBIA,944,689340,36,3.4398516021094965,True,52.22386630690226,0.166383701188455,0.14261460101867574,0.30390492359932086,0.2039219015280136,553
120050020001,BAY,368,1607537,123,2.2395539735561347,True,76.51456856047481,0.005942275042444821,0.4533106960950764,0.1494057724957555,0.20091680814940577,554
120050011003,BAY,1412,1220961,58,0.725140586850446,True,47.50356481492857,0.47453310696095075,0.0933786078098472,0.022071307300509338,0.19943972835314092,555
120910217002,OKALOOSA,778,1936810,124,2.851222777402961,True,64.02280037794105,0.10186757215619695,0.266553480475382,0.22750424448217318,0.1976740237691002,556
120330029001,ESCAMBIA,1107,1068432,62,1.9001371974054329,True,58.028962067777826,0.2775891341256367,0.20203735144312393,0.10696095076400679,0.19634974533106964,557
120050014023,BAY,1157,1106266,47,2.606665866468875,True,42.48526123012006,0.3234295415959253,0.06451612903225806,0.19524617996604415,0.19568760611205432,558
120330033111,ESCAMBIA,1147,966972,49,2.2056888976150524,True,50.67364928870742,0.3157894736842105,0.12054329371816638,0.1460101867572156,0.19533106960950766,559
120330008012,ESCAMBIA,630,639578,51,1.239349696733571,True,79.74007861433633,0.03395585738539898,0.49575551782682514,0.04584040747028863,0.1902716468590832,560
120050010001,BAY,951,1023894,53,3.043248623748043,True,51.76317079697703,0.17062818336162988,0.13582342954159593,0.2546689303904924,0.18687606112054334,561
120050009001,BAY,1351,1370133,57,1.2690582689828906,True,41.60180070109982,0.44482173174872663,0.057724957555178265,0.04753820033955857,0.1859762308998302,562
120050015023,BAY,828,1929731,121,2.379308159090427,True,62.70303995738266,0.11969439728353141,0.25806451612903225,0.166383701188455,0.1807640067911715,563
121130106012,SANTA ROSA,1091,799265,37,2.4686504724535783,True,46.29253126309797,0.2631578947368421,0.08828522920203735,0.1799660441426146,0.17799660441426146,564
120050016001,BAY,877,2874771,190,1.5851414533563195,True,66.09222091081342,0.14516129032258066,0.29541595925297115,0.08488964346349745,0.1748556876061121,565
120330004001,ESCAMBIA,782,820023,56,1.5146102990147592,True,68.2907674540836,0.10441426146010187,0.33446519524617996,0.07130730050933787,0.16940577249575553,566
120330022001,ESCAMBIA,969,617903,28,2.9258599288206173,True,45.31455584452576,0.18166383701188454,0.0831918505942275,0.23769100169779286,0.16765704584040747,567
120050013024,BAY,1126,2205131,86,2.260081875273888,True,38.99995056983009,0.298811544991511,0.042444821731748725,0.15449915110356535,0.1665874363327674,568
120050009003,BAY,1071,1436694,77,1.556006656751085,True,53.5952680250631,0.25127334465195245,0.15619694397283532,0.07640067911714771,0.16219015280135823,569
120330005001,ESCAMBIA,844,667570,40,2.1057774559088727,True,59.918810012433156,0.12393887945670629,0.22580645161290322,0.13582342954159593,0.16147707979626488,570
120330010015,ESCAMBIA,783,547382,33,2.199850492721529,True,60.286965957959886,0.10696095076400679,0.22920203735144312,0.14431239388794567,0.15962648556876063,571
120330014011,ESCAMBIA,600,896632,65,1.4558484321991736,True,72.49350904272879,0.027164685908319185,0.3904923599320883,0.06281833616298811,0.15882852292020375,572
120050024001,BAY,1251,989365,46,0.3146342973893489,True,46.49446867435173,0.3684210526315789,0.0899830220713073,0.008488964346349746,0.15775891341256368,573
120050017002,BAY,1277,1604649,67,0.5084184433653317,True,41.753679465104206,0.39134125636672323,0.059422750424448216,0.013582342954159592,0.1571477079796265,574
120050013023,BAY,824,2454348,121,2.761657291910494,True,49.300262228502234,0.11544991511035653,0.10696095076400679,0.21392190152801357,0.14514431239388795,575
120330021003,ESCAMBIA,1000,1308692,58,1.9771584988219588,True,44.31906055817564,0.2037351443123939,0.07130730050933787,0.12224108658743633,0.13314091680814943,576
121130106013,SANTA ROSA,690,919203,57,1.0991936475963195,True,62.010241480935115,0.06451612903225806,0.2495755517826825,0.035653650254668934,0.11606112054329373,577
120050009002,BAY,1076,1235097,48,1.076076197480193,True,38.8633443365177,0.25551782682512736,0.04074702886247878,0.03395585738539898,0.11152801358234297,578
120330029003,ESCAMBIA,856,749981,40,0.6541534080099518,True,53.33468447867346,0.13242784380305603,0.15280135823429541,0.01867572156196944,0.10161290322580646,579
120050016002,BAY,1010,1324175,38,1.4864323096424978,True,28.69711329695848,0.21561969439728354,0.006791171477079796,0.06791171477079797,0.09796264855687609,580
120050019004,BAY,847,842883,35,1.5931075295816952,True,41.52414985235198,0.1273344651952462,0.05432937181663837,0.0899830220713073,0.09091680814940578,581
120050020002,BAY,878,2200512,101,1.120327497292528,True,45.89840909751913,0.14855687606112053,0.08488964346349745,0.03735144312393888,0.09084889643463497,582
120330022003,ESCAMBIA,618,801511,44,1.47394618417171,True,54.896314585826026,0.03225806451612903,0.166383701188455,0.06621392190152801,0.08772495755517826,583
120050019002,BAY,1005,842743,29,0.3064297746809384,True,34.41143978650668,0.21137521222410866,0.022071307300509338,0.006791171477079796,0.08139219015280137,584
120050014032,BAY,643,731908,35,1.6326530791558973,True,47.82021784158665,0.04074702886247878,0.100169779286927,0.09168081494057725,0.0771646859083192,585
120330028031,ESCAMBIA,741,422861,14,1.8210211220655343,True,33.107806111228044,0.08234295415959253,0.01697792869269949,0.09847198641765705,0.06609507640067912,586
120050016003,BAY,342,825473,29,2.313685581288212,True,35.131373164234326,0.003395585738539898,0.023769100169779286,0.16298811544991512,0.06278438030560272,587
120050016004,BAY,431,692681,31,1.6378242963589844,True,44.75364561753535,0.008488964346349746,0.07640067911714771,0.0933786078098472,0.058913412563667236,588
120050014041,BAY,639,764590,24,0.4456351978860079,True,31.389372081769313,0.03904923599320883,0.011884550084889643,0.010186757215619695,0.020560271646859085,589
