GEOID,COUNTY_NAME,P1_001N,suitability_rank,suitability_score,flash_count,drive_min_to_shelter,within_15min,n_days_both_flag,on_shortlist_buffered
120910211024,OKALOOSA,3291,1,0.9396774193548387,515,21.255804349680734,False,14,True
120050027071,BAY,2602,2,0.9286926994906621,2843,19.449686064222643,False,10,True
120910210011,OKALOOSA,2229,3,0.915704584040747,998,25.225224479247725,False,16,True
121319505022,WALTON,4841,4,0.9058234295415959,3912,16.498125490533283,False,24,True
120910233041,OKALOOSA,3220,5,0.8953480475382003,684,24.183105738172724,False,14,True
120910233051,OKALOOSA,2434,6,0.8914091680814941,733,21.452883782579647,False,14,True
120330025002,ESCAMBIA,2011,7,0.8835823429541596,7190,19.612757233872944,False,10,True
121319506071,WALTON,2162,8,0.8795755517826827,888,17.743541024054032,False,19,True
121130108122,SANTA ROSA,2494,9,0.8634974533106962,530,14.6207947892766,True,3,False
121130108271,SANTA ROSA,2616,10,0.8631578947368421,4231,10.2612479883401,True,12,False
121130108201,SANTA ROSA,3931,11,0.8580645161290323,1776,9.608915618769862,True,19,False
120050002013,BAY,2218,12,0.8484380305602718,39941,22.678490334456104,False,28,True
120050027112,BAY,2057,13,0.8478947368421053,1668,13.206276047391976,True,11,False
121130108121,SANTA ROSA,2582,14,0.8392359932088286,282,14.894873526408508,True,7,False
121319506101,WALTON,2133,15,0.8369269949066214,7630,13.327650395991329,True,15,False
120050026081,BAY,2309,16,0.831239388794567,730,11.623634084631862,True,12,False
121319506081,WALTON,1808,17,0.8298641765704584,2092,15.751990723493712,False,16,True
120910211021,OKALOOSA,1992,18,0.8280135823429542,219,18.845609980486007,False,11,True
121130108241,SANTA ROSA,2741,19,0.8258743633276742,956,9.635919051764716,True,7,False
121130108021,SANTA ROSA,3620,20,0.8249066213921901,25488,17.007786008680675,False,28,True
121130107101,SANTA ROSA,2480,21,0.8247877758913413,11946,9.760719853477742,True,15,False
120910211022,OKALOOSA,1967,22,0.8240577249575551,161,18.73999876908175,False,6,True
121130108131,SANTA ROSA,1822,23,0.8226655348047538,386,16.698359164939692,False,7,True
121319502021,WALTON,3663,24,0.8159592529711376,7206,8.0963627791765,True,23,False
121130108142,SANTA ROSA,1808,25,0.8108149405772496,613,14.298943227826658,True,7,False
120330011031,ESCAMBIA,2789,26,0.8085398981324279,1495,6.241296834081353,True,6,False
120910210023,OKALOOSA,2389,27,0.8083701188455008,164,21.841003155320166,False,11,True
120330026011,ESCAMBIA,3278,28,0.8074193548387096,2517,6.499962760791048,True,7,False
120910210021,OKALOOSA,1828,29,0.8065025466893039,182,25.027337874424088,False,11,True
120330026042,ESCAMBIA,1882,30,0.8044821731748727,8310,9.76805232403976,True,13,False
120910207023,OKALOOSA,2902,31,0.8014601018675722,914,9.517820034762604,True,9,False
120050003012,BAY,1518,32,0.7966213921901528,25505,18.66981073713753,False,24,True
120330040001,ESCAMBIA,2618,33,0.795942275042445,8689,7.5878460895172095,True,18,False
120910233062,OKALOOSA,1671,34,0.7959083191850596,400,16.171516062173737,False,16,True
120050003023,BAY,3925,35,0.793616298811545,19557,6.068789043362078,True,23,False
121319506091,WALTON,1576,36,0.7922071307300511,8100,13.632630643027843,True,15,False
120330036032,ESCAMBIA,2681,37,0.7882512733446521,17344,5.941234515280229,True,12,False
120910210013,OKALOOSA,1870,38,0.7861969439728353,170,24.283901250823764,False,11,True
121130108082,SANTA ROSA,1996,39,0.7849066213921903,2039,16.67723554403902,False,19,True
121130108132,SANTA ROSA,1569,40,0.777572156196944,369,16.161625102093936,False,4,True
120910209004,OKALOOSA,2642,41,0.7758573853989814,291,20.083047249622133,False,18,True
121130108081,SANTA ROSA,2807,42,0.7752461799660442,6297,16.12897880331565,False,16,True
121319506052,WALTON,2050,43,0.7744651952461801,2901,8.779614109758333,True,17,False
120910201012,OKALOOSA,2491,44,0.7693378607809848,5823,8.911392361999223,True,18,False
121130108022,SANTA ROSA,2114,45,0.7685398981324278,282,10.479177328374996,True,14,False
121130108092,SANTA ROSA,2231,46,0.7655687606112055,1989,9.377767201758308,True,13,False
120330038001,ESCAMBIA,1596,47,0.7631409168081495,68594,13.810031694503833,True,23,False
120050002012,BAY,1908,48,0.7616808149405773,17440,9.139885677082708,True,23,False
120050002041,BAY,2547,49,0.7570967741935485,8478,16.119640887703667,False,29,True
121319506061,WALTON,1886,50,0.7566044142614601,2244,8.386393361833976,True,13,False
120910231004,OKALOOSA,1560,51,0.756213921901528,407,12.119948307851194,True,11,False
120910233082,OKALOOSA,2190,52,0.7552971137521223,342,20.492437733083648,False,13,True
121130108144,SANTA ROSA,2225,53,0.7537691001697793,291,13.024801311420962,True,10,False
120910203042,OKALOOSA,2716,54,0.7513242784380306,2231,9.724076913123191,True,14,False
120050008062,BAY,2297,55,0.7488115449915111,591,8.905582424538313,True,13,False
121319505021,WALTON,1824,56,0.748760611205433,1996,8.89405553787662,True,16,False
121130107092,SANTA ROSA,2887,57,0.7476570458404075,1717,11.76190169792974,True,12,False
121319506111,WALTON,1292,58,0.747572156196944,6456,15.298491094337349,False,13,True
121130105061,SANTA ROSA,2178,59,0.7474193548387097,2917,13.1601013385437,True,22,False
120910202001,OKALOOSA,2064,60,0.7409507640067913,25813,8.526644810669099,True,28,False
120910231002,OKALOOSA,3185,61,0.7390152801358234,185,14.12812387874717,True,12,False
120050002031,BAY,2765,62,0.7384889643463498,1253,10.277743100871186,True,11,False
120910231001,OKALOOSA,2316,63,0.735483870967742,128,12.1047394113039,True,9,False
121319504001,WALTON,1146,64,0.7354159592529712,28322,22.813116679418712,False,14,True
121130101004,SANTA ROSA,1563,65,0.7307470288624788,24287,14.204250489025425,True,19,False
120050005002,BAY,1364,66,0.7294736842105263,19186,17.62515135257102,False,21,True
121130105032,SANTA ROSA,2840,67,0.7285229202037351,571,6.981396837764384,True,11,False
120910212005,OKALOOSA,1463,68,0.7269439728353142,223,15.61802923298854,False,13,True
120330036033,ESCAMBIA,1613,69,0.7256876061120543,12360,7.481257532583401,True,19,False
120050026071,BAY,1284,70,0.725653650254669,9037,12.101838614306926,True,12,False
120910215021,OKALOOSA,1951,71,0.7228692699490663,411,6.6921802793317,True,10,False
120330036131,ESCAMBIA,1540,72,0.7219354838709678,6586,10.10386237205712,True,24,False
120330038002,ESCAMBIA,1684,73,0.7192020373514432,15140,9.204746443716612,True,16,False
120910205005,OKALOOSA,2687,74,0.7187945670628184,757,9.507720810766822,True,17,False
120050027032,BAY,1175,75,0.718251273344652,1305,16.40792086395655,False,13,True
120910209002,OKALOOSA,2209,76,0.71786078098472,520,20.42775390153417,False,19,True
121319505023,WALTON,1059,77,0.7167911714770798,4290,22.963414753190985,False,20,True
120330036121,ESCAMBIA,1712,78,0.7165195246179966,1078,10.37802825638996,True,9,False
120050026051,BAY,1337,79,0.7147538200339558,1164,9.985361231998054,True,13,False
121130108231,SANTA ROSA,1382,80,0.7144312393887946,1632,9.802273086393898,True,12,False
121130109003,SANTA ROSA,1283,81,0.7135823429541597,1924,10.871103554460635,True,3,False
121130105051,SANTA ROSA,4394,82,0.7085568760611205,2163,6.27074502849804,True,18,False
120910203052,OKALOOSA,2382,83,0.7080645161290324,6119,13.183386498650076,True,15,False
120910204002,OKALOOSA,2987,84,0.7074023769100171,225,4.860371115531334,True,9,False
120050026042,BAY,2865,85,0.70616298811545,150,10.134599663909103,True,5,False
120910211023,OKALOOSA,1260,86,0.7052292020373514,120,19.116048331610944,False,4,True
121319505011,WALTON,1823,87,0.6997113752122242,4574,11.184555500173095,True,19,False
120050005001,BAY,1224,88,0.6990831918505942,15839,19.10275595672668,False,29,True
120050027101,BAY,1261,89,0.6974363327674025,1114,10.679670604575254,True,17,False
120330026041,ESCAMBIA,2570,90,0.6971816638370119,7091,3.222122288089566,True,8,False
120330011011,ESCAMBIA,2020,91,0.6964855687606113,1019,4.752083407734047,True,7,False
120910207022,OKALOOSA,3856,92,0.6949915110356537,579,3.177037582193034,True,9,False
120910201011,OKALOOSA,1933,93,0.6945331069609508,8041,10.753245254490254,True,25,False
120910208002,OKALOOSA,1715,94,0.6927504244482174,225,21.533867499919214,False,14,True
120330027011,ESCAMBIA,3284,95,0.6914601018675722,962,5.324369069734713,True,7,False
121319505012,WALTON,1718,96,0.6914091680814941,15635,19.40535147536055,False,23,True
121130108252,SANTA ROSA,1123,97,0.6901018675721562,3967,12.065346534240382,True,5,False
121319506053,WALTON,2846,98,0.6882173174872666,2009,5.723439337466386,True,13,False
120330037002,ESCAMBIA,2411,99,0.6879966044142616,519,5.990679170243514,True,10,False
120330026062,ESCAMBIA,1882,100,0.6879456706281833,262,6.57094313175346,True,10,False
120910206012,OKALOOSA,2056,101,0.687640067911715,2130,5.990106112392615,True,17,False
120330036034,ESCAMBIA,3097,102,0.6873514431239389,1322,5.336814327154846,True,6,False
121130108085,SANTA ROSA,4221,103,0.6872495755517827,905,10.846553806082031,True,18,False
120330024001,ESCAMBIA,5532,104,0.6862478777589135,1401,9.793815993020656,True,9,False
120330033051,ESCAMBIA,2593,105,0.6857894736842106,1767,4.90512807961617,True,5,False
121130103021,SANTA ROSA,4953,106,0.685653650254669,5214,7.078703500888279,True,23,False
120330014013,ESCAMBIA,4485,107,0.6839219015280136,114,2.812412003007416,True,5,False
120330036122,ESCAMBIA,2813,108,0.682546689303905,633,4.86996679570469,True,12,False
120330035092,ESCAMBIA,3100,109,0.6817826825127336,330,5.059104694612684,True,16,False
120050027081,BAY,869,110,0.6815449915110356,2506,18.254412626303232,False,11,True
120050006001,BAY,919,111,0.6805942275042445,16263,22.43631923368205,False,23,True
120330023001,ESCAMBIA,2039,112,0.6797453310696095,2068,3.745589984673289,True,8,False
120050003021,BAY,1659,113,0.6793378607809848,13340,7.091812089926354,True,24,False
120330036083,ESCAMBIA,3146,114,0.6756876061120544,870,4.463616011595099,True,12,False
121130108272,SANTA ROSA,3673,115,0.6747877758913413,336,9.78250751386701,True,8,False
120910206013,OKALOOSA,4555,116,0.6744142614601019,2053,3.8142549311145415,True,16,False
121130108251,SANTA ROSA,2169,117,0.6734295415959254,315,5.142511664297146,True,9,False
121130108232,SANTA ROSA,3542,118,0.6730390492359932,358,13.4898675777697,True,10,False
120050025001,BAY,2200,119,0.6707640067911715,290,5.726017489429182,True,9,False
120910232002,OKALOOSA,1100,120,0.6699830220713073,14957,10.344353481496595,True,16,False
120910233031,OKALOOSA,725,121,0.6683191850594228,5674,19.31189313367463,False,13,True
121130104001,SANTA ROSA,1812,122,0.6671477079796265,11016,14.8380112673164,True,19,False
120910212001,OKALOOSA,2043,123,0.6651952461799662,193,15.43014349684259,False,7,True
120910211013,OKALOOSA,1052,124,0.6623938879456706,157,17.385471070779918,False,8,True
121130108282,SANTA ROSA,2493,125,0.6601018675721563,558,9.824510813460629,True,8,False
121319504003,WALTON,870,126,0.658590831918506,18702,26.42528832013241,False,20,True
120330033071,ESCAMBIA,2180,127,0.65723259762309,245,4.969974926209249,True,3,False
121130108242,SANTA ROSA,2537,128,0.6562308998302209,421,5.103088588625607,True,17,False
121319505013,WALTON,1028,129,0.6558064516129033,22950,20.006659161063418,False,28,True
121130108141,SANTA ROSA,952,130,0.6552971137521222,703,15.231722139953067,False,8,True
120330036132,ESCAMBIA,1320,131,0.6541086587436333,7499,7.550784657809086,True,19,False
120050014042,BAY,3133,132,0.6498981324278439,450,4.838975821703959,True,17,False
120330036031,ESCAMBIA,3479,133,0.6494906621392191,1025,3.4405195954257475,True,16,False
121319503053,WALTON,1135,134,0.6490322580645161,53947,28.235108768361968,False,28,True
120330038003,ESCAMBIA,1681,135,0.6463497453310697,3690,6.76199688353734,True,17,False
121130107113,SANTA ROSA,1785,136,0.6460611205432938,1822,4.932516439301604,True,17,False
120330034001,ESCAMBIA,2402,137,0.644804753820034,349,5.56211121747347,True,7,False
121319501043,WALTON,1715,138,0.6428862478777588,8164,13.886338400706157,True,23,False
121319501021,WALTON,658,139,0.6425127334465196,18037,22.84991653178397,False,19,True
120050003011,BAY,1096,140,0.6422241086587437,5499,12.35052079131081,True,19,False
120910212004,OKALOOSA,1040,141,0.638811544991511,161,13.882979087657883,True,3,False
120330025001,ESCAMBIA,928,142,0.6374872665534805,16663,10.957216801308714,True,4,False
120910214001,OKALOOSA,2979,143,0.6351103565365026,506,7.112258907175224,True,16,False
120050014021,BAY,1321,144,0.6336842105263158,350,7.087981177459267,True,22,False
121319503061,WALTON,1656,145,0.6328183361629882,2800,17.540552603098927,False,16,True
120330036091,ESCAMBIA,2409,146,0.6324957555178268,205,4.838944495622625,True,8,False
120050004022,BAY,2309,147,0.6323429541595926,1255,7.393699219829378,True,14,False
120050026061,BAY,865,148,0.6316468590831918,808,11.458426652824349,True,11,False
120910203061,OKALOOSA,1452,149,0.6307979626485569,4835,10.684424468483416,True,15,False
120330036101,ESCAMBIA,3034,150,0.6301358234295416,463,2.9599172052383333,True,13,False
121130105043,SANTA ROSA,3122,151,0.6280305602716469,497,5.790554658761553,True,14,False
120910227001,OKALOOSA,1280,152,0.6252971137521223,300,6.564358402738241,True,1,False
121130108221,SANTA ROSA,3299,153,0.6242614601018677,286,8.48991012013582,True,13,False
121319503032,WALTON,1661,154,0.6238879456706283,1267,8.214145673060381,True,16,False
120910224001,OKALOOSA,1198,155,0.6233446519524618,304,7.154744837901505,True,11,False
120330026021,ESCAMBIA,1156,156,0.6228692699490662,15056,6.221410346912913,True,12,False
121130108143,SANTA ROSA,1557,157,0.6225636672325976,151,16.58308517014173,False,2,False
120910207021,OKALOOSA,1782,158,0.6222241086587437,292,6.708729616256592,True,14,False
121319503042,WALTON,2029,159,0.6208828522920204,999,7.110132917048957,True,16,False
121319501022,WALTON,1003,160,0.620339558573854,13084,15.170842738365728,False,20,False
120910215012,OKALOOSA,2004,161,0.6196604414261461,138,3.926766738631453,True,8,False
121130109001,SANTA ROSA,1224,162,0.6195246179966044,2609,6.422501797089238,True,4,False
120910209003,OKALOOSA,1060,163,0.6187606112054329,145,18.732577720386068,False,7,False
120910201021,OKALOOSA,988,164,0.6182342954159592,32449,16.686285346900906,False,24,False
120330027042,ESCAMBIA,3685,165,0.6182173174872666,459,4.807179683559694,True,7,False
120050027121,BAY,2621,166,0.6178098471986417,163,9.550315190242964,True,5,False
120330035121,ESCAMBIA,1255,167,0.6177589134125637,1084,5.863181494974908,True,16,False
120330039004,ESCAMBIA,1535,168,0.6177079796264856,3745,9.805727279704287,True,19,False
120050027092,BAY,1920,169,0.6146519524617997,262,18.33087445727989,False,7,False
120910211011,OKALOOSA,1746,170,0.61446519524618,203,16.511185454124337,False,9,False
120050014022,BAY,3098,171,0.6139728353140917,341,5.708458245166178,True,16,False
121319501031,WALTON,1194,172,0.6101528013582344,2288,9.12684290993822,True,11,False
120330036143,ESCAMBIA,1857,173,0.6074363327674024,2553,4.998308965979851,True,17,False
120910210012,OKALOOSA,2000,174,0.6073174872665534,90,24.163560789396133,False,6,False
120910229003,OKALOOSA,1860,175,0.606893039049236,268,7.380015956295407,True,8,False
120330031001,ESCAMBIA,2661,176,0.6066893039049237,160,3.7488908997031833,True,7,False
121130108094,SANTA ROSA,1056,177,0.6058404074702887,2694,15.081094319773928,False,16,False
120910212003,OKALOOSA,867,178,0.6053310696095077,173,13.344846217251078,True,3,False
120910201022,OKALOOSA,2309,179,0.6048896434634975,8469,5.354579587660605,True,19,False
121130108281,SANTA ROSA,3000,180,0.6043293718166384,97,10.657795628425289,True,6,False
120330014024,ESCAMBIA,1771,181,0.603955857385399,187,5.029554779481998,True,3,False
120050027061,BAY,1102,182,0.603616298811545,203,18.24629162516701,False,12,False
120330036144,ESCAMBIA,1686,183,0.6032427843803057,1525,5.5500910110106565,True,8,False
120910209001,OKALOOSA,1324,184,0.6031748726655348,168,17.571594458192543,False,7,False
120330036142,ESCAMBIA,1590,185,0.602886247877759,1256,6.898604441874521,True,19,False
120910215011,OKALOOSA,1062,186,0.6002886247877759,618,6.877612761622497,True,15,False
120050026093,BAY,2582,187,0.5988794567062818,243,6.321233650377935,True,4,False
120910233032,OKALOOSA,792,188,0.5977928692699491,101,20.800405972915904,False,4,False
120330033131,ESCAMBIA,2442,189,0.5972835314091681,221,2.6315258296918285,True,3,False
121130105041,SANTA ROSA,1932,190,0.5947877758913414,749,8.488394115476337,True,16,False
121130105033,SANTA ROSA,1780,191,0.5947368421052632,591,9.3306383864545,True,11,False
120910201023,OKALOOSA,1363,192,0.5938709677419355,10679,8.363354054162144,True,21,False
120330036133,ESCAMBIA,1308,193,0.5924448217317487,543,5.653034820767293,True,10,False
120050013012,BAY,3978,194,0.5919694397283531,543,5.212414351297809,True,9,False
120910233052,OKALOOSA,2314,195,0.591477079796265,45,19.004413938458665,False,1,False
120330010021,ESCAMBIA,1342,196,0.5907130730050933,597,4.358269270645277,True,6,False
120910206022,OKALOOSA,2926,197,0.5891341256366723,413,3.4315267342967237,True,14,False
121319506102,WALTON,2399,198,0.5882003395585739,1847,9.640604522193088,True,19,False
120910208003,OKALOOSA,1485,199,0.5875212224108659,1491,13.448545136303002,True,12,False
120330036123,ESCAMBIA,1545,200,0.5863667232597622,399,7.646553676172444,True,14,False
120910220021,OKALOOSA,2375,201,0.5853480475382004,131,3.283060996741909,True,8,False
120050002011,BAY,1306,202,0.5840237691001698,4385,15.29029366225554,False,13,False
120330040003,ESCAMBIA,546,203,0.5840067911714771,13632,11.768317098295016,True,18,False
120330001001,ESCAMBIA,1756,204,0.5839898132427843,316,3.000541395291953,True,5,False
120330036112,ESCAMBIA,2735,205,0.5838200339558575,443,3.8573960451055855,True,5,False
121130108093,SANTA ROSA,1050,206,0.58169779286927,796,14.75858651128482,True,14,False
120910212002,OKALOOSA,745,207,0.5810356536502548,2525,21.02478361660177,False,15,False
121130102003,SANTA ROSA,1372,208,0.5787945670628184,12570,9.656514550667795,True,20,False
121130109002,SANTA ROSA,1092,209,0.5780475382003396,124,8.976303232705279,True,1,False
121130101003,SANTA ROSA,585,210,0.5767741935483871,12051,13.118854153040957,True,12,False
120330026071,ESCAMBIA,4123,211,0.5762988115449916,845,5.492903294128367,True,11,False
121130105062,SANTA ROSA,2005,212,0.5759762308998303,654,6.468633880585421,True,25,False
120910218021,OKALOOSA,2410,213,0.5759252971137522,98,3.292468937285466,True,5,False
121319506051,WALTON,1881,214,0.5755857385398981,484,7.688365717478814,True,13,False
121130107072,SANTA ROSA,2799,215,0.5743633276740238,511,3.2698821158854323,True,17,False
120330027041,ESCAMBIA,2592,216,0.5742614601018676,660,6.395369739100727,True,14,False
120330032032,ESCAMBIA,1693,217,0.5741426146010187,211,7.762584300816512,True,9,False
121130103032,SANTA ROSA,3959,218,0.5740237691001698,1555,4.869138843950756,True,18,False
121130107081,SANTA ROSA,1766,219,0.573955857385399,392,5.132870024039864,True,12,False
121130107091,SANTA ROSA,1220,220,0.5738370118845502,556,7.219141010343577,True,14,False
121130103012,SANTA ROSA,3070,221,0.5735823429541597,259,8.801195497024107,True,16,False
121319501023,WALTON,719,222,0.5710696095076401,21427,12.618044256141786,True,25,False
121130108211,SANTA ROSA,2674,223,0.5702886247877759,220,3.858992677219149,True,14,False
120910229002,OKALOOSA,1438,224,0.5702376910016977,119,7.605343164575794,True,4,False
120050027131,BAY,637,225,0.569609507640068,2051,9.12985786560493,True,12,False
120330039001,ESCAMBIA,1405,226,0.5694397283531409,11192,16.206559453759258,False,31,False
120330017001,ESCAMBIA,2097,227,0.5678947368421053,352,1.9246175399912355,True,9,False
120050027031,BAY,2468,228,0.5676061120543294,221,13.533843212539296,True,10,False
120910203051,OKALOOSA,1672,229,0.5673344651952461,4544,9.80672641076806,True,16,False
120910211012,OKALOOSA,660,230,0.5668930390492359,100,16.09234509458062,False,7,False
121319506043,WALTON,1587,231,0.5664516129032259,966,8.18901973834909,True,7,False
121130101001,SANTA ROSA,614,232,0.5656027164685908,38457,19.446592196757987,False,20,False
120330026052,ESCAMBIA,2495,233,0.5648896434634975,1073,5.7780604004540175,True,11,False
121130102004,SANTA ROSA,1172,234,0.5630390492359932,10613,13.598099738389369,True,11,False
121130108262,SANTA ROSA,1828,235,0.5605432937181664,158,8.566583317156047,True,5,False
120330036084,ESCAMBIA,1583,236,0.5597113752122241,625,6.769146539344487,True,13,False
121130108273,SANTA ROSA,2807,237,0.5595415959252972,163,7.778285653259771,True,9,False
120330014022,ESCAMBIA,2062,238,0.5577079796264857,215,3.96653743642581,True,9,False
120050003022,BAY,1274,239,0.5563157894736842,8767,10.161240665883232,True,26,False
121319501032,WALTON,1157,240,0.5559422750424449,2220,12.105927800285782,True,19,False
120330019001,ESCAMBIA,2204,241,0.555365025466893,171,2.289532120468898,True,6,False
121130107071,SANTA ROSA,1625,242,0.5542614601018676,3286,6.327429194524424,True,22,False
120910205006,OKALOOSA,2072,243,0.5527164685908319,320,5.660208936748131,True,19,False
120330035073,ESCAMBIA,2168,244,0.5523938879456707,195,2.8992478210877097,True,11,False
121319501041,WALTON,846,245,0.5514431239388795,7817,16.024357419846535,False,27,False
121319506073,WALTON,1920,246,0.5513412563667233,196,17.13629391031106,False,11,False
121130107043,SANTA ROSA,2842,247,0.5503735144312394,364,7.193872532483364,True,18,False
120330033122,ESCAMBIA,1713,248,0.5501358234295416,134,5.070205425798409,True,4,False
121130108133,SANTA ROSA,1716,249,0.5482342954159592,60,16.72066295415949,False,1,False
120050004021,BAY,2108,250,0.5466553480475382,1626,6.124296927517076,True,13,False
120050026091,BAY,1207,251,0.5457894736842106,222,7.562650393852306,True,16,False
120050026045,BAY,1203,252,0.5435314091680816,78,10.93950714339698,True,3,False
120910203031,OKALOOSA,3065,253,0.5433106960950764,702,5.5202312733923895,True,14,False
120050007001,BAY,141,254,0.5423599320882853,17642,11.44878779113372,True,15,False
121130108202,SANTA ROSA,2965,255,0.5420882852292022,242,6.314527077419443,True,13,False
121130107053,SANTA ROSA,741,256,0.5417657045840407,727,8.354809172253857,True,12,False
120330028022,ESCAMBIA,1732,257,0.5407130730050934,113,4.499129613651164,True,3,False
120050027062,BAY,1626,258,0.5391511035653651,429,19.827791576776647,False,11,False
120330016001,ESCAMBIA,2191,259,0.5384889643463499,247,1.5087108221072618,True,11,False
120050005003,BAY,5014,260,0.5377589134125637,3504,4.602688489454935,True,15,False
120330035062,ESCAMBIA,3005,261,0.5371137521222411,132,3.117048573386991,True,7,False
120910216001,OKALOOSA,1496,262,0.5340747028862479,142,9.061518042451782,True,12,False
121130108083,SANTA ROSA,769,263,0.5337691001697793,5842,20.994047661383792,False,21,False
120330035091,ESCAMBIA,2194,264,0.5323429541595925,174,5.024134793723769,True,8,False
120330035071,ESCAMBIA,2620,265,0.5315110356536502,126,3.065830001110782,True,4,False
120910228002,OKALOOSA,1198,266,0.5308998302207131,32,6.24655736804915,True,1,False
120910205002,OKALOOSA,1138,267,0.5272156196943973,227,5.330828777886212,True,12,False
121130108091,SANTA ROSA,987,268,0.526332767402377,651,6.519739271220238,True,6,False
120330036111,ESCAMBIA,1743,269,0.5250764006791172,222,5.860156970294756,True,13,False
120910218012,OKALOOSA,2708,270,0.5238370118845501,59,4.98746990987073,True,2,False
121130104002,SANTA ROSA,1011,271,0.5226655348047539,5413,16.809744584695313,False,20,False
120330026051,ESCAMBIA,2566,272,0.5217996604414261,115,5.759472016362622,True,4,False
121130101002,SANTA ROSA,1090,273,0.5214261460101868,14223,19.16919220332657,False,21,False
120050002042,BAY,1119,274,0.521137521222411,6606,18.45787252490729,False,19,False
121130102001,SANTA ROSA,1260,275,0.5208998302207131,10707,3.659697698825044,True,13,False
120330033012,ESCAMBIA,1289,276,0.5195246179966044,620,4.593115014439022,True,12,False
120330030012,ESCAMBIA,2266,277,0.5185229202037352,106,2.557522619556171,True,4,False
120330013002,ESCAMBIA,1607,278,0.5169439728353141,118,3.2699144819441623,True,4,False
121130107112,SANTA ROSA,1761,279,0.516502546689304,193,5.690834811533279,True,9,False
121130103031,SANTA ROSA,1260,280,0.5164176570458404,7780,9.56056942591542,True,17,False
120910210022,OKALOOSA,1549,281,0.5152292020373515,28,22.50768360901838,False,1,False
120330026022,ESCAMBIA,689,282,0.5143972835314092,3235,5.646561366137848,True,8,False
120910203062,OKALOOSA,1285,283,0.5136162988115449,1834,13.709891631181714,True,13,False
120050027102,BAY,2101,284,0.5130050933786079,540,9.16057562423364,True,12,False
120330003001,ESCAMBIA,1490,285,0.5124787775891342,504,2.464073716557592,True,7,False
120330008011,ESCAMBIA,1395,286,0.5100169779286927,784,2.1212407516672376,True,6,False
121130107122,SANTA ROSA,2592,287,0.509830220713073,469,2.8674764122817678,True,11,False
121319506062,WALTON,1032,288,0.5082173174872666,2955,5.306565953015279,True,17,False
120330028041,ESCAMBIA,3568,289,0.5077758913412564,256,3.2511053046322376,True,7,False
120050023002,BAY,1739,290,0.5065534804753821,242,1.0015002849680208,True,9,False
120050015011,BAY,3093,291,0.5058064516129033,362,4.546298147277016,True,12,False
121130109004,SANTA ROSA,811,292,0.5031409168081495,58,10.347986969455937,True,3,False
120910221001,OKALOOSA,2211,293,0.5016129032258065,83,3.098720092224524,True,3,False
120330033132,ESCAMBIA,1002,294,0.4990152801358234,145,4.763415239824021,True,1,False
120330010022,ESCAMBIA,485,295,0.49879456706281833,417,5.6332736182508025,True,10,False
120330037003,ESCAMBIA,1283,296,0.4984380305602717,318,4.258655679503856,True,7,False
121319506044,WALTON,1751,297,0.4976740237691002,277,10.579933326225111,True,14,False
120050004011,BAY,1571,298,0.4974533106960951,445,7.960957825563137,True,10,False
120910203032,OKALOOSA,2422,299,0.4958404074702887,1140,2.692030407312258,True,18,False
120050004023,BAY,1698,300,0.49572156196943973,610,7.635476250247171,True,14,False
121130107082,SANTA ROSA,2025,301,0.4953650254668931,119,6.107030524338237,True,4,False
121319504002,WALTON,854,302,0.4943463497453311,7270,12.257487367860897,True,23,False
120330032013,ESCAMBIA,1637,303,0.4938370118845501,200,4.471628142885269,True,7,False
120330033013,ESCAMBIA,2074,304,0.49224108658743637,271,2.49852893517691,True,10,False
120910208001,OKALOOSA,474,305,0.49205432937181665,78449,17.06838361067439,False,24,False
120910219024,OKALOOSA,1953,306,0.4917826825127335,83,6.330629948999419,True,4,False
120330014021,ESCAMBIA,1875,307,0.4915110356536503,468,3.222367115939205,True,18,False
120330030021,ESCAMBIA,1995,308,0.4913073005093379,231,2.446623048003933,True,4,False
120330011044,ESCAMBIA,1688,309,0.4900848896434636,102,3.852585507109558,True,4,False
121319506092,WALTON,1107,310,0.4899320882852292,163,13.64365932098521,True,8,False
120330010011,ESCAMBIA,766,311,0.4894736842105264,388,4.9121894786562645,True,10,False
120330034002,ESCAMBIA,1082,312,0.48833616298811544,191,5.36607854304332,True,9,False
120330012021,ESCAMBIA,1393,313,0.48701188455008493,245,3.2249735947517544,True,7,False
120050027103,BAY,1812,314,0.4867402376910017,219,10.732632158017312,True,10,False
120050008041,BAY,2117,315,0.4861799660441426,260,6.1978386295974,True,10,False
121130105031,SANTA ROSA,1741,316,0.4858404074702886,122,3.943138432193561,True,7,False
120330028021,ESCAMBIA,2636,317,0.48393887945670633,171,3.3005288639934185,True,8,False
121319503052,WALTON,878,318,0.4835993208828523,3426,9.674835350451072,True,16,False
121319506041,WALTON,1017,319,0.48290322580645173,416,7.861061430228387,True,7,False
120910206021,OKALOOSA,1260,320,0.48168081494057724,78,4.824999954709503,True,2,False
120330030011,ESCAMBIA,1450,321,0.48118845500848895,80,4.6086337315779256,True,2,False
121130109006,SANTA ROSA,989,322,0.48098471986417657,89,9.191814327272782,True,3,False
120330037001,ESCAMBIA,1950,323,0.48052631578947375,670,2.9659669256732024,True,11,False
120050014031,BAY,1096,324,0.47974533106960954,153,4.298026415578037,True,7,False
120910225001,OKALOOSA,991,325,0.4762478777589135,91,5.3271953115751804,True,5,False
120330023002,ESCAMBIA,1412,326,0.476213921901528,222,2.43663330698773,True,4,False
120330033082,ESCAMBIA,1631,327,0.47614601018675723,467,2.97960166939159,True,17,False
121319501044,WALTON,666,328,0.47560271646859087,7843,5.028767535141669,True,20,False
120330036071,ESCAMBIA,2593,329,0.47456706281833627,410,2.5004800072732305,True,11,False
120330036102,ESCAMBIA,1530,330,0.47312393887945675,201,3.4836946909955397,True,10,False
120330035061,ESCAMBIA,1702,331,0.4713752122241087,81,5.318777136069683,True,2,False
120910217001,OKALOOSA,1877,332,0.4702376910016978,182,0.0,True,5,False
120910232001,OKALOOSA,877,333,0.4701188455008489,967,11.248845518752203,True,14,False
120330010013,ESCAMBIA,1829,334,0.4684040747028863,132,4.067944901925862,True,2,False
120910207011,OKALOOSA,1073,335,0.4681154499151104,161,4.203414499057591,True,9,False
120910203041,OKALOOSA,1951,336,0.46682512733446524,632,5.2854032412005845,True,15,False
121130102002,SANTA ROSA,952,337,0.4664855687606112,5096,7.296110389208544,True,15,False
120330033081,ESCAMBIA,1702,338,0.46185059422750424,222,2.928869330937084,True,8,False
120330036082,ESCAMBIA,1785,339,0.46173174872665534,179,3.6349470485345137,True,4,False
120330012012,ESCAMBIA,2012,340,0.4617147707979627,132,1.3663472552639149,True,6,False
121130107111,SANTA ROSA,1218,341,0.4600848896434635,112,5.409019741692649,True,7,False
120910231003,OKALOOSA,1293,342,0.45904923599320885,55,12.775657719964377,True,2,False
120910233061,OKALOOSA,1282,343,0.4577928692699491,48,17.734618861905698,False,2,False
120330014023,ESCAMBIA,1035,344,0.4567062818336163,83,3.7938923824198234,True,2,False
120330028012,ESCAMBIA,2034,345,0.4561799660441427,115,4.313825815972123,True,2,False
120330033101,ESCAMBIA,2658,346,0.4559592529711376,74,3.7294140688950095,True,2,False
120910218011,OKALOOSA,2828,347,0.4550933786078099,99,3.288166044815196,True,4,False
120910223001,OKALOOSA,1154,348,0.4542105263157895,156,2.8411587748548683,True,7,False
120910207012,OKALOOSA,2883,349,0.45405772495755514,574,1.4133549096814093,True,14,False
120330008022,ESCAMBIA,1490,350,0.45365025466893044,107,3.1279130683536667,True,3,False
120330011041,ESCAMBIA,1443,351,0.4531578947368421,146,3.4249860216890142,True,3,False
120050013021,BAY,1605,352,0.4505263157894738,258,3.941459308214166,True,8,False
120330032011,ESCAMBIA,1833,353,0.4504923599320883,112,3.2432009236276853,True,5,False
120330040002,ESCAMBIA,498,354,0.44670628183361627,881,10.883622970104428,True,13,False
120330033121,ESCAMBIA,1526,355,0.4462139219015281,121,4.853756371537058,True,3,False
121130103011,SANTA ROSA,3221,356,0.4454668930390493,395,0.6130713917150572,True,13,False
120910204004,OKALOOSA,1633,357,0.4445161290322581,758,6.941007706651106,True,16,False
120910233071,OKALOOSA,1263,358,0.4439388794567063,30,18.31093465638096,False,1,False
120910219011,OKALOOSA,1552,359,0.4429711375212224,82,6.706514450328854,True,4,False
120910219021,OKALOOSA,2073,360,0.44235993208828517,58,4.763926776407827,True,2,False
121130108261,SANTA ROSA,1263,361,0.4411375212224109,270,10.067550574541304,True,11,False
120910225003,OKALOOSA,1518,362,0.44028862478777586,106,5.353501131195125,True,3,False
121319501024,WALTON,725,362,0.44028862478777586,7712,17.382928023417207,False,20,False
121319503031,WALTON,1020,364,0.4397792869269949,813,5.555348391045808,True,8,False
121319502011,WALTON,1425,365,0.43908319185059425,1906,3.888122326444976,True,12,False
121130107083,SANTA ROSA,1563,366,0.4382852292020374,147,5.137266472071159,True,4,False
120330035072,ESCAMBIA,1631,367,0.4380475382003396,158,2.010940177197742,True,7,False
120330012022,ESCAMBIA,2623,368,0.43741935483870975,168,1.5898212114204653,True,7,False
120330004003,ESCAMBIA,1466,369,0.43534804753820044,59,2.066809506381595,True,1,False
120050026041,BAY,1165,370,0.43470288624787784,59,7.75000594492227,True,2,False
120050027111,BAY,1429,371,0.432937181663837,55,11.608258328958648,True,2,False
120330036141,ESCAMBIA,999,372,0.4328692699490662,961,4.23841776420146,True,13,False
120910233081,OKALOOSA,1136,373,0.43278438030560273,63,20.21216009487988,False,2,False
120330034004,ESCAMBIA,1285,374,0.43181663837011885,184,5.805783607018213,True,9,False
120330036113,ESCAMBIA,1473,375,0.4314431239388795,177,4.117159038561972,True,6,False
120050026082,BAY,1117,376,0.4306281833616299,110,11.85085228136982,True,6,False
120910206011,OKALOOSA,1007,377,0.4301867572156197,130,4.55075180100502,True,5,False
120910223002,OKALOOSA,1394,378,0.4276400679117148,83,2.226699924884183,True,5,False
121130107052,SANTA ROSA,1575,379,0.42689303904923603,127,5.521439128288293,True,5,False
120330023003,ESCAMBIA,1410,380,0.4254668930390493,130,2.0109991796960305,True,4,False
120330032012,ESCAMBIA,1574,381,0.4235144312393888,346,4.841150004576613,True,10,False
120330039002,ESCAMBIA,1246,382,0.4232937181663837,14733,0.9410604905875064,True,21,False
121130107093,SANTA ROSA,1754,383,0.42261460101867576,636,4.73170490237921,True,15,False
120330031002,ESCAMBIA,1460,384,0.42185059422750426,58,3.499228391480651,True,1,False
120330036103,ESCAMBIA,2198,385,0.42142614601018674,244,0.0,True,10,False
121319503043,WALTON,1186,386,0.4190831918505942,328,1.8981529959804435,True,14,False
120330036081,ESCAMBIA,1256,387,0.4183191850594228,89,5.146817084104501,True,2,False
121130106021,SANTA ROSA,1781,388,0.4182682512733447,386,3.653517140709941,True,18,False
121130108222,SANTA ROSA,2147,389,0.4167402376910017,126,4.49334654787726,True,7,False
120910225002,OKALOOSA,1716,390,0.4160101867572156,67,5.192870602730202,True,2,False
120910215022,OKALOOSA,1835,391,0.41521222410865877,41,5.555426581857882,True,1,False
120910219022,OKALOOSA,2102,392,0.41441426146010185,54,4.482242603292805,True,1,False
121319501033,WALTON,680,393,0.41405772495755516,4082,15.275671493075684,False,21,False
120050022002,BAY,1159,394,0.4139388794567063,147,1.5788591193807733,True,11,False
120330034003,ESCAMBIA,1607,395,0.41385398981324284,132,4.391105291577278,True,5,False
120050026044,BAY,1273,396,0.4134295415959253,42,8.610220632344049,True,0,False
120910204003,OKALOOSA,1913,397,0.4126485568760611,422,2.828448173625931,True,12,False
120330022002,ESCAMBIA,1005,398,0.41195246179966044,88,3.913891644140536,True,4,False
120050008052,BAY,2148,399,0.41171477079796265,83,4.354379942897386,True,4,False
120910227003,OKALOOSA,1342,400,0.41030560271646854,60,6.22389301905248,True,1,False
120330033133,ESCAMBIA,669,401,0.4100848896434635,303,3.3991388209159177,True,2,False
120330021002,ESCAMBIA,1812,402,0.4088624787775892,96,2.276753066046433,True,4,False
120910226001,OKALOOSA,991,403,0.4084550084889643,76,6.716314892360113,True,3,False
120330013003,ESCAMBIA,1033,404,0.40738539898132425,91,3.824699855435922,True,5,False
120330033011,ESCAMBIA,1123,405,0.40604414261460103,302,4.312510243813324,True,6,False
120910205001,OKALOOSA,1365,406,0.405653650254669,473,2.257174070230243,True,9,False
121319503051,WALTON,1416,407,0.405144312393888,1062,2.6782835697802496,True,14,False
120050008032,BAY,1485,408,0.4048726655348048,347,5.1889269944925625,True,16,False
120910227002,OKALOOSA,1102,409,0.4041595925297114,48,5.923810375098298,True,1,False
121130107041,SANTA ROSA,1824,410,0.40363327674023775,147,4.874772286790185,True,8,False
120330033102,ESCAMBIA,2302,411,0.399779286926995,158,1.996703546865384,True,5,False
120050012002,BAY,1335,412,0.39930390492359935,298,1.358330984323764,True,5,False
121130107044,SANTA ROSA,1378,413,0.3989813242784381,221,6.031709717474048,True,6,False
120910218024,OKALOOSA,1416,414,0.398421052631579,66,1.9655109273776885,True,3,False
120330021001,ESCAMBIA,2155,415,0.39828522920203735,168,1.429698468394189,True,7,False
120330009002,ESCAMBIA,873,416,0.3975212224108659,100,3.8308715882123527,True,3,False
120330020001,ESCAMBIA,767,417,0.39704584040747026,119,4.353833309200983,True,4,False
120050026092,BAY,1122,418,0.3967741935483871,230,7.593277084296178,True,15,False
121319501042,WALTON,461,419,0.3962308998302207,4177,12.944499600058505,True,23,False
120910216002,OKALOOSA,983,420,0.3943633276740238,61,8.104027202191698,True,2,False
121319506042,WALTON,1240,421,0.3935314091680815,150,11.295975789563222,True,9,False
120330032041,ESCAMBIA,1566,422,0.3932088285229202,118,3.481274421681591,True,7,False
120330032031,ESCAMBIA,1242,423,0.39300509337860784,216,3.7592387391350135,True,8,False
120330011042,ESCAMBIA,1974,424,0.39210526315789473,59,4.19781213204545,True,3,False
120050015012,BAY,2303,425,0.3919524617996605,72,3.6576824245696313,True,1,False
121130107051,SANTA ROSA,1168,426,0.38933786078098476,322,7.196763160656896,True,12,False
120050025002,BAY,712,427,0.38446519524618,211,2.524362240229552,True,8,False
120330017002,ESCAMBIA,1028,428,0.3840747028862479,229,1.6889554060497438,True,8,False
121130107121,SANTA ROSA,1260,429,0.3836332767402377,191,5.558428510638584,True,10,False
120330035052,ESCAMBIA,2260,430,0.38292020373514435,98,2.6250374545059745,True,4,False
121130109005,SANTA ROSA,903,431,0.38251273344651954,40,9.533176655044835,True,1,False
120330035123,ESCAMBIA,1298,432,0.3823089983022071,177,1.0548406413984066,True,5,False
120050009004,BAY,450,433,0.3822071307300509,259,2.832113938083414,True,9,False
120910205003,OKALOOSA,776,434,0.3816808149405773,89,3.7526034888097737,True,4,False
120910205004,OKALOOSA,683,435,0.381018675721562,123,3.663509403810677,True,3,False
120330027031,ESCAMBIA,2059,436,0.3795246179966045,141,0.0,True,5,False
120330040004,ESCAMBIA,979,437,0.3794736842105263,400,9.335712965817477,True,12,False
120050027091,BAY,802,438,0.37930390492359933,69,17.62111056605158,False,3,False
120050008051,BAY,1963,439,0.37918505942275044,70,3.802555762660417,True,2,False
120330008021,ESCAMBIA,674,440,0.37650254668930394,54,3.179879455277046,True,2,False
120050012001,BAY,1746,441,0.37634974533106963,290,1.4437841467987649,True,7,False
120330033083,ESCAMBIA,1003,442,0.37606112054329377,164,2.7849016762652856,True,4,False
120050008033,BAY,1822,443,0.3755687606112054,90,4.232783184602551,True,5,False
120910224003,OKALOOSA,922,444,0.3730220713073006,38,7.242932527537023,True,0,False
120910226003,OKALOOSA,1421,445,0.37239388794567063,29,6.719407052911004,True,0,False
120910218022,OKALOOSA,1230,446,0.37219015280135825,64,1.276716725136757,True,3,False
120330039003,ESCAMBIA,776,447,0.3715959252971137,7270,11.055681978194157,True,30,False
120050026062,BAY,962,448,0.3676400679117148,34,11.050525650469748,True,1,False
120330003002,ESCAMBIA,1104,449,0.36636672325976233,124,0.8308330808850105,True,6,False
120330018001,ESCAMBIA,746,450,0.36619694397283536,93,3.2620886366168325,True,5,False
120050024003,BAY,930,451,0.36412563667232606,380,0.8758711527146359,True,8,False
121130108084,SANTA ROSA,853,452,0.363786078098472,311,12.164114099693936,True,19,False
121319503062,WALTON,828,453,0.3634125636672326,4118,4.610339152006423,True,19,False
120330030022,ESCAMBIA,1761,454,0.3579456706281834,49,3.8832168928800894,True,0,False
120910226002,OKALOOSA,1239,455,0.35541595925297115,35,6.756316800905089,True,1,False
120910219023,OKALOOSA,1412,456,0.35407470288624787,39,5.905989123573607,True,0,False
120330035102,ESCAMBIA,1345,457,0.3540407470288625,71,4.174540204134377,True,3,False
120050004012,BAY,688,458,0.35358234295415963,994,7.291508649255689,True,13,False
121319506082,WALTON,893,459,0.35336162988115455,32,17.27925723683214,False,0,False
120330012014,ESCAMBIA,663,460,0.35120543293718165,185,3.68374082170128,True,6,False
120330035101,ESCAMBIA,1533,461,0.3510016977928693,95,2.656943849056979,True,3,False
120910233042,OKALOOSA,739,462,0.3459252971137522,24,19.787332586046507,False,0,False
120330013001,ESCAMBIA,1525,463,0.34534804753820036,83,3.748023225138004,True,2,False
120330006002,ESCAMBIA,1117,464,0.3449066213921902,64,2.1442144336538584,True,4,False
120050027132,BAY,673,465,0.3445500848896435,99,8.159827937587345,True,4,False
120330004002,ESCAMBIA,1231,466,0.34419354838709676,43,2.772566333689438,True,1,False
120050023001,BAY,2063,467,0.34258064516129033,84,1.176246215775275,True,6,False
120910215013,OKALOOSA,1113,468,0.3423259762308999,29,6.177619126504383,True,0,False
121130105042,SANTA ROSA,1327,469,0.3410016977928693,137,2.465947646187099,True,4,False
120910220012,OKALOOSA,2173,470,0.3361629881154499,36,1.591284318044589,True,1,False
120910224004,OKALOOSA,929,471,0.33524617996604417,34,7.631587953162609,True,1,False
121130108212,SANTA ROSA,3119,472,0.33499151103565367,170,0.4666143134500812,True,10,False
120330028011,ESCAMBIA,786,473,0.3338879456706282,73,3.3362380856163933,True,1,False
120330035111,ESCAMBIA,1432,474,0.3332258064516129,258,0.7641632626437438,True,10,False
120050010002,BAY,994,475,0.33256366723259767,174,6.152871647536252,True,8,False
120910220011,OKALOOSA,982,476,0.32906621392190155,34,2.3040741992008256,True,0,False
120330026061,ESCAMBIA,1341,477,0.328760611205433,361,3.231035495682943,True,14,False
120910224002,OKALOOSA,951,478,0.32582342954159593,70,5.809344978048812,True,2,False
120330011013,ESCAMBIA,1330,479,0.32477079796264857,62,3.6970681590970047,True,1,False
121130107042,SANTA ROSA,929,480,0.3240407470288625,247,4.848358691214853,True,11,False
120050015021,BAY,1115,481,0.3221901528013582,150,2.418849652828061,True,3,False
121319503041,WALTON,782,482,0.3195585738539898,691,1.8835291380509371,True,13,False
120330036092,ESCAMBIA,1412,483,0.3187775891341256,207,1.2870717398894775,True,11,False
120330028023,ESCAMBIA,875,484,0.3185398981324279,39,3.9601514008071472,True,1,False
120910220022,OKALOOSA,1241,485,0.31847198641765706,63,2.8732764673787163,True,3,False
120050014044,BAY,1896,486,0.3162478777589135,46,2.6478152248440705,True,2,False
120330018002,ESCAMBIA,1126,487,0.3133786078098472,99,2.141423650402401,True,5,False
120330028032,ESCAMBIA,1852,488,0.31271646859083196,67,1.5756355489348726,True,3,False
121130107084,SANTA ROSA,1138,489,0.31151103565365024,228,4.976407451958844,True,11,False
120910233072,OKALOOSA,651,490,0.3102546689303905,19,16.6194430036663,False,0,False
120050013022,BAY,1126,491,0.30945670628183364,170,2.729951156724582,True,4,False
120330006001,ESCAMBIA,837,492,0.3076910016977929,97,1.9646929642012976,True,5,False
120050024002,BAY,1771,493,0.3053310696095077,85,1.4704057815747889,True,3,False
120050015024,BAY,1506,494,0.3049405772495756,94,3.4231927939559825,True,5,False
120050008061,BAY,963,495,0.303786078098472,96,2.606117977781248,True,4,False
120050011002,BAY,1387,496,0.3032258064516129,85,2.061936175205896,True,3,False
120330033112,ESCAMBIA,1400,497,0.3016129032258065,20,2.9939580514823936,True,0,False
120050026043,BAY,935,498,0.3013921901528014,52,7.121000073708831,True,2,False
120050022001,BAY,1456,499,0.3013752122241087,87,2.343815571422945,True,3,False
120050015022,BAY,1343,500,0.3007979626485569,83,3.7319270891189977,True,6,False
120330035122,ESCAMBIA,1326,501,0.29728353140916813,59,2.5418448535255296,True,2,False
121319502022,WALTON,617,502,0.29556876061120546,85,2.393976311735301,True,3,False
120330032034,ESCAMBIA,721,503,0.2943123938879457,89,5.809199261623522,True,4,False
120050022003,BAY,1836,504,0.2942105263157895,85,1.5580039750663903,True,5,False
120050013025,BAY,1475,505,0.29307300509337864,142,2.677303373590925,True,7,False
120330015002,ESCAMBIA,500,506,0.2926485568760611,77,1.9514092840384945,True,1,False
120330031003,ESCAMBIA,983,507,0.29071307300509336,89,4.08118218026948,True,1,False
120330010014,ESCAMBIA,1643,508,0.29047538200339557,79,0.6560042550421233,True,3,False
120330010023,ESCAMBIA,1114,509,0.2896774193548387,27,5.044555325351089,True,0,False
120330011014,ESCAMBIA,1144,510,0.2888624787775892,43,4.707427377370493,True,1,False
121130106011,SANTA ROSA,1610,511,0.2880984719864177,123,1.1800087702197273,True,6,False
120330012013,ESCAMBIA,1321,512,0.28799660441426145,124,3.0271603675068506,True,5,False
120330020002,ESCAMBIA,1160,513,0.2873344651952462,106,3.3749051822985083,True,3,False
120050019003,BAY,1386,514,0.28528013582342954,100,1.4303255423380108,True,5,False
120330035112,ESCAMBIA,1130,515,0.28315789473684216,131,3.3690531555824474,True,3,False
121319506072,WALTON,698,516,0.2830390492359932,40,10.839821699764348,True,1,False
120330010012,ESCAMBIA,1042,517,0.28249575551782685,91,2.0035808963139767,True,4,False
120050014024,BAY,1310,518,0.2803904923599321,91,2.126027678993898,True,4,False
120910204001,OKALOOSA,1076,519,0.27848896434634973,229,2.2404385555550967,True,13,False
120330015001,ESCAMBIA,732,520,0.27643463497453313,83,1.9242689904599104,True,4,False
120050019001,BAY,558,521,0.27533106960950765,38,1.1604202364936325,True,1,False
120330009003,ESCAMBIA,1026,522,0.27227504244482176,41,4.618508726697032,True,1,False
120910229001,OKALOOSA,777,523,0.27217317487266557,32,6.044955250524678,True,1,False
120050011001,BAY,1279,524,0.26894736842105266,157,2.425724343285234,True,8,False
120330011043,ESCAMBIA,1247,525,0.26587436332767406,57,2.980422256809508,True,2,False
120330009001,ESCAMBIA,717,526,0.2645840407470289,47,2.843961713615485,True,1,False
120330035051,ESCAMBIA,1557,527,0.26398981324278437,48,2.012172362543976,True,0,False
120330032042,ESCAMBIA,1277,528,0.26359932088285226,58,3.1486073382577318,True,2,False
120330022004,ESCAMBIA,1068,529,0.2624617996604415,52,3.0285961207223355,True,2,False
120330001002,ESCAMBIA,550,530,0.26130730050933787,43,1.9509970385731612,True,1,False
120330011012,ESCAMBIA,1414,531,0.2602886247877759,333,2.303038172816892,True,9,False
120330014012,ESCAMBIA,368,532,0.25918505942275044,289,0.5727971438465091,True,8,False
120050018001,BAY,1413,533,0.25691001697792876,81,2.9065920306245063,True,2,False
120330032033,ESCAMBIA,1031,534,0.24991511035653655,186,1.5555711476538,True,6,False
120910218023,OKALOOSA,948,535,0.2498811544991511,59,2.498839124815356,True,3,False
120050013011,BAY,1142,536,0.2496264855687606,120,4.377884791960662,True,5,False
120330005002,ESCAMBIA,636,537,0.24911714770797966,53,1.5181100093020343,True,1,False
121130106014,SANTA ROSA,1245,538,0.24903225806451612,41,2.900929395751739,True,0,False
120330027032,ESCAMBIA,953,539,0.24884550084889645,67,1.569616366507698,True,1,False
120050017001,BAY,1513,540,0.2416468590831919,68,1.7706069234959414,True,2,False
120910220013,OKALOOSA,1125,541,0.23938879456706283,44,1.951733865272942,True,1,False
120330012011,ESCAMBIA,745,542,0.23926994906621396,71,3.4233253453171058,True,3,False
120910208004,OKALOOSA,667,543,0.23750424448217317,348,4.157665265854673,True,12,False
120050008031,BAY,1375,544,0.2370458404074703,62,2.66112505181426,True,3,False
120330026072,ESCAMBIA,977,545,0.23546689303904925,182,5.047931205799109,True,8,False
120330029002,ESCAMBIA,1148,546,0.23176570458404078,43,2.759122012832685,True,1,False
120910228001,OKALOOSA,1054,547,0.23156196943972834,23,4.917693424137239,True,0,False
120050014043,BAY,1463,548,0.221018675721562,46,1.8512800954363455,True,2,False
120910221002,OKALOOSA,1338,549,0.2178098471986418,52,1.2307393323199698,True,2,False
120330029004,ESCAMBIA,1088,550,0.2138200339558574,57,1.9676647061630608,True,2,False
120330008023,ESCAMBIA,826,551,0.21183361629881156,54,2.4922465007170187,True,3,False
121319502012,WALTON,744,552,0.20926994906621393,116,1.8915809390968608,True,3,False
120330033113,ESCAMBIA,944,553,0.2039219015280136,36,3.4398516021094965,True,0,False
120050020001,BAY,368,554,0.20091680814940577,123,2.2395539735561347,True,8,False
120050011003,BAY,1412,555,0.19943972835314092,58,0.725140586850446,True,2,False
120910217002,OKALOOSA,778,556,0.1976740237691002,124,2.851222777402961,True,6,False
120330029001,ESCAMBIA,1107,557,0.19634974533106964,62,1.9001371974054329,True,2,False
120050014023,BAY,1157,558,0.19568760611205432,47,2.606665866468875,True,0,False
120330033111,ESCAMBIA,1147,559,0.19533106960950766,49,2.2056888976150524,True,1,False
120330008012,ESCAMBIA,630,560,0.1902716468590832,51,1.239349696733571,True,2,False
120050010001,BAY,951,561,0.18687606112054334,53,3.043248623748043,True,2,False
120050009001,BAY,1351,562,0.1859762308998302,57,1.2690582689828906,True,2,False
120050015023,BAY,828,563,0.1807640067911715,121,2.379308159090427,True,5,False
121130106012,SANTA ROSA,1091,564,0.17799660441426146,37,2.4686504724535783,True,0,False
120050016001,BAY,877,565,0.1748556876061121,190,1.5851414533563195,True,9,False
120330004001,ESCAMBIA,782,566,0.16940577249575553,56,1.5146102990147592,True,1,False
120330022001,ESCAMBIA,969,567,0.16765704584040747,28,2.9258599288206173,True,0,False
120050013024,BAY,1126,568,0.1665874363327674,86,2.260081875273888,True,4,False
120050009003,BAY,1071,569,0.16219015280135823,77,1.556006656751085,True,3,False
120330005001,ESCAMBIA,844,570,0.16147707979626488,40,2.1057774559088727,True,2,False
120330010015,ESCAMBIA,783,571,0.15962648556876063,33,2.199850492721529,True,0,False
120330014011,ESCAMBIA,600,572,0.15882852292020375,65,1.4558484321991736,True,2,False
120050024001,BAY,1251,573,0.15775891341256368,46,0.3146342973893489,True,3,False
120050017002,BAY,1277,574,0.1571477079796265,67,0.5084184433653317,True,2,False
120050013023,BAY,824,575,0.14514431239388795,121,2.761657291910494,True,8,False
120330021003,ESCAMBIA,1000,576,0.13314091680814943,58,1.9771584988219588,True,1,False
121130106013,SANTA ROSA,690,577,0.11606112054329373,57,1.0991936475963195,True,3,False
120050009002,BAY,1076,578,0.11152801358234297,48,1.076076197480193,True,2,False
120330029003,ESCAMBIA,856,579,0.10161290322580646,40,0.6541534080099518,True,0,False
120050016002,BAY,1010,580,0.09796264855687609,38,1.4864323096424978,True,0,False
120050019004,BAY,847,581,0.09091680814940578,35,1.5931075295816952,True,2,False
120050020002,BAY,878,582,0.09084889643463497,101,1.120327497292528,True,6,False
120330022003,ESCAMBIA,618,583,0.08772495755517826,44,1.47394618417171,True,1,False
120050019002,BAY,1005,584,0.08139219015280137,29,0.3064297746809384,True,0,False
120050014032,BAY,643,585,0.0771646859083192,35,1.6326530791558973,True,0,False
120330028031,ESCAMBIA,741,586,0.06609507640067912,14,1.8210211220655343,True,0,False
120050016003,BAY,342,587,0.06278438030560272,29,2.313685581288212,True,0,False
120050016004,BAY,431,588,0.058913412563667236,31,1.6378242963589844,True,1,False
120050014041,BAY,639,589,0.020560271646859085,24,0.4456351978860079,True,1,False
