GEOID,pct_developed,pct_forest,pct_wetland,nlcd_dominant
121130109001,0.08579042379437807,0.12739620046419667,0.022522135304736526,11
121130109004,0.9720812182741116,0.02284263959390863,0.0,22
121130109006,0.9591993841416474,0.013856812933025405,0.0,22
121130109002,0.5538033395176253,0.012523191094619666,0.04638218923933209,11
120330035123,0.8711547035220687,0.08916629514043692,0.02630405706642889,21
120330035112,0.6249102656137832,0.1037329504666188,0.20674802584350324,22
120330018002,1.0,0.0,0.0,22
120330030022,0.9838709677419355,0.016129032258064516,0.0,22
120330006002,0.9966367713004485,0.0,0.0,23
120330033112,1.0,0.0,0.0,23
120330035111,0.9736453201970443,0.026108374384236452,0.0,23
120330035122,0.982316534040672,0.015030946065428824,0.0,22
120330008023,1.0,0.0,0.0,22
120330035091,0.6575215782983971,0.24260172626387178,0.037916152897657214,21
120330033012,0.4419988925802879,0.2728405315614618,0.08679401993355482,42
120330026061,0.4118457300275482,0.027548209366391185,0.3013085399449036,90
120330026072,0.308624376336422,0.3082679971489665,0.2794012829650748,42
120330008022,1.0,0.0,0.0,22
120330032034,0.8774307601649971,0.10665880966411315,0.0,22
120330008011,0.28413535113076005,0.0,0.003145723516408774,11
120330026062,0.26688515246508976,0.027643203191792535,0.06383585066970647,11
120330036113,0.8824907934382323,0.08972212922664881,0.0,21
120330034004,0.8332821614983114,0.0841264967761744,0.03622965919557875,21
120330030012,0.8469706433479075,0.026858213616489695,0.1193004372267333,22
120330008012,1.0,0.0,0.0,23
120330008021,1.0,0.0,0.0,22
120330036103,0.7624530663329161,0.13241551939924906,0.03454317897371715,21
120330033132,0.9529170931422722,0.037871033776867964,0.009211873080859774,21
120330035101,0.7491544532130778,0.13246899661781286,0.08850056369785794,21
120330030011,0.8805601317957167,0.042009884678747944,0.06013179571663921,22
120330033082,0.3989831015403021,0.26633767010617615,0.1278600269179004,42
120330035121,0.1474372495254166,0.019264571468747802,0.018702102228784365,11
120330038003,0.08636521336879843,0.32277090320342317,0.14842141783277438,42
120330035092,0.9127855887521968,0.06217047451669596,0.0010984182776801407,21
120330033131,0.7158206743238237,0.23453130789181179,0.014820303816228233,22
120330033122,0.7822085889570553,0.03987730061349693,0.16922290388548059,22
120330033083,0.9313868613138686,0.036982968369829686,0.0,21
120330033133,0.8742643124665597,0.09898341359015517,0.0,21
120330035102,0.8792982456140351,0.08982456140350877,0.025964912280701753,22
120330032013,0.7502246181491464,0.05001497454327643,0.061096136567834684,21
120330033101,0.9210245464247598,0.0080042689434365,0.03148345784418356,22
120330033111,0.9623745819397993,0.03177257525083612,0.0,22
120330033113,0.7027027027027027,0.0,0.17861339600470036,22
120330030021,0.7816985645933014,0.08911483253588516,0.11931818181818182,21
120330033102,0.7987421383647799,0.12138364779874214,0.0110062893081761,22
120330036123,0.5622531341233041,0.1286278550575305,0.0728147003262923,21
120330026071,0.2824537196734506,0.0542715879038749,0.64050822122571,90
120330033121,0.632929104477612,0.06343283582089553,0.28218283582089554,22
120330033013,0.5012135922330098,0.21262135922330097,0.25728155339805825,90
120330036034,0.35980041219221176,0.20869942510033626,0.10310228875149148,81
120330005001,1.0,0.0,0.0,22
120910228001,1.0,0.0,0.0,22
120910229001,1.0,0.0,0.0,22
120910229002,0.640033291718685,0.0869746150645027,0.024968789013732832,22
120910229003,0.8794173829990449,0.01790830945558739,0.0988538681948424,23
120330035051,0.9708090075062552,0.029190992493744787,0.0,22
120910225002,0.9980891719745223,0.0,0.0,22
120330035071,0.8135838150289018,0.13198458574181118,0.04865125240847784,21
120330035072,0.7422541535698248,0.203861697350696,0.03637180062864841,23
120919902000,0.0017792393962391432,0.0,0.0,11
120910204001,0.5502727981293842,0.3348921797869577,0.00857365549493375,42
120330035073,0.8504053058216654,0.09543109801031688,0.028371407516580693,21
120910225003,1.0,0.0,0.0,22
120910226002,0.9445037353255069,0.0,0.0,24
120910226003,1.0,0.0,0.0,23
120910233061,0.9441340782122905,0.0111731843575419,0.037011173184357544,22
120330040002,0.09373408048904738,0.04854086311039953,0.7688668946947093,90
120330021002,0.961038961038961,0.036487322201607914,0.0012368583797155227,21
120330019001,1.0,0.0,0.0,22
120330022002,0.7176332747510252,0.0,0.026362038664323375,22
120330022003,1.0,0.0,0.0,22
120330022004,0.9199632014719411,0.0,0.010119595216191352,22
120330026021,0.11426934462233823,0.0008275774262342044,0.034821911703854604,11
120330026022,0.2883776875657796,0.001653886633588934,0.03307773267177868,11
120330014024,0.7566539923954373,0.08914237431347698,0.14702154626108999,22
120330011011,0.16027673681176133,0.054122225425194584,0.021908330931104066,11
120330028032,0.9907223326706428,0.00927766732935719,0.0,22
120330014022,0.8156389065479974,0.11411315956770503,0.04354736172917991,22
120330026011,0.24904584154678522,0.12825567252443065,0.3057081743069245,11
120330040001,0.06725985907757011,0.44833105785979943,0.18550601823517412,42
120330040003,0.05479032751760025,0.19066700058435596,0.5738097225700531,90
120330026052,0.1982917018423797,0.17241893032725827,0.5953220439986096,90
120330028023,1.0,0.0,0.0,22
120330028041,0.8052884615384616,0.023036858974358976,0.1674679487179487,23
120330017001,0.983739837398374,0.013937282229965157,0.0,23
120330040004,0.2625894915665575,0.4010435626744327,0.17776968814464264,42
120330014011,0.9684400360685302,0.024346257889990983,0.0,22
120330023003,0.6525009402030839,0.01504324934185784,0.007145543437382475,22
120330011013,0.9434984520123839,0.053405572755417956,0.0,22
120330016001,0.9895361004534357,0.003139169863969306,0.0,23
120330011031,0.1356942323794513,0.022804511648524848,0.006649263655617396,11
120330036071,0.4586351505909264,0.19087558774939636,0.27398652941924007,90
120330010013,0.8571428571428571,0.1326530612244898,0.0,22
120330026042,0.15851085209003216,0.023261655948553055,0.0786274115755627,11
120330036081,0.8783244680851063,0.09773936170212766,0.010638297872340425,22
120330034003,0.9882491186839013,0.009400705052878966,0.0,22
120330012011,0.9549274255156608,0.0213903743315508,0.020626432391138275,23
120330010011,0.1582722346190628,0.010519604717883328,0.0001593879502709595,11
120330012012,0.9994761655316919,0.0005238344683080147,0.0,23
120050008052,0.8759183673469387,0.027755102040816326,0.08081632653061224,22
120050026044,0.6879942487419123,0.0,0.03163191948238677,22
120050014032,0.9988962472406181,0.0,0.0011037527593818985,22
120330036082,0.8901315789473684,0.07927631578947368,0.022697368421052633,21
120330036091,0.7597448618001418,0.15308291991495393,0.0336640680368533,22
120330012014,0.8556105610561056,0.05981848184818482,0.04084158415841584,23
120330004003,1.0,0.0,0.0,22
120330013001,0.8912820512820513,0.03076923076923077,0.021025641025641025,22
120330023001,0.07404608991310918,0.0025556123469410432,0.0006889041978710638,11
120330025001,0.05113794543429844,0.0,0.015955595768374166,11
120330023002,0.6151711378353376,0.014492753623188406,0.11779216774591428,22
120330012021,0.9487179487179487,0.03744939271255061,0.008097165991902834,23
120330027042,0.5396884272997032,0.10719584569732937,0.30217606330365976,90
120330026051,0.8673970532678504,0.029467321496033247,0.0865130336229694,22
120330028022,0.8289241622574955,0.06937095825984715,0.0993533215755438,22
120330028031,1.0,0.0,0.0,23
120330034001,0.755957108816521,0.13324066719618746,0.023828435266084195,21
120330022001,1.0,0.0,0.0,22
120330012022,0.9253299002252977,0.05632442870936595,0.0,22
120330013002,0.9746328437917223,0.019359145527369826,0.0,22
120330013003,0.995928338762215,0.003257328990228013,0.0,22
120330014023,0.9904534606205251,0.0059665871121718375,0.003579952267303103,21
120050002012,0.11867673460766713,0.3064385538775654,0.16413208012109692,42
120330011043,0.9880573248407644,0.010350318471337579,0.0,22
120330011044,0.9525944907110826,0.032030749519538756,0.0,22
120330020001,0.9154160982264665,0.08321964529331514,0.0,22
120330015001,0.9955396966993756,0.0,0.0,23
120059900000,0.0,0.0,0.0,11
120330025002,0.10366007959695415,0.00034507350065563966,0.01798983183418068,11
121130109005,1.0,0.0,0.0,22
120330005002,1.0,0.0,0.0,22
120330015002,0.9988713318284425,0.0,0.0,22
120330011041,0.9830188679245283,0.009433962264150943,0.0,22
121319505021,0.11075272251141699,0.09788266854022291,0.13023344936607797,11
121130107042,0.4449132676980778,0.24261603375527427,0.25949367088607594,90
121130107051,0.402022215892908,0.2816861293078895,0.18555966960979778,42
120330012013,0.8989169675090253,0.02815884476534296,0.07184115523465703,24
120330021001,0.890283046396265,0.03559964983950978,0.011963816749343449,22
121130107052,0.9253393665158371,0.058069381598793365,0.004147812971342383,21
121130107053,0.08213944603629417,0.01557563735214165,0.26375725516126663,11
120330011042,1.0,0.0,0.0,22
120330018001,1.0,0.0,0.0,22
121130108022,0.4249622926093514,0.060143288084464556,0.08333333333333333,11
120330001001,0.4915764139590854,0.0,0.0008022462896109105,11
120330014012,0.8113265620190828,0.10834102800861804,0.0021545090797168358,24
120330014021,0.9236187845303867,0.04157458563535912,0.0022099447513812156,23
120910208003,0.3384219026378528,0.04041375067292163,0.548027378297316,90
120330032042,0.9295278365045807,0.021846370683579985,0.046511627906976744,22
121130108271,0.1776000649508809,0.0005277259072826176,0.007306974100836243,11
121130108242,0.3173428521678565,0.04065819258227407,0.12711126588890823,11
120050003023,0.0630996287905506,0.2405628515580635,0.3642036929661488,90
120050008031,0.9734748010610079,0.01803713527851459,0.0010610079575596816,22
120050026082,0.5439872698340532,0.0022732439190725163,0.0338713343941805,11
120050013025,0.7740649908031882,0.019619865113427344,0.19374616799509503,23
120050003021,0.08692013192568407,0.2868886421267216,0.23114341117390655,42
120050002011,0.05682269076579966,0.18334313899872753,0.5331454294197326,90
120050027091,0.8760856977417487,0.017371163867979156,0.05037637521713955,23
120050004012,0.09344771994472593,0.26980654076462457,0.28638876093965915,42
120050026091,0.16637478108581435,0.00010945709281961471,0.22493432574430824,11
120050004011,0.27965122386805336,0.0704905977518647,0.47032251286899884,90
120050004023,0.33327987169206097,0.13712910986367283,0.38227746591820366,90
120050027092,0.5584878744650499,0.03548502139800285,0.38177603423680456,90
120050027102,0.18926443926443925,0.07977207977207977,0.7048044548044547,90
120050009004,0.15260488704472108,0.008298755186721992,0.007991393883510067,11
120050027132,0.9002624671916011,0.0005249343832020997,0.013123359580052493,24
120050027103,0.4974399369830642,0.08874885125377445,0.40488381252461597,90
120050027101,0.5072727272727273,0.005714285714285714,0.040779220779220776,11
120050026045,0.9684123025768911,0.0,0.03158769742310889,22
120050008062,0.183806146572104,0.018912529550827423,0.1989952718676123,11
120050003011,0.10182887602242441,0.2683806635419539,0.24152191894127378,42
120050027131,0.3059051306873185,0.008470474346563407,0.0,11
120050026093,0.8928161579068166,0.029148496672022035,0.058067477622217124,23
120050009002,0.7042698998418555,0.06273062730627306,0.010542962572482868,22
120050027081,0.26481481481481484,0.0,0.003703703703703704,11
120330032031,0.7160672853828306,0.13312064965197215,0.12354988399071926,22
120330035062,0.9264573991031391,0.03183856502242152,0.036771300448430494,22
121130107121,0.529458179905313,0.300894266175697,0.04576538663861126,42
121130107111,0.8260869565217391,0.12258454106280194,0.0,21
121130107112,0.676923076923077,0.17496229260935142,0.0,21
121130108094,0.0751560671088568,0.07815548185719859,0.5917381974248928,90
121130107122,0.5747871394078028,0.24552039649256577,0.001143728555089592,42
121130107091,0.25233423945160144,0.2343694598747193,0.19158491904030256,42
121130107092,0.20170347478706566,0.16130247983719,0.48944750131906234,90
121130107113,0.11241667958456053,0.21193613393272362,0.1570919237327546,11
121130107101,0.041909577773455844,0.02135087827485283,0.265673992343853,11
121130107093,0.26424765630269104,0.13428205301139812,0.48411681392055034,90
121130108221,0.808422103861518,0.046105193075898804,0.1216711051930759,22
121130108241,0.1935323383084577,0.04328358208955224,0.12761194029850748,11
121130108202,0.6093486331420858,0.010968612892338846,0.36128923388457646,90
121130101004,0.03931233895237908,0.5993784299455143,0.16226519010995497,42
121130108085,0.30818493343070613,0.3557665299702264,0.14549744396382225,42
121130103031,0.046406687882962046,0.38653240234962555,0.2750360202029798,42
121130107043,0.4164111240351063,0.449614042508195,0.05318811462408798,42
121130108201,0.1520015910446913,0.022331448703014463,0.16904849845157258,11
121130108231,0.05226217773055198,0.014708349644874448,0.016581846652871764,11
121130108282,0.4504364089775561,0.042290108063175395,0.49158354114713215,90
121130108273,0.7283349561830574,0.01314508276533593,0.23442064264849075,22
121130108272,0.7731518125692576,0.030552477441823652,0.168592686401773,22
121130108212,0.6884422110552764,0.013232830820770519,0.2897822445561139,22
121130108281,0.9466292134831461,0.0,0.049357945425361156,22
121130108261,0.5961041199793139,0.1041199793139114,0.26719531115324946,90
121130108232,0.7395506792058516,0.10619122257053291,0.09378265412748171,22
120330035061,0.8260869565217391,0.10836120401337793,0.050836120401337795,22
120330003001,0.5280885360279081,0.004932034163358595,0.0022855768074100807,11
120330003002,1.0,0.0,0.0,22
120330001002,1.0,0.0,0.0,23
120330004002,1.0,0.0,0.0,22
120330032032,0.7180094786729858,0.1338862559241706,0.1205568720379147,22
120330032033,0.847479674796748,0.0608130081300813,0.03902439024390244,21
120330004001,1.0,0.0,0.0,22
120330031002,1.0,0.0,0.0,22
120330032041,0.8791609667122663,0.06931144550843593,0.02553579571363429,22
120910204002,0.7620493358633776,0.1950664136622391,0.029981024667931688,21
120910224002,1.0,0.0,0.0,22
120910202001,0.05517554204844416,0.5898430554295564,0.1185811485076658,42
120910212002,0.431826282455515,0.26630658295177256,0.08546047761357717,42
120910205004,0.9756637168141593,0.024336283185840708,0.0,23
120910205005,0.2906592450861019,0.3986780309619064,0.23273612802226473,42
120910212005,0.5129193109700816,0.03127833182230281,0.02515865820489574,11
120910233071,0.9883303411131059,0.0,0.0,23
120910212003,0.9192307692307692,0.05384615384615385,0.006923076923076923,22
120910227001,0.9898362507058159,0.00564652738565782,0.00282326369282891,22
120910204003,0.3939578511389938,0.29820928249482276,0.19234985990985504,42
121319504002,0.04747062830694002,0.5665587293884902,0.17529698304420452,42
121319504001,0.04904384415974753,0.5098621181951385,0.2800390727730398,42
121319504003,0.030167094360320477,0.4104749031975814,0.4147648990838867,90
120050023001,0.9977011494252873,0.0,0.0,22
120050014031,0.42300839908373633,0.0010180707559175363,0.013489437515907355,11
120050014042,0.3273716951788491,0.008942457231726283,0.10309745982374287,11
120330028011,1.0,0.0,0.0,21
120330029001,0.9197577592732779,0.07418622255866768,0.0,21
120330033011,0.6064845658449922,0.1523428825227626,0.145236508994004,21
120330033051,0.2088923087216888,0.059114783714161456,0.42390686159713625,90
120330036031,0.3384341637010676,0.339288256227758,0.18733096085409254,42
120330036033,0.1508223492359734,0.3737314825615304,0.3451533885454333,42
120330036083,0.4196345878588869,0.3782941820324998,0.10768712637871516,42
120330036084,0.23431874170930453,0.2413303013075611,0.3789084707220011,90
120050027062,0.17659538357094365,0.12593346911065853,0.6636965376782077,90
120050002041,0.053366513022085234,0.11914147555354467,0.4910895568814863,90
120050004022,0.15761085373924552,0.1213765718067505,0.3584381204500331,90
120050002013,0.06748684366454966,0.2587244389629428,0.4820024842321484,90
120050002042,0.057084420011470995,0.07582758881902886,0.5171253260034413,90
120050004021,0.1842776241981803,0.07627687270189752,0.4007890710969162,90
120050027061,0.38034410844629823,0.14520333680917621,0.1264337851929093,11
120050014041,0.9789029535864979,0.0,0.02109704641350211,22
120050005003,0.13632697317095746,0.14128551972179249,0.4574292250122311,90
120050013023,0.7609483042476127,0.02798814619690484,0.18011195258478763,22
120050027121,0.8287325615909765,0.0008904719501335708,0.1528643514395963,21
120050027111,0.8851696885169689,0.009762900976290097,0.0032543003254300326,23
120050027112,0.44023445677203266,0.007326774126020515,0.006489428511618171,11
120050003012,0.09030923516011626,0.3135031813778115,0.1993401586761279,42
120050027071,0.46951578121936877,0.020388159184473634,0.03783571848657126,11
120050026092,0.4494149195514383,0.04083373963920039,0.05594831789371039,11
120050003022,0.06899854446179024,0.36573979803464635,0.30175644999509793,42
120050002031,0.25246001291744236,0.0980965768777782,0.3091447893317123,11
120330027041,0.2962155427503504,0.05108238592119608,0.6233452733219125,90
120330027011,0.26975491516294103,0.0562348505251818,0.384594667384864,90
120330027031,0.7884693463256192,0.07592367032074705,0.13560698335363378,22
120330028021,0.8185398364132082,0.03332323538321721,0.1475310511966071,22
120330028012,0.9126916524701874,0.08006814310051108,0.0,21
120330029002,1.0,0.0,0.0,22
120330029003,1.0,0.0,0.0,22
120330029004,0.9225978647686833,0.0711743772241993,0.0008896797153024911,22
120330027032,1.0,0.0,0.0,22
120330036092,0.8970376761576071,0.0641357492090883,0.0,21
120330036131,0.07513124160664143,0.45696496154315713,0.21926504700280797,42
120330036132,0.07449536927095701,0.5169555924958442,0.26300166231298977,42
120330036032,0.05908742750848014,0.2195672393040814,0.6216489769121348,90
120330036141,0.3081170168932839,0.4149979398434281,0.14676555418211784,42
120330036142,0.2593984962406015,0.38207056101792947,0.09652978600347022,42
120330036143,0.11154061789961345,0.30287113812741595,0.3574021068783381,90
120330036101,0.7860899067005938,0.1280746395250212,0.039355385920271414,21
120330036102,0.7780775716694772,0.10590219224283305,0.040809443507588535,21
120330036111,0.8551227321237994,0.05522945570971185,0.045090715048025615,21
120330036112,0.6416966211358734,0.1304097771387491,0.14895758447160315,21
120330035052,0.9789029535864979,0.01139240506329114,0.0,22
120330036122,0.6565520616664627,0.17141808393490762,0.13948366572861862,21
120330038001,0.02226813643446644,0.49350955156691867,0.18704911409938246,42
120330038002,0.03322537981551818,0.446630832881172,0.2135105805751492,42
120330039001,0.036866014376996804,0.39447883386581467,0.1830571086261981,42
120330039002,0.05326961067986351,0.3142597729132161,0.10935286253068066,82
120330039003,0.026552405181936866,0.44075251899708767,0.30070632343587855,42
120330039004,0.07618579950531064,0.3277680779863233,0.43789102284300885,90
120330026041,0.12158183698909901,0.04050075590801793,0.2027159642468769,11
120330024001,0.565233942414175,0.13953488372093023,0.11586378737541528,23
120330036133,0.6248590119557862,0.18723212271599368,0.06632077599819536,21
120330037001,0.4092629302577041,0.18976392142728418,0.19706253378987204,90
120330037002,0.4096090030298658,0.32030010099552736,0.09277160582888472,42
120330037003,0.5878447395301328,0.26455566905005107,0.07839632277834525,21
120330036121,0.31668085106382976,0.31693617021276593,0.1702127659574468,42
120330034002,0.9146134239592183,0.05819881053525913,0.0,22
120330036144,0.18807076136304338,0.44820748317069353,0.10901215884777958,42
120339900000,0.0,0.0,0.0,11
120910221001,0.8680555555555556,0.0006313131313131314,0.006944444444444444,22
120910223001,0.6280959752321982,0.0,0.0,11
120910223002,0.6143790849673203,0.014161220043572984,0.014161220043572984,11
120910224001,0.38793538616860174,0.007319535588086825,0.020696617869762745,11
120910224003,0.9855072463768116,0.014492753623188406,0.0,22
120910224004,0.946058091286307,0.04979253112033195,0.0,22
120910225001,0.6162642947903431,0.016518424396442185,0.021601016518424398,11
120910211011,0.8605843157355203,0.0884161968221425,0.01973347001537673,21
120910211012,0.505188421627526,0.004915346805024577,0.0693610049153468,11
120910211013,0.9017857142857143,0.03273809523809524,0.05431547619047619,22
120910211021,0.377555988315482,0.0813047711781889,0.034323271665043814,11
120910211022,0.9019242706393544,0.07759155803848541,0.016139044072004966,22
120910211023,0.567741935483871,0.05689149560117302,0.07917888563049853,11
120910212001,0.6048506359065365,0.09701271813073055,0.27861579414374443,90
120910218021,0.9368055555555556,0.027083333333333334,0.008333333333333333,22
120910220012,0.9942987457240593,0.0,0.0,23
120910220021,0.7798408488063661,0.01989389920424403,0.021220159151193633,22
120910232002,0.08446345364768064,0.0006954586549829612,0.02312400027818346,11
120910205002,0.5827814569536424,0.3265728476821192,0.06291390728476821,42
120910205003,1.0,0.0,0.0,22
120910209001,0.6679146387120929,0.23886184949457132,0.04118307749906402,42
120910212004,0.7520299812617114,0.04372267332916927,0.04871955028107433,22
120910216002,0.6428110896196002,0.07156673114119923,0.01096067053513862,22
120910227003,0.6360887096774194,0.025705645161290324,0.006048387096774193,11
120910233041,0.6748945798621825,0.014913092666872364,0.1081970585210326,23
120919901000,0.0,0.0,0.0,11
120050026041,0.9712163416898792,0.008356545961002786,0.018570102135561744,22
120050015011,0.5419354838709678,0.023306451612903227,0.07330645161290322,11
120050008041,0.32599315578038984,0.09001636661211129,0.4328224966522839,90
120910233052,0.9700486709097716,0.005990265818045676,0.0033695245226506927,23
120910215022,1.0,0.0,0.0,22
120910210011,0.38403807431814024,0.052352187442796995,0.048142046494600035,11
121130108133,0.9624413145539906,0.014084507042253521,0.01676727028839705,22
120910210022,1.0,0.0,0.0,23
120910215013,1.0,0.0,0.0,22
120910227002,1.0,0.0,0.0,22
120910232001,0.06984342512835745,0.0004667543599100437,0.05558620104383248,31
120910233082,0.735178463399879,0.0024198427102238356,0.060193587416817906,22
120910233051,0.6103835902190289,0.02074400278131881,0.06397033259937421,11
121130107041,0.63203125,0.2916666666666667,0.0,42
121130105033,0.3881552621048419,0.23489395758303322,0.1634653861544618,21
121130108082,0.22940378847023052,0.28072482228705264,0.0073550560874388795,71
121130108142,0.2001950527529036,0.000620622395602447,0.013565032361024914,11
121130108132,0.32256251756111265,0.0009834223096375386,0.00576004495644844,11
121130108081,0.06402384058201563,0.5490227270316991,0.12517366082317882,42
121130108092,0.2746478873239437,0.2555142173797502,0.3377624235981929,90
121130108021,0.07653977839825145,0.3804980354006898,0.24956096574901138,42
121130107082,0.8118010026995758,0.10335518704203625,0.0,21
121130105032,0.5434050272091215,0.23788546255506607,0.18566986265871988,21
121130108141,0.11640289897944091,0.006433959473450673,0.029433515752107675,11
121130108144,0.7912007778317939,0.06733106465726786,0.12032085561497326,22
121130105041,0.15917008593326623,0.4670589146086553,0.2022915537663544,42
121130101001,0.03149271593339161,0.7532398455773519,0.10976346129951323,42
121130107071,0.056605418221122,0.06978487500435829,0.7564938461002058,90
121130108083,0.06830342727985608,0.3875870658240694,0.3307117486968956,42
121130105042,0.6633790737564322,0.24871355060034306,0.018867924528301886,21
121130108131,0.2409902130109384,0.002302820955670697,0.02694300518134715,11
121130108143,0.55,0.005246913580246914,0.2302469135802469,22
121130107081,0.5164353542731921,0.17275383491599708,0.12764791818845872,21
120330031001,0.7804878048780488,0.13436029097133076,0.045785194694052206,22
121130108122,0.37255594817432275,0.0027090694935217904,0.054770318021201414,11
121130104002,0.1986766951309167,0.3990612452638127,0.16205395012158572,42
121130102003,0.044316210915338855,0.2780488332009574,0.22793509798518471,82
121130104001,0.04890217835928813,0.4047738389477505,0.07954669846921433,42
120050016003,0.8718199608610567,0.01761252446183953,0.11056751467710371,23
120050016004,0.8928571428571429,0.0010822510822510823,0.06168831168831169,23
120050017002,0.909314933464761,0.01429275505174963,0.05421389847215377,22
120050018001,0.7750232414006818,0.0006197706848466068,0.009606445615122404,22
120050019004,0.8811965811965812,0.013675213675213675,0.01452991452991453,22
120050019001,0.29169269206745785,0.0018738288569643974,0.0037476577139287947,11
120050020002,0.8258633357825128,0.0,0.17376928728875826,23
120050020001,0.5177478580171359,0.0019583843329253367,0.0019583843329253367,11
120050022003,0.9449112978524743,0.014472455648926238,0.02054154995331466,22
120050025002,0.1897986983502346,0.0013621916149538368,0.00438928409262903,11
120050022001,0.8992161254199328,0.024076147816349383,0.07278835386338185,22
120050011002,0.9596727060198714,0.0058445353594389245,0.025131502045587374,22
120050014024,1.0,0.0,0.0,22
120050005001,0.053696196648506285,0.05349479718040745,0.5152727929974954,90
120050005002,0.06021675861170236,0.1763715737804613,0.5153718344120586,90
120050007001,0.12717398142129213,0.06435026945417183,0.26508838516219674,11
120050009003,0.720112517580872,0.06516643225503985,0.02625410220346929,22
120050015021,0.8778692074491121,0.012559549588566478,0.1039411000433088,23
120050017001,0.8769230769230769,0.011538461538461539,0.10934065934065934,22
120050006001,0.08561468920782471,0.04913427652076204,0.628824250472445,90
120050008032,0.33189415041782727,0.1572423398328691,0.36782729805013925,90
120050009001,0.9546258102533883,0.03653506187389511,0.00648202710665881,22
120050010001,0.8583162217659137,0.010951403148528405,0.023956194387405885,22
120050010002,0.5364631657079235,0.03859714232696233,0.030432362219335683,11
120050011001,0.726875,0.0425,0.2190625,22
120050011003,0.9739243807040417,0.007170795306388526,0.018904823989569754,22
120330014013,0.994392523364486,0.0,0.0,23
120050013024,0.6235852500912742,0.08251186564439576,0.2661555312157722,23
120050014022,0.6854079118968266,0.010143457469931894,0.16041153456020865,22
120050014023,0.9562764456981664,0.0,0.01904090267983075,22
120050014021,0.39643536944107977,0.0027686450943069734,0.029762934763799966,11
120050015023,0.8260507698709946,0.0,0.17103620474406991,23
121130108121,0.6159722222222223,0.033796296296296297,0.025231481481481483,11
121130108093,0.21906169190986333,0.3139083856667898,0.08127077946065756,42
121139900000,0.0,0.0,0.0,11
121130107083,0.7390358825661472,0.057267125770206595,0.0,22
121130107072,0.6598004922917476,0.19108692835859567,0.05479984453944812,21
121319501021,0.04551889695925151,0.45401945094177026,0.20911814190159628,42
121319501022,0.043618423912256045,0.5182848201219954,0.14869818455787537,42
121319501024,0.038154566193629356,0.362216716890112,0.2017152232601008,42
121319505022,0.1197816464110866,0.18169020693538548,0.23100746093566701,11
120910210013,0.800375234521576,0.01575984990619137,0.02401500938086304,22
120330033081,0.7693699125716008,0.08501658124811577,0.053361471208923726,22
120330017002,0.978704123244223,0.008155867693701857,0.001359311282283643,22
120330020002,0.9791570171375636,0.020842982862436313,0.0,22
120330021003,1.0,0.0,0.0,21
120910233062,0.4957378795950986,0.022642514651038892,0.007725093233883857,11
120050027032,0.4999166527754626,0.04534089014835806,0.0298383063843974,11
120050026062,0.7241379310344828,0.0,0.0009578544061302681,23
120050026071,0.05692507711525225,0.0037984041603997248,0.06686720881025825,11
120050026043,0.820294345468629,0.010844306738962044,0.168861347792409,23
120050026081,0.2536818208277548,0.010477909075033471,0.021596134815763432,11
120050026061,0.31675519072911634,0.0,0.0009657170449058426,11
120330032012,0.5119702602230484,0.08148698884758364,0.12237918215613383,22
120330033071,0.5123203285420944,0.11841204654346338,0.34360027378507874,90
120330010021,0.12609082813891362,0.006856634016028495,0.006055209260908282,11
120050013011,0.6598837209302325,0.05919661733615222,0.1553911205073996,22
120050013012,0.5847382431233363,0.06388642413487133,0.29340431824903873,90
120050008033,0.8693548387096774,0.06129032258064516,0.05725806451612903,22
120050012001,0.7437279701430645,0.04146796599626788,0.19033796392286959,23
120330010022,0.08426183844011143,0.0,0.0008704735376044568,11
120910205001,0.4214501510574018,0.4060422960725076,0.014954682779456193,42
120330031003,0.5135933806146572,0.12234042553191489,0.3197399527186761,90
121130108091,0.2133055220111977,0.12888352179163465,0.3566802063892853,11
120330010023,0.9953703703703703,0.004629629629629629,0.0,22
120330032011,0.9832460732984293,0.009424083769633508,0.0,22
120050024001,0.9683698296836983,0.012165450121654502,0.019464720194647202,22
120050024002,0.9738846572361263,0.0,0.017410228509249184,23
120050019002,0.8723761544920235,0.0025188916876574307,0.0033585222502099076,22
120050019003,0.46560708702449194,0.009640437727983325,0.006253256904637832,11
120050008061,0.8215796897038082,0.10296191819464035,0.015514809590973202,22
120050026042,0.8933092224231465,0.01952983725135624,0.013019891500904159,23
120050013021,0.6902941857771601,0.0384526291406069,0.24947880472550382,22
120330009002,0.6883324453915823,0.011188066062866276,0.009589770911028236,22
120330009003,0.9966517857142857,0.0033482142857142855,0.0,22
120330010012,0.5852878464818764,0.11140724946695096,0.028251599147121536,22
120910218012,0.8748019017432647,0.0277337559429477,0.0071315372424722665,22
120910218011,0.8780280492987675,0.03102422439439014,0.08499787505312367,22
120050015022,0.9214711729622267,0.041749502982107355,0.022365805168986085,22
120050015024,0.9779116465863453,0.002811244979919679,0.018072289156626505,22
120050024003,0.3174426685198054,0.0022237665045170257,0.004169562195969423,11
120910231003,0.883177570093458,0.045950155763239874,0.03582554517133956,22
120910231001,0.5234575835475579,0.014138817480719794,0.04338046272493573,11
120910210023,0.4931887684181262,0.0581039755351682,0.05977203224909647,11
120330009001,0.9114713216957606,0.004987531172069825,0.016209476309226933,22
120050014044,0.8314680710994075,0.008558262014483212,0.1336405529953917,23
120050015012,0.8719304873441632,0.005289006422364941,0.06384586324140537,22
120050026051,0.429618320610687,0.0,0.0006106870229007634,11
120050012002,0.5052688462577681,0.06376654958119427,0.3863820589029992,90
120910210012,0.8703703703703703,0.06287683031869079,0.021102497846683894,22
120910209002,0.31592554291623576,0.5097207859358842,0.06535677352637022,42
120910215021,0.6010056843025798,0.05356362046348929,0.008089199825098382,11
120330011014,0.9513145082765336,0.021421616358325218,0.0,22
120330006001,1.0,0.0,0.0,23
120330011012,0.961283876607968,0.03084800799300612,0.0,23
120050014043,0.7251631617113851,0.0340826686004351,0.23567802755620015,22
120050027031,0.5148263528325834,0.04257528556593977,0.4305988231221876,90
120050013022,0.7719175689835837,0.028990569332867623,0.16101990918616835,22
120050008051,0.7980146741476046,0.02330599913681485,0.02330599913681485,22
120050016001,0.8360978352544279,0.006466123137475401,0.15237559741355075,23
120050025001,0.43270484999407094,0.0017787264318747777,0.02774813233724653,11
120330010014,0.9987341772151899,0.0012658227848101266,0.0,22
120330010015,1.0,0.0,0.0,22
120910215011,0.2534450148608484,0.034044852742502026,0.03080248581464469,11
120910215012,0.5052966101694916,0.012005649717514125,0.022598870056497175,11
120910211024,0.5395090485576062,0.036910947858806664,0.04192796989786777,11
120910217002,0.9835323178262659,0.013174145738987238,0.0016467682173734047,21
120910218022,0.9815950920245399,0.001226993865030675,0.007361963190184049,22
120910217001,0.6672041277007417,0.06610770719122863,0.021605933569816188,22
120050022002,0.4221324215107243,0.008703761268262356,0.008082064034815045,11
120050023002,0.3957293953302734,0.0015964877270005988,0.0007982438635002994,11
120910220013,1.0,0.0,0.0,23
120910220011,1.0,0.0,0.0,22
120910233032,0.4914196567862715,0.0,0.00093603744149766,11
120910233031,0.15449318568994888,0.0,0.002342419080068143,11
121130109003,0.045662247393486934,0.007015059853262968,0.023812588492727507,11
121130101002,0.04002163761763466,0.6488501038128346,0.16479989181191182,42
121130102002,0.05607515599594202,0.29534305210056006,0.15022860875244937,82
121130105031,0.8424586776859504,0.09710743801652892,0.040805785123966945,21
121130102001,0.08454650905157246,0.36122877214018534,0.17607882492473315,42
121130102004,0.036942896288351734,0.4015672368151863,0.20380898061412372,42
120050016002,0.9853569249542404,0.0,0.01464307504575961,22
120910226001,0.7211751662971175,0.0022172949002217295,0.031042128603104215,23
120910233042,0.98747591522158,0.0,0.0,23
120910214001,0.6475979162647115,0.19718309859154928,0.01775033764229211,22
120910220022,0.9956101843722563,0.004389815627743635,0.0,22
120910221002,0.989778534923339,0.010221465076660987,0.0,22
121319505023,0.029390624649042026,0.054142988701960874,0.0701466723568653,11
121319501023,0.028877850187607284,0.46572179434595695,0.1521821689528931,42
121319505011,0.050411029385970044,0.24563537074499808,0.41404632996947976,90
120910208001,0.0685158335908223,0.4833926218186908,0.12906051298844776,42
120910233081,0.927619893428064,0.011101243339253997,0.011101243339253997,23
120910210021,0.667144906743185,0.0390961262553802,0.03766140602582496,22
120910216001,0.4230591497227357,0.12176524953789279,0.012245841035120148,11
120910208002,0.39019189765458423,0.2744136460554371,0.06034115138592751,42
121319900000,0.0,0.0,0.0,11
121130108251,0.5067932558520216,0.02209854313308234,0.040268456375838924,11
121130103021,0.09305053837129616,0.28081260961982973,0.39574646022324694,90
121130105061,0.1049598887315898,0.515634701835432,0.09450363857636043,42
121130105051,0.15989560405005973,0.4694044399723288,0.2400163511728822,42
121130101003,0.046637970663212,0.47376265897725217,0.09625698246200566,42
121130106021,0.5247372468597795,0.045629325813893874,0.3815688285055114,90
121130103011,0.7091214796132829,0.15356592405772734,0.02494045116995937,21
121130108222,0.6512328767123288,0.006301369863013699,0.3326027397260274,22
121130108211,0.38717827254066006,0.06884572872256435,0.08732038528343597,11
121130106011,0.6959147424511545,0.06039076376554174,0.13854351687388988,22
121130105062,0.44359603672393416,0.4020543586946641,0.0,42
121130106014,0.9886128364389234,0.011387163561076604,0.0,22
121130103032,0.20006131625562065,0.5183267475132852,0.07511241313530453,42
121130103012,0.6849906461361347,0.14822276586559216,0.07727730608720679,21
121130105043,0.6492091388400703,0.24171060339777387,0.0012888107791446982,21
121130108252,0.13381123058542413,0.0,0.007027900766041184,11
121130106012,0.8113590263691683,0.15517241379310345,0.0,22
121130106013,0.7240773286467487,0.17486818980667837,0.0,22
121130108084,0.23121063680895731,0.6036389083275018,0.019034289713086076,42
121130107084,0.8940619451568357,0.03629907279542316,0.0005918327086210298,21
121130108262,0.8565022421524664,0.020006898930665748,0.1176267678509831,22
121130107044,0.44502617801047123,0.42094240837696334,0.005026178010471204,42
121319506052,0.04881221208562912,0.026429410170716285,0.23584138740854485,11
121319506053,0.13322133984931786,0.1756261453879047,0.361509875789045,90
121319505013,0.027453346879225134,0.2832300841016553,0.5674226394628493,90
121319506081,0.07693858804023929,0.001702775972934824,0.008715524387784822,11
121319506051,0.34330819981149857,0.17177191328934968,0.4256597549481621,90
121319506062,0.15270965426486421,0.15016748414882164,0.4905491087450652,90
121319506101,0.13391320105101023,0.1652079369393857,0.4536558847512911,90
121319505012,0.03912903942528452,0.24382205544720664,0.23809876482254097,71
121319506102,0.14286730194851371,0.23211491964158726,0.4204475418385246,90
121319502012,0.8245445829338447,0.0436241610738255,0.010546500479386385,22
121319501041,0.04208737007347409,0.45495415997101907,0.12405138541850506,42
121319501043,0.07484646483350307,0.6014257939079715,0.11512051353269759,42
121319501031,0.41547179531209755,0.3864514467244784,0.08122263243753756,42
121319501032,0.18364025437776907,0.36794357876970374,0.2445221374966093,42
121319503042,0.24397426109717527,0.28634529392518265,0.06576507798015051,42
121319502021,0.07990591397849463,0.5243817204301076,0.14818548387096775,42
121319503053,0.06380264587112451,0.5359735712718416,0.12661993848015732,42
121319503051,0.37807912416023887,0.3801940781288878,0.09411545160487683,42
121319502011,0.1417665249323541,0.42620152042262593,0.26011467594382165,42
121319503052,0.06600130091877389,0.6051101715586633,0.17255467924221482,42
121319503043,0.6359637774902975,0.11435963777490298,0.06934023285899095,21
121319502022,0.8435185185185186,0.10925925925925926,0.04722222222222222,21
121319503041,0.30990173847316704,0.3299319727891156,0.1307634164777022,42
121319503061,0.10007957397318969,0.49633755687498726,0.2954846871110567,42
121319506091,0.35723729773972174,0.007807089340804634,0.004029465466221746,11
121319506044,0.2856347438752784,0.34660356347438753,0.295239420935412,42
121319506042,0.39771449981266394,0.25796178343949044,0.23248407643312102,42
121319506073,0.8808851923362543,0.020050497549383633,0.03772463983365513,21
121319506111,0.3709677419354839,0.016404742211193823,0.1111111111111111,11
121319501044,0.09492658299854233,0.37476446119387063,0.13033739822945925,42
121319506043,0.27011841469308845,0.21308603189946834,0.2651039149347511,90
121319506041,0.5764473033151905,0.044202539996701304,0.3005112980372753,90
121319506061,0.26689984529494853,0.10176901863186924,0.4509988565278805,90
121319501042,0.04490597428099985,0.5089389207838432,0.09446209652125295,42
121319503031,0.2688989493465448,0.3296318441957803,0.13803707183736227,42
121319503062,0.06574920990585757,0.5846195006939451,0.23741283882079495,42
121319506092,0.7935633516961438,0.0034792693534357786,0.0933603943171934,22
121319501033,0.0433015788421824,0.33399507028179337,0.2050096595829725,42
121319503032,0.1668939320151943,0.31737605921885653,0.196552059998052,42
121319506082,0.9986693280106453,0.0,0.0,23
121319506071,0.09001084934903905,0.00523093614383137,0.01449163050216987,11
121319506072,0.7828767123287671,0.02671232876712329,0.15342465753424658,23
120910203031,0.20458866776524273,0.49220433515020917,0.06483711497021169,42
120910203052,0.06326770139830423,0.6208086286095877,0.1541675941477629,42
120910203042,0.11027384082601167,0.6045020201372411,0.10485474251266594,42
120910203051,0.06738091682843064,0.668918918918919,0.03757901547956797,42
120910203032,0.20240419192438097,0.5155656015616973,0.1429672249049625,42
120910201023,0.05427220368964629,0.5363845923491026,0.13935413779415146,42
120910201022,0.057824717882271406,0.4795700058758833,0.1679899959320808,42
120910201021,0.043728867154669546,0.696849247053537,0.1202828160669261,42
120910206012,0.11620287811553934,0.202048687430017,0.6054410483971302,90
120910205006,0.3938134042907035,0.39065358390154664,0.04789622484616664,42
120910204004,0.31191816410478457,0.4003572201775276,0.16421303312405283,42
120910201012,0.10601091244351073,0.4705500052899657,0.2927618155162251,42
120910203062,0.04225916282795914,0.2347000085834454,0.2691196246173214,90
120910206013,0.23842118968788364,0.46177597559614597,0.20512629738476992,42
120910203061,0.09874774250361945,0.27633248257436677,0.12844967835340826,42
120910201011,0.08887536277908628,0.5144361817556302,0.24706909783788075,42
120910207021,0.5728245695672406,0.09260120986505352,0.24778966961377386,90
120910219024,0.7604562737642585,0.009234111895708854,0.23030961434003258,22
120910231004,0.2447364702557581,0.006076020912816165,0.019782393669634024,11
120910207012,0.4025859535703791,0.3020863943579195,0.18297580566167107,42
120910208004,0.37808971620384496,0.08315532499237108,0.5172413793103449,90
120910207022,0.7074032738095238,0.18675595238095238,0.06491815476190477,22
120910231002,0.5793119371969522,0.0154698683906719,0.1253752020318633,22
120910209004,0.8412401165210154,0.05846858094049105,0.07261756138160633,21
120910203041,0.17917816175402934,0.4625381152896762,0.06788151589952084,42
120910207023,0.3326719576719577,0.09060846560846561,0.4891345427059713,90
120910219023,0.9967558799675588,0.0032441200324412004,0.0,22
120910207011,0.8424068767908309,0.09627507163323783,0.05272206303724929,21
120910206022,0.39277260533375413,0.07590342433328073,0.4887170585450529,90
120910206021,0.9839167455061495,0.0,0.01608325449385052,22
120910219011,0.7279289283731261,0.03331482509716824,0.2220988339811216,22
120910219021,0.9963898916967509,0.0036101083032490976,0.0,22
120910219022,0.887012987012987,0.08181818181818182,0.026623376623376622,23
120910218024,0.9528688524590164,0.010245901639344262,0.01331967213114754,21
120910209003,0.6985569214323891,0.1122394441475147,0.17049706039551044,23
120910228002,1.0,0.0,0.0,23
120910233072,0.9561128526645768,0.03526645768025078,0.0,23
120910206011,0.858562244301578,0.09526592635885447,0.04266510812390415,21
120910218023,1.0,0.0,0.0,23
