GEOID,COUNTY_NAME,P1_001N,flash_per_km2,drive_min_to_shelter,spatial_lag_flash_density,n_neighbours,coast_dist_km,n_days_both_flag,has_confirmed_anomaly
120910211024,OKALOOSA,3291,52.29500085390788,21.255804349680734,49.36373827556339,4,12.312270403311086,7,True
120050027071,BAY,2602,79.90668960761948,19.449686064222643,56.80152260228059,5,0.14348391364598984,4,True
121319505022,WALTON,4841,51.21783140302868,16.498125490533283,98.43080191529191,4,14.37706929082028,13,True
121319506071,WALTON,2162,176.16695929956018,17.743541024054032,93.2323301347234,6,6.456443669664844,9,True
121130108201,SANTA ROSA,3931,73.05901107205406,9.608915618769862,58.795596436961986,8,8.618499902555756,9,True
120330025002,ESCAMBIA,2011,74.01175939511488,19.612757233872944,141.83620348698696,6,0.9982191018707529,5,True
120050002013,BAY,2218,45.93607950899113,22.678490334456104,39.513774552504096,6,17.438638932485404,10,True
120910211022,OKALOOSA,1967,72.9633522158349,18.73999876908175,57.55581803245724,4,13.455770624173713,2,True
121130108271,SANTA ROSA,2616,83.5487877115031,10.2612479883401,63.78014258864853,10,1.2304080153131969,5,True
120050026081,BAY,2309,94.35143506509112,11.623634084631862,73.21469850057075,7,3.5065057046316235,5,True
121130108021,SANTA ROSA,3620,36.61348182498699,17.007786008680675,41.06097308750205,10,15.620801655518735,16,True
121319506081,WALTON,1808,252.48741155242809,15.751990723493712,57.85875726418119,8,3.965707870358334,13,True
121130108122,SANTA ROSA,2494,44.160896665638624,14.6207947892766,55.42004060618909,7,3.3593166401753907,6,True
120910231001,OKALOOSA,2316,52.31991886387967,12.1047394113039,38.220825112022005,3,1.88868850523771,5,True
120910211021,OKALOOSA,1992,47.662955821147406,18.845609980486007,56.95201067888882,6,12.449180818327852,4,True
120910210011,OKALOOSA,2229,36.87300527283976,25.225224479247725,59.84499069869748,4,8.816162881791815,2,True
121130108241,SANTA ROSA,2741,51.0609871454778,9.635919051764716,87.07613941255083,6,3.182715735424268,6,True
120910209004,OKALOOSA,2642,34.78994424978856,20.083047249622133,37.177144318352234,4,15.851090768837768,10,True
121130108082,SANTA ROSA,1996,47.98506422716528,16.67723554403902,29.19008657304278,6,26.60132270902903,6,True
121130108142,SANTA ROSA,1808,106.23749731580791,14.298943227826658,51.03159471926567,7,2.968182035976946,10,True
120050002041,BAY,2547,39.13709637802949,16.119640887703667,41.90233809348663,10,14.937607999565312,13,True
120910231002,OKALOOSA,3185,35.69107235413158,14.12812387874717,59.016410003162875,5,1.8411017571662975,9,True
121130108131,SANTA ROSA,1822,57.97395520062612,16.698359164939692,44.35540275840962,7,6.416860627039588,6,True
121130107101,SANTA ROSA,2480,52.143677385767454,9.760719853477742,86.34328519976373,18,15.017758552020984,8,True
120910205005,OKALOOSA,2687,45.66019349899074,9.507720810766822,41.805684025357266,7,40.998602717837315,8,True
120910203042,OKALOOSA,2716,42.648167411060086,9.724076913123191,29.668224403004256,6,49.30164313762764,8,True
120910201012,OKALOOSA,2491,52.15069623655586,8.911392361999223,39.092667036084826,7,37.68585648988965,6,True
121319506052,WALTON,2050,99.78833509164404,8.779614109758333,71.4616466778299,8,7.091151022587101,8,True
120330011031,ESCAMBIA,2789,67.63573000733675,6.241296834081353,57.22672704806707,7,17.68987179492726,8,True
120330026042,ESCAMBIA,1882,97.86140506685784,9.76805232403976,48.251022382812906,4,3.183367958273137,7,True
120050002031,BAY,2765,38.93957580106496,10.277743100871186,54.52453798491795,5,18.465804240681035,12,True
121130108022,SANTA ROSA,2114,46.54391378141213,10.479177328374996,39.40701338569043,4,7.832746554335884,8,True
120050027092,BAY,1920,39.082120862347,18.33087445727989,41.87706337287469,6,1.2754643757798765,6,True
121130108081,SANTA ROSA,2807,32.46299742634781,16.12897880331565,28.96560503725104,7,33.29234416817053,13,True
120910231004,OKALOOSA,1560,126.54261073969124,12.119948307851194,45.181023449019456,5,1.82690854099578,7,True
120330040001,ESCAMBIA,2618,43.010185453503794,7.5878460895172095,38.22221449483837,6,67.86186786947394,7,True
120050008062,BAY,2297,45.53308758612072,8.905582424538313,50.753744043936926,7,7.875252987852341,6,True
121130108092,SANTA ROSA,2231,41.67524841465918,9.377767201758308,33.400875716939154,9,28.351225762051122,5,True
121319505021,WALTON,1824,91.85151742445515,8.89405553787662,50.274020572128926,6,12.484421250184527,7,True
121130105061,SANTA ROSA,2178,37.0455609461992,13.1601013385437,30.078719373604503,7,38.92155518541702,10,True
120910201011,OKALOOSA,1933,44.04591982142079,10.753245254490254,36.24142022773952,7,34.66760546434555,11,True
121319506101,WALTON,2133,36.56956294864865,13.327650395991329,37.40467406295976,4,2.1903721581034565,5,True
121130108132,SANTA ROSA,1569,46.94381455132304,16.161625102093936,53.97121994881805,6,3.1934318332194738,3,True
120910210023,OKALOOSA,2389,29.416491211823253,21.841003155320166,29.23189627621888,6,12.313373858463873,2,True
120330036121,ESCAMBIA,1712,60.33955278084277,10.37802825638996,33.40268660878672,7,26.37256997255238,5,True
120910207023,OKALOOSA,2902,34.64016054688486,9.517820034762604,29.732406682473567,6,35.73143685238082,2,True
120330026011,ESCAMBIA,3278,37.71534544557333,6.499962760791048,43.00119475499945,3,10.105225408565323,6,True
121319505011,WALTON,1823,43.17387017391271,11.184555500173095,51.28922000284084,4,12.852711865158174,8,True
121319506091,WALTON,1576,47.74909442516059,13.632630643027843,52.14363258620731,8,0.025191809577698763,11,True
120050002012,BAY,1908,47.19561003351622,9.139885677082708,40.54859250770486,3,31.282284135651356,8,True
120050025001,BAY,2200,64.73768290885333,5.726017489429182,52.43280481381259,8,8.430912984604223,6,True
120910204002,OKALOOSA,2987,50.97930287947302,4.860371115531334,56.676527867278935,5,41.625123095004085,4,True
120330024001,ESCAMBIA,5532,30.207730401589583,9.793815993020656,86.37400648070395,6,3.5380410486466,5,True
121130103021,SANTA ROSA,4953,33.66052930733722,7.078703500888279,34.01981681866049,7,39.12446046807803,7,True
121130108281,SANTA ROSA,3000,31.00586061594921,10.657795628425289,48.33411628845596,3,3.2791154109406864,4,True
121130108272,SANTA ROSA,3673,30.53876529392273,9.78250751386701,41.72646639327324,4,3.777708205834834,5,True
120910212005,OKALOOSA,1463,47.13643391250147,15.61802923298854,41.0793587736958,6,12.944567211309876,5,True
121319505012,WALTON,1718,35.26907679226349,19.40535147536055,46.527980075489054,7,25.213551362214893,13,True
121319505023,WALTON,1059,166.31052061231458,22.963414753190985,84.80124668692322,9,10.974010240560114,14,True
121130104001,SANTA ROSA,1812,36.35817500979573,14.8380112673164,34.652886841866135,7,46.988410246749815,5,True
120330036034,ESCAMBIA,3097,39.50302489001722,5.336814327154846,38.289720476789924,7,25.812540542884264,1,True
120330026062,ESCAMBIA,1882,56.73264805571937,6.57094313175346,82.38189254709708,6,1.6845428842473305,5,True
120910212001,OKALOOSA,2043,32.47563220460829,15.43014349684259,40.774481950303205,6,15.658084901515757,5,True
121130108231,SANTA ROSA,1382,200.22366993611823,9.802273086393898,55.31334493009436,6,7.434215321003247,8,True
121130108251,SANTA ROSA,2169,62.95130401877628,5.142511664297146,63.75069809313606,6,2.8329695362740543,5,True
121319506102,WALTON,2399,33.709389745792485,9.640604522193088,46.541854251560984,9,4.210944071527453,10,True
121319503061,WALTON,1656,36.177760087405055,17.540552603098927,79.85410688580293,3,15.374170987055072,7,True
120050026071,BAY,1284,99.5703613215216,12.101838614306926,40.19874600186767,6,0.8232780681624556,5,True
120050004022,BAY,2309,37.64251022111223,7.393699219829378,35.55529891799612,9,25.095725137727143,8,True
120910211023,OKALOOSA,1260,47.41215385344802,19.116048331610944,47.93409302806287,7,13.959487131793962,1,True
120050014022,BAY,3098,36.84641853846818,5.708458245166178,40.39525685881073,6,17.419599395223113,7,True
121130109003,SANTA ROSA,1283,249.7654818295612,10.871103554460635,70.96046036297497,10,4.140613103430184,5,True
120050027112,BAY,2057,32.80452440000525,13.206276047391976,20.767503335801717,4,0.11750113843396508,3,True
120050003023,BAY,3925,33.5113093503444,6.068789043362078,33.801754786722924,7,31.517110289094063,12,True
120050027121,BAY,2621,31.64073206742449,9.550315190242964,27.4271847477165,6,1.3122535035952134,2,True
120910215021,OKALOOSA,1951,46.35922160815627,6.6921802793317,46.34753847232038,10,5.942979414860818,7,True
120330033051,ESCAMBIA,2593,44.79545439017732,4.90512807961617,28.014498097707637,9,14.920908798424312,11,True
120910211011,OKALOOSA,1746,33.760245986419775,16.511185454124337,50.62267610538513,6,15.975646629069477,4,True
120330035092,ESCAMBIA,3100,38.11572205470967,5.059104694612684,30.462826281105574,6,22.35162312273119,7,True
121319502021,WALTON,3663,30.0375194072922,8.0963627791765,31.898398464824833,7,48.62288741395497,11,True
121130105032,SANTA ROSA,2840,33.354086987458864,6.981396837764384,24.164470832898555,8,30.2981218822937,4,True
121319506053,WALTON,2846,36.42217543917072,5.723439337466386,47.1275116491433,10,5.376463570936441,9,True
121130105033,SANTA ROSA,1780,40.46368101005415,9.3306383864545,25.63213836528351,6,32.33633285212547,3,True
121130108282,SANTA ROSA,2493,30.914795859942064,9.824510813460629,39.40314084271195,7,4.935586760184913,5,True
121130105051,SANTA ROSA,4394,32.06179055410809,6.27074502849804,29.541530972279084,10,34.554386829629756,4,True
120910209001,OKALOOSA,1324,40.946020581889485,17.571594458192543,39.057365211956835,4,16.80917901528275,4,True
120910206012,OKALOOSA,2056,44.36149961886122,5.990106112392615,38.56199737839121,5,34.87827238602242,6,True
121319506111,WALTON,1292,46.60475201823291,15.298491094337349,53.530882047312375,4,0.23205756074778897,9,True
121130108242,SANTA ROSA,2537,41.15217470929544,5.103088588625607,65.92200513585615,7,2.9994836266882876,9,True
120330011011,ESCAMBIA,2020,85.99418709468638,4.752083407734047,46.24257200644008,7,14.437312923051431,6,True
120050027061,BAY,1102,63.93788588718888,18.24629162516701,45.307834414551344,5,1.009391912315729,8,True
120910211013,OKALOOSA,1052,82.85316160132565,17.385471070779918,52.001972115171405,6,14.45349597062628,2,True
120330038003,ESCAMBIA,1681,54.10409212469133,6.76199688353734,31.099563286382942,5,42.48979635821566,7,True
121319501043,WALTON,1715,34.31618693964892,13.886338400706157,35.8871333567765,9,46.990649087065094,11,True
120910229003,OKALOOSA,1860,40.27132732206711,7.380015956295407,31.974679005122418,5,2.348662090017456,4,True
120910203052,OKALOOSA,2382,28.315938341433124,13.183386498650076,30.076552048764228,6,46.439635681531314,9,True
120050004021,BAY,2108,39.59518538958175,6.124296927517076,42.27001425778331,8,21.49789330400746,5,True
120330023001,ESCAMBIA,2039,316.9285099832481,3.745589984673289,58.99373366727125,11,4.469288168681323,9,True
121130108252,SANTA ROSA,1123,175.64453995833804,12.065346534240382,63.35141454839156,5,0.5744401887855562,4,True
120330036122,ESCAMBIA,2813,38.160167074369895,4.86996679570469,32.166387582644866,7,25.74315030328918,6,True
120050005003,BAY,5014,35.55920650449267,4.602688489454935,38.7872562917505,11,15.7443550613684,7,True
120050027062,BAY,1626,31.315287251031645,19.827791576776647,60.53736321075278,6,1.8870744954343404,5,True
120910233051,OKALOOSA,2434,21.83348627476415,21.452883782579647,16.982734783579396,5,2.435040300806444,2,True
120330036091,ESCAMBIA,2409,41.65718417605817,4.838944495622625,30.54416679999132,6,24.32831379770545,5,True
120910208003,OKALOOSA,1485,38.51472737248614,13.448545136303002,42.87865132890308,6,3.6146234205914802,6,True
120330026041,ESCAMBIA,2570,65.23586093832053,3.222122288089566,45.70995603670922,5,6.344753266474821,11,True
120330027042,ESCAMBIA,3685,35.213932869738066,4.807179683559694,29.305310086660874,8,6.4195344725308745,4,True
121130108121,SANTA ROSA,2582,24.98972297642594,14.894873526408508,50.21738295867495,5,5.499916290935713,4,True
121130108211,SANTA ROSA,2674,41.89215972389194,3.858992677219149,63.532280818446566,5,2.808578193925883,7,True
120050002011,BAY,1306,40.4233873521322,15.29029366225554,41.03952136072807,5,26.772854517561537,6,True
120910209003,OKALOOSA,1060,50.43115318130995,18.732577720386068,43.307468725461995,6,15.157982046260507,4,True
120330036101,ESCAMBIA,3034,47.34134624714273,2.9599172052383333,32.84731681701009,7,28.167030052412624,5,True
120330036032,ESCAMBIA,2681,33.20617072824964,5.941234515280229,39.841475274571074,5,20.53416985944195,8,True
120910229002,OKALOOSA,1438,54.21448987056471,7.605343164575794,33.87888226667246,8,1.466182977371582,3,True
120050027081,BAY,869,108.44029810915704,18.254412626303232,42.26985827738666,5,0.15838232232761013,4,True
120330036033,ESCAMBIA,1613,44.6255693448155,7.481257532583401,33.70350466240714,3,26.829986457570985,7,True
120330026071,ESCAMBIA,4123,31.17260248547167,5.492903294128367,37.94072336493584,6,3.4717796022870484,3,True
120330039004,ESCAMBIA,1535,40.03295324754549,9.805727279704287,35.04322496315647,7,41.7084810075328,7,True
120050014042,BAY,3133,34.70110027138915,4.838975821703959,27.998950615868797,7,12.918716017985679,6,True
120910203061,OKALOOSA,1452,39.94550544964161,10.684424468483416,28.398701899959114,7,39.885769213021426,6,True
121130108144,SANTA ROSA,2225,27.03717331636103,13.024801311420962,108.760096978208,4,4.280457924943201,4,True
120330026052,ESCAMBIA,2495,34.12806721358701,5.7780604004540175,33.615889852063496,7,6.770340748404689,6,True
120910215012,OKALOOSA,2004,64.3610737708257,3.926766738631453,57.47422461147134,7,4.898395448776737,5,True
121130108141,SANTA ROSA,952,114.00738379736764,15.231722139953067,76.6672156561636,6,6.840280226922639,3,True
121130108262,SANTA ROSA,1828,35.43055163661401,8.566583317156047,35.293546246434914,5,5.236593654898678,3,True
120050014021,BAY,1321,102.10156515095792,7.087981177459267,36.396269640361474,6,17.255152815110293,10,True
121319503053,WALTON,1135,37.478965512340345,28.235108768361968,45.64808492651713,14,28.543663276051245,14,True
121319503032,WALTON,1661,39.25079431951832,8.214145673060381,38.13816931848874,6,46.684947304528265,9,True
120910208002,OKALOOSA,1715,27.496206052337968,21.53386749991921,29.10818861769972,5,12.732519045567207,6,True
120910233041,OKALOOSA,3220,12.650900088678236,24.183105738172724,19.395943488204317,5,1.5028784082563151,3,True
120910202001,OKALOOSA,2064,32.24727266719038,8.526644810669099,35.31951649412775,8,60.10093804858475,9,True
120910201022,OKALOOSA,2309,35.87845926656874,5.354579587660605,36.6894347874815,6,48.46751510046122,8,True
120910214001,OKALOOSA,2979,28.41770362821665,7.112258907175224,36.76316096511997,3,7.697053693402986,7,True
121130102003,SANTA ROSA,1372,42.88346984186364,9.656514550667795,40.55185282231555,8,61.01592571648114,8,True
121319505013,WALTON,1028,41.614110355474,20.006659161063418,38.36033968788015,7,16.68139528541309,11,True
120910232002,OKALOOSA,1100,81.0623349744098,10.344353481496595,39.679561022806816,8,0.3448875557149059,8,True
120910209002,OKALOOSA,2209,20.083286079900454,20.42775390153417,37.7990109965028,6,15.10548653408204,8,True
121130107092,SANTA ROSA,2887,21.46219722963305,11.76190169792974,24.871175557213682,5,23.933642496574695,8,True
120330036031,ESCAMBIA,3479,36.00072217990057,3.4405195954257475,35.24178071928488,5,22.66560583389305,4,True
120330038001,ESCAMBIA,1596,31.25441724222034,13.810031694503833,31.94661099716152,2,45.23975493628031,9,True
121130102004,SANTA ROSA,1172,40.92828988507188,13.598099738389369,33.779262721971236,5,54.141046051653824,4,True
120910210012,OKALOOSA,2000,21.293823353894293,24.163560789396133,25.007379653609664,4,10.590972318668296,3,True
120330027011,ESCAMBIA,3284,29.639656113090805,5.324369069734713,30.63909329269352,6,10.657392630381553,3,True
121130105043,SANTA ROSA,3122,28.84253585917815,5.790554658761553,31.06081582455318,7,33.32438180799175,6,True
121319501031,WALTON,1194,56.73604253436177,9.12684290993822,35.22464743174437,4,44.41820105877876,3,True
121130108221,SANTA ROSA,3299,23.40383250295003,8.48991012013582,36.75102359573959,5,6.860959476371315,5,True
120330038002,ESCAMBIA,1684,34.24553286049131,9.204746443716612,37.05613617250705,5,47.852740864476615,8,True
120330014013,ESCAMBIA,4485,37.09719116298535,2.812412003007416,26.057055151806797,6,17.16219107575221,1,True
120050013012,BAY,3978,28.57642508433709,5.212414351297809,27.749123523818565,8,15.273490060882592,9,True
120910220021,OKALOOSA,2375,41.51711854590444,3.283060996741909,41.85360718452192,6,4.216907266091995,4,True
121130107072,SANTA ROSA,2799,37.79472178056287,3.2698821158854323,30.98578473274064,6,33.41429545890403,6,True
121130108085,SANTA ROSA,4221,18.41947776048272,10.846553806082031,32.77999390558184,6,30.84749136765719,11,True
121130101004,SANTA ROSA,1563,30.57066314029989,14.204250489025425,36.59801822131782,7,60.33040226996461,7,True
120330035121,ESCAMBIA,1255,210.68300573741348,5.863181494974908,34.37416161527302,8,21.930862191060402,9,True
120330036142,ESCAMBIA,1590,38.99871275306384,6.898604441874521,36.661070687204436,6,31.33111667742353,10,True
120910224001,OKALOOSA,1198,73.91572278780207,7.154744837901505,45.17792982652719,10,2.8641620122918354,7,True
121130108232,SANTA ROSA,3542,14.571836863538186,13.4898675777697,96.13983192844124,4,4.701022988595314,6,True
120330025001,ESCAMBIA,928,87.21264657849107,10.957216801308714,77.03023853442797,7,0.6107688449144196,5,True
120910221001,OKALOOSA,2211,44.28297726204678,3.098720092224524,51.71830031591762,6,4.447234887698457,2,True
120330036143,ESCAMBIA,1857,39.41706156135792,4.998308965979851,31.469903729468832,7,35.14809898260666,6,True
121130109001,SANTA ROSA,1224,84.95338239129887,6.422501797089238,93.86007581968082,10,5.200967542904205,7,True
121319506061,WALTON,1886,30.39798872601653,8.386393361833976,35.66832237796414,5,1.5960630541668301,4,True
120910233082,OKALOOSA,2190,17.118609687491574,20.492437733083648,72.67158967891929,4,1.7906876167354977,3,True
120050026051,BAY,1337,37.26796640049777,9.985361231998054,34.31238507272611,4,0.031837372032579116,2,True
121319503042,WALTON,2029,30.659901955557395,7.110132917048957,39.352074510573836,6,47.793308982211244,12,True
120330031001,ESCAMBIA,2661,35.16811712606147,3.7488908997031833,39.453004980339514,6,14.510534698965948,4,True
120050005002,BAY,1364,30.31126829598404,17.62515135257102,34.730674414664314,5,20.8154776412509,7,True
121130107081,SANTA ROSA,1766,39.59314536317887,5.132870024039864,32.574598350084784,5,30.563123123598608,7,True
120050004023,BAY,1698,33.649616568078585,7.635476250247171,32.93550237240498,4,25.99193323330153,6,True
121319504003,WALTON,870,39.00873270495035,26.42528832013241,36.12639853490333,4,34.44221613303987,9,True
120050002042,BAY,1119,35.003053450080195,18.45787252490729,34.881151732180925,11,5.612207899471467,9,True
120910218021,OKALOOSA,2410,38.19129575961155,3.292468937285466,27.799455449537227,4,7.55962525545929,3,True
120910218012,OKALOOSA,2708,30.13576160603519,4.98746990987073,30.21925582271912,2,7.4491797601700185,1,True
121130105041,SANTA ROSA,1932,29.409141140116443,8.488394115476337,30.41853494573967,6,35.46082920816873,10,True
120330036123,ESCAMBIA,1545,35.56419250530985,7.646553676172444,36.58482810390112,5,27.281722145563073,6,True
120330036133,ESCAMBIA,1308,61.456260821493416,5.653034820767293,26.514474250542957,3,32.07050866163986,5,True
120910205006,OKALOOSA,2072,32.19522831190648,5.660208936748131,54.29025949312174,6,42.988737519235634,10,True
120330039001,ESCAMBIA,1405,29.64768913383173,16.206559453759258,36.301463651713796,8,54.71066681012721,18,True
120910212004,OKALOOSA,1040,39.83547024383014,13.882979087657883,37.952185550740694,3,13.492193559945859,2,True
120910201023,OKALOOSA,1363,37.480473847108016,8.363354054162144,35.213916515283735,7,45.94964681719734,9,True
120910211012,OKALOOSA,660,59.78197163286836,16.09234509458062,48.77768590520052,5,14.808572050064477,3,True
121319501032,WALTON,1157,36.79586735468377,12.105927800285782,38.632104438565726,5,45.43272898866909,7,True
121319504001,WALTON,1146,30.826577167338872,22.813116679418712,37.902281264743664,2,43.03382081948174,7,True
120910233052,OKALOOSA,2314,12.3705912449862,19.004413938458665,23.384454751346812,6,1.2721740077351704,0,False
120910215011,OKALOOSA,1062,95.56772648319632,6.877612761622497,48.742578720153766,3,4.578017502931759,6,True
120330026021,ESCAMBIA,1156,67.99630347368388,6.221410346912913,100.88437460336456,6,0.38985476470271885,8,True
120330035062,ESCAMBIA,3005,33.33037063372145,3.117048573386991,50.316909107568165,6,20.369439161813762,4,True
120910219021,OKALOOSA,2073,33.9611073823404,4.763926776407827,31.693483986514075,5,4.761366426298881,1,True
121130108273,SANTA ROSA,2807,21.436421385698583,7.778285653259771,48.67684090415163,5,3.5443421923103866,4,True
120910219024,OKALOOSA,1953,30.28557276075205,6.330629948999419,32.87212363160785,4,3.9544816829926126,1,True
120050026042,BAY,2865,17.13114749968383,10.134599663909103,27.299391712552445,9,1.2250950393674,0,False
120330010021,ESCAMBIA,1342,98.27768359499764,4.358269270645277,69.1573625825292,8,9.851078945207428,7,True
121130103032,SANTA ROSA,3959,25.78696315981441,4.869138843950756,31.51260605499355,7,37.122897885304276,5,True
120050015011,BAY,3093,28.516081938622836,4.546298147277016,29.824448508897817,12,10.511281173833735,5,True
120050003022,BAY,1274,35.28631066199125,10.161240665883232,35.434878541739444,7,34.94780744965493,10,True
120330036131,ESCAMBIA,1540,30.241529114246365,10.10386237205712,32.49755326490445,5,38.22927299541407,9,True
120050027031,BAY,2468,15.45854776104406,13.533843212539296,27.176110185565705,6,1.7132227583147583,5,True
120330037002,ESCAMBIA,2411,26.735393488089112,5.990679170243514,39.65941589325785,7,30.01739873774047,7,True
120050003012,BAY,1518,24.88585624957403,18.66981073713753,25.014788783015423,1,53.556529187246745,11,True
120330036084,ESCAMBIA,1583,33.67339577676041,6.769146539344487,37.39751098853121,5,28.9137652210194,6,True
120910210021,OKALOOSA,1828,16.72383630470113,25.027337874424088,18.441629041037704,3,11.04601885183748,0,False
120910219011,OKALOOSA,1552,34.99165798873549,6.706514450328854,29.13371127968091,5,3.5642301640246887,2,True
120910203051,OKALOOSA,1672,28.514454272115568,9.80672641076806,31.121306572499844,5,52.883183525363705,12,True
120910206013,OKALOOSA,4555,28.037694856205427,3.8142549311145415,34.79671989723143,10,37.786537966375874,6,True
121130103012,SANTA ROSA,3070,17.47491102060613,8.801195497024107,28.400886621251814,6,32.944497245315155,5,True
120910210013,OKALOOSA,1870,14.52750139827201,24.283901250823764,21.567889861113258,4,10.393917985005357,0,False
120330036083,ESCAMBIA,3146,27.125025052974525,4.463616011595099,31.746503947249494,10,26.57253310642311,6,True
120050026093,BAY,2582,24.201837631294968,6.321233650377935,24.932940114550124,7,2.3947194958934634,4,True
120050008041,BAY,2117,27.435792462434367,6.1978386295974,27.037353489953073,6,11.333544197786715,5,True
120910216001,OKALOOSA,1496,31.208686861245152,9.061518042451782,36.64062811316018,5,7.636325420731134,5,True
120910205002,OKALOOSA,1138,74.31985718200778,5.330828777886212,42.83028419725348,5,42.32131348148981,5,True
120330032032,ESCAMBIA,1693,29.462012601639337,7.762584300816512,26.891989202649423,7,21.058125491000492,3,True
120910206022,OKALOOSA,2926,29.713284869894963,3.431526734296724,29.683891715073052,5,34.30565041827207,5,True
120910203031,OKALOOSA,3065,23.17908567826425,5.5202312733923895,29.35531829718136,8,46.31706273454531,10,True
120050013021,BAY,1605,41.5847041707164,3.941459308214166,34.12435415221905,6,14.315931861638234,4,True
121130107071,SANTA ROSA,1625,32.57259902070102,6.327429194524424,34.61652928839264,11,30.77622577379985,12,True
120910212003,OKALOOSA,867,40.037978882826,13.344846217251078,36.532420054458626,4,14.26288529154115,1,True
120330027041,ESCAMBIA,2592,22.50277631655854,6.395369739100727,26.737092667884447,10,8.94969214543031,10,True
120050027091,BAY,802,36.85413134812413,17.62111056605158,59.61256874084523,3,0.3510423786994575,3,True
121130108094,SANTA ROSA,1056,33.66672164937595,15.081094319773928,38.11158921277589,7,22.880031169513728,14,True
120050026091,BAY,1207,38.97757669771189,7.562650393852306,71.51065514740291,7,6.078056595275178,7,True
120050026061,BAY,865,41.338969212802674,11.458426652824349,39.37004000021784,5,0.051936729618858,0,False
120330017001,ESCAMBIA,2097,44.64118566989139,1.9246175399912355,43.56042268232651,8,14.649835586843793,7,True
121130107043,SANTA ROSA,2842,18.92519202452705,7.193872532483364,23.916817731390996,9,30.146393187031446,8,True
120910233062,OKALOOSA,1671,21.31591031726601,16.171516062173737,31.103368163992258,5,2.283547644476497,2,True
121130101003,SANTA ROSA,585,48.098634173536304,13.118854153040957,42.992366325189856,3,67.02049591738398,3,True
120330034001,ESCAMBIA,2402,25.198730280449517,5.56211121747347,35.337150420464894,9,22.740795012061206,4,True
121130107113,SANTA ROSA,1785,33.13273655071873,4.932516439301604,42.13260337732192,11,24.64229565518948,8,True
120910232001,OKALOOSA,877,40.45667560944829,11.248845518752203,58.64176288534364,9,0.4768623994339004,9,True
121319506051,WALTON,1881,25.45147513494461,7.688365717478814,39.36542979076254,6,3.6781315970228197,7,True
120050005001,BAY,1224,27.34516060779052,19.10275595672668,33.03549280964429,6,12.916004858424744,8,True
120910207022,OKALOOSA,3856,28.40295316213337,3.177037582193034,27.268527028103804,4,37.43970515503751,4,True
121130108202,SANTA ROSA,2965,19.223034209687786,6.314527077419443,34.27082126402505,5,5.425938116833154,5,True
120050023001,BAY,2063,51.12605127942943,1.176246215775275,59.62741863597287,9,7.236113626866261,5,True
120330035091,ESCAMBIA,2194,28.33680655997072,5.024134793723769,28.13123451328268,7,22.630758219873044,3,True
120330026051,ESCAMBIA,2566,23.561555043398943,5.759472016362622,28.828480660829836,6,6.225478876871329,2,True
120910231003,OKALOOSA,1293,28.96046413970528,12.775657719964377,81.89536408500014,2,2.582897685521038,1,True
121130103031,SANTA ROSA,1260,32.89755767858597,9.56056942591542,34.10866272871401,8,45.82506140327301,6,True
120050004011,BAY,1571,29.14394046475842,7.960957825563137,34.505671726146744,4,28.54640359164951,8,True
121319501041,WALTON,846,36.36751688387982,16.024357419846535,37.101786245502275,6,62.29736880566681,13,True
120330040003,ESCAMBIA,546,47.74523861358637,11.768317098295016,43.958177753152064,4,72.92730710473411,6,True
120910203041,OKALOOSA,1951,29.21606876455137,5.2854032412005845,31.447235787146635,3,49.27810389067316,8,True
121130105062,SANTA ROSA,2005,25.19487221363272,6.468633880585421,29.582918760367175,7,35.05384540963267,10,True
121319503052,WALTON,878,41.32852391210216,9.674835350451072,34.434057104606985,3,35.11040704858296,6,True
120910233061,OKALOOSA,1282,25.12086166287977,17.734618861905698,16.21160451799796,5,2.5649847752192185,2,True
121319506073,WALTON,1920,12.019567856470331,17.13629391031106,92.49846064721312,5,3.1737168983758273,4,True
121319501023,WALTON,719,40.67649434278903,12.618044256141786,33.01423238299853,4,64.4344751907397,6,True
121130102002,SANTA ROSA,952,47.339622614641335,7.296110389208544,43.15489509408204,4,63.66119389345058,5,True
120050003021,BAY,1659,28.68314291690773,7.091812089926354,31.27080293178369,3,44.31265890615615,13,True
120330040002,ESCAMBIA,498,48.0316513088044,10.883622970104428,43.68595363185078,5,70.22245663639445,4,True
120910233031,OKALOOSA,725,34.61608226258098,19.31189313367463,27.057235480155512,8,0.24192882526031578,3,True
120910228002,OKALOOSA,1198,39.16877826554624,6.24655736804915,28.41366654990827,5,2.1096503247628924,0,False
121130107082,SANTA ROSA,2025,25.32957117513917,6.107030524338237,22.131240405794312,4,30.289699574817647,1,True
121130108083,SANTA ROSA,769,33.00529409535433,20.994047661383792,35.0495099872488,8,28.094002378231124,13,True
120050023002,BAY,1739,99.29884353501215,1.0015002849680208,67.31576861705672,7,5.7802718846175924,5,True
120910220012,OKALOOSA,2173,39.50215992167286,1.591284318044589,45.46258544754856,5,5.1143022499823765,1,True
120330035073,ESCAMBIA,2168,33.396291527360844,2.8992478210877097,24.634004509023402,7,22.08793772831348,5,True
120050027102,BAY,2101,18.9118051173742,9.16057562423364,29.339862510445432,6,3.7492019910592798,7,True
120050026082,BAY,1117,31.5551726148167,11.85085228136982,61.40392699174162,4,1.678558348073458,3,True
121319504002,WALTON,854,36.79582982453697,12.257487367860897,35.489875344323146,6,36.6945587294798,10,True
120910203062,OKALOOSA,1285,26.40161134343245,13.709891631181714,34.60605921324238,6,36.39140357790942,11,True
120910225002,OKALOOSA,1716,30.775033714443985,5.192870602730202,24.560006706046753,6,3.042570533552955,1,True
120330031002,ESCAMBIA,1460,42.18447005100366,3.499228391480651,39.10306786903302,6,15.506160852910865,1,True
120050027131,BAY,637,52.2823922650416,9.12985786560493,30.615750612876262,4,0.056446455860984464,4,True
120910208001,OKALOOSA,474,37.24811743030904,17.06838361067439,38.99213280519125,39,20.179734174045805,10,True
121130107111,SANTA ROSA,1218,40.37404307910396,5.409019741692649,20.733711044473775,5,27.75317445538903,4,True
120050012001,BAY,1746,60.31908023413043,1.4437841467987649,40.14561911796356,7,10.950742609161424,5,True
120330033101,ESCAMBIA,2658,26.209943060669644,3.7294140688950095,20.59169700853628,7,15.717338873641117,1,True
120910224004,OKALOOSA,929,41.040233108524056,7.631587953162609,40.8082411282927,3,1.7676521638797915,1,True
121130107053,SANTA ROSA,741,46.28262552944211,8.354809172253857,27.251985440298455,6,26.873646991278843,11,True
120330033012,ESCAMBIA,1289,40.255979654316896,4.593115014439022,37.996834569309264,6,22.1036594352065,7,True
120330001001,ESCAMBIA,1756,36.6716016164842,3.000541395291953,64.89990494125172,7,9.009651119731755,3,True
120330003001,ESCAMBIA,1490,51.39057704688957,2.464073716557592,79.61505070910403,10,9.063924547311457,5,True
121130102001,SANTA ROSA,1260,51.06681322062833,3.659697698825044,46.81972331048641,5,68.9561027764748,6,True
120330036111,ESCAMBIA,1743,27.14134450938875,5.860156970294756,25.890221161372757,5,24.3359071294826,6,True
121130108093,SANTA ROSA,1050,29.477464362441903,14.75858651128482,34.95036122940749,5,26.13623281921473,8,True
121130108133,SANTA ROSA,1716,11.855003150043697,16.72066295415949,38.091142035262926,5,4.199924833643793,0,False
120910210022,OKALOOSA,1549,11.380894513017846,22.50768360901838,24.45099595855628,6,11.639033505873673,0,False
120910233071,OKALOOSA,1263,21.65938227441753,18.31093465638096,16.247902703943385,4,1.445836794209326,1,True
120330016001,ESCAMBIA,2191,36.31089910541184,1.5087108221072618,31.798479228672562,8,13.447226927670089,5,True
120330019001,ESCAMBIA,2204,32.8581771897381,2.289532120468898,33.382787286924334,7,12.06458352792382,3,True
120330023002,ESCAMBIA,1412,52.89433112784716,2.43663330698773,32.97871767379617,5,6.045279017503326,1,True
121319501021,WALTON,658,31.0127804276755,22.84991653178397,32.70879692393427,3,68.84405613473419,11,True
120050006001,BAY,919,28.307427669724436,22.43631923368205,29.205667473450003,2,4.6120529972873126,8,True
120050024002,BAY,1771,45.616710694735694,1.4704057815747889,91.2692915141649,5,6.385992695539121,3,True
120050014031,BAY,1096,54.14633278490833,4.298026415578037,44.21101163093396,6,15.643771120232774,2,True
121319501024,WALTON,725,32.36906230013432,17.382928023417207,32.71798492885948,7,55.370454119111734,10,True
120330008011,ESCAMBIA,1395,71.88374506745092,2.1212407516672376,64.58168816043546,9,8.940672164834494,5,True
120330013002,ESCAMBIA,1607,36.3962124777797,3.2699144819441623,27.32077566369389,6,14.8927027117618,2,True
121130108143,SANTA ROSA,1557,16.387320782300897,16.58308517014173,67.40353080303369,5,5.776454528997092,1,True
121319506041,WALTON,1017,35.83648784190184,7.861061430228387,32.065303559914234,5,1.393909324998606,4,True
120050027101,BAY,1261,27.05727267020648,10.679670604575254,29.740709763124407,5,0.318258235271304,1,True
120330033131,ESCAMBIA,2442,29.483613530696005,2.6315258296918285,22.991068251424284,7,14.555448656442948,2,True
120050027103,BAY,1812,15.61276948900544,10.732632158017312,24.072423610045785,6,1.9843674744109976,5,True
120330010022,ESCAMBIA,485,279.8872454239864,5.6332736182508025,69.940710009177,6,10.882487598274645,6,True
120050027032,BAY,1175,24.19106231781106,16.40792086395655,48.94637278313834,4,0.2766101712241455,3,True
121130101002,SANTA ROSA,1090,24.72888073351457,19.16919220332657,33.55623323517494,6,41.9622538790512,12,True
120330012021,ESCAMBIA,1393,40.70964037859126,3.2249735947517544,18.116473736555328,7,19.180253215894286,1,True
120910203032,OKALOOSA,2422,28.97400576933521,2.692030407312258,36.77987665256381,7,45.11898502007067,10,True
120330010011,ESCAMBIA,766,145.54678809427273,4.9121894786562645,79.80209318590484,6,12.539035651189712,8,True
120910207021,OKALOOSA,1782,22.388833308695396,6.708729616256592,31.60844217308553,5,34.98260906017106,2,True
120050022001,BAY,1456,45.94654050396393,2.343815571422945,49.89510687856487,6,7.785178645123002,3,True
120330040004,ESCAMBIA,979,33.72406102967174,9.335712965817477,46.262358458631525,3,71.59640084529929,5,True
120910223001,OKALOOSA,1154,83.6038282436459,2.8411587748548683,51.68634319234294,6,4.469008574099385,4,True
120330028041,ESCAMBIA,3568,21.651081620844764,3.2511053046322376,24.40304521431018,10,8.456067522709398,4,True
120910227003,OKALOOSA,1342,30.09962977455377,6.22389301905248,34.98807604723878,6,1.2007080172076778,0,False
120910215013,OKALOOSA,1113,35.50744078147932,6.177619126504383,56.87649316317463,4,5.222630221462708,0,False
120910218011,OKALOOSA,2828,23.1903942151292,3.288166044815196,33.675109698670965,7,6.494100083601579,2,True
121130104002,SANTA ROSA,1011,26.18287584693426,16.809744584695313,30.896747577029714,7,39.6095187321707,8,True
120330036132,ESCAMBIA,1320,28.40131836895456,7.550784657809086,40.35902922992493,8,31.58725873507754,11,True
120910219022,OKALOOSA,2102,24.375380865326026,4.482242603292805,34.60239800480012,5,5.507021641309084,1,True
121130101001,SANTA ROSA,614,30.594469328938903,19.446592196757987,29.85400262864048,4,55.72546800341276,7,True
120050010002,BAY,994,38.47932530562822,6.152871647536252,43.25404263771654,8,7.711878020326212,4,True
121319501033,WALTON,680,32.307569920304466,15.275671493075684,38.71196777917757,8,50.69902065053156,10,True
120330036112,ESCAMBIA,2735,20.897790707184843,3.8573960451055855,33.00556540616462,8,26.22020177806401,4,True
121130103011,SANTA ROSA,3221,29.63686128205575,0.6130713917150572,28.18012127585274,5,33.69644442487957,7,True
120330035071,ESCAMBIA,2620,24.800927191736573,3.065830001110782,27.163800059932377,4,22.6080190185278,0,False
120330028022,ESCAMBIA,1732,28.534763053497283,4.499129613651164,26.67629297546667,4,9.102248256653823,1,True
120910201021,OKALOOSA,988,26.63599279363945,16.686285346900906,34.05016877745151,4,60.02941806287104,9,True
120330033082,ESCAMBIA,1631,34.28260556794476,2.97960166939159,32.37344517171406,8,17.96750386412366,7,True
121319506044,WALTON,1751,13.441807571563409,10.579933326225111,39.094120209617316,4,3.068652147403598,5,True
120910223002,OKALOOSA,1394,46.14768158549927,2.226699924884183,44.25032982822499,8,5.780244294192169,3,True
120910204004,OKALOOSA,1633,22.256807285724648,6.941007706651106,29.892623455985927,5,43.126301713522196,11,True
120330014021,ESCAMBIA,1875,29.666364858561742,3.222367115939205,31.30594344678923,11,18.186092069268614,9,True
120330033013,ESCAMBIA,2074,29.958620789830288,2.49852893517691,27.735145452005025,7,18.932410172764012,3,True
120050026092,BAY,1122,30.603205727155604,7.593277084296178,59.53450138855915,10,3.2114774577876912,8,True
121319503051,WALTON,1416,39.50629172418034,2.6782835697802496,38.21867617549249,6,42.05275857809149,7,True
121130108261,SANTA ROSA,1263,24.55172814277065,10.067550574541304,35.071791440557135,8,4.835317557482608,7,True
120050012002,BAY,1335,82.82992635178775,1.358330984323764,45.21884109083682,4,12.077659845255699,5,True
121319506043,WALTON,1587,20.30578407427872,8.18901973834909,22.330971051092543,7,0.9108682623180459,13,True
120330036102,ESCAMBIA,1530,33.00758702964725,3.48369469099554,31.047099047572033,6,26.904381453554247,3,True
120910212002,OKALOOSA,745,26.68214385689461,21.02478361660177,38.97347030334843,7,11.114289787118224,15,True
120330037001,ESCAMBIA,1950,29.287708807249235,2.9659669256732024,33.83655136230563,9,29.25094378921431,4,True
120330036141,ESCAMBIA,999,46.94099759219053,4.23841776420146,38.146513449417,4,30.449713866349246,7,True
121319501042,WALTON,461,33.183777558404586,12.944499600058505,34.33042458127773,3,53.70409951450607,11,True
120910215022,OKALOOSA,1835,21.217950790520224,5.555426581857882,48.742578720153766,3,5.917841978054778,0,False
121130107112,SANTA ROSA,1761,22.06276370144369,5.690834811533279,24.73332801114888,5,28.17792991784129,4,True
120330032031,ESCAMBIA,1242,37.9778545287496,3.7592387391350135,28.36863952376074,7,20.52859799009196,2,True
120050026045,BAY,1203,23.76133699877784,10.93950714339698,24.784615134259138,4,1.4459798438238871,1,True
121130108091,SANTA ROSA,987,34.7899154871206,6.519739271220238,27.445236061450817,5,29.444055990725477,6,True
120910224003,OKALOOSA,922,34.32949083944639,7.242932527537023,39.69287910697994,4,2.399540434879598,0,False
120050003011,BAY,1096,25.014788783015423,12.35052079131081,26.78449958324088,2,49.502350234957106,14,True
120330021002,ESCAMBIA,1812,32.82999103664896,2.276753066046433,29.49165317422137,5,11.210182580046805,3,True
121319501022,WALTON,1003,25.080834128879467,15.170842738365728,31.019816022664855,4,58.86387549007698,11,True
120330010013,ESCAMBIA,1829,25.51303795967983,4.067944901925862,72.13302313361815,9,13.648937018853514,1,True
120050013022,BAY,1126,52.124145815560446,2.729951156724582,48.99907767844244,6,12.679261936601684,3,True
121130108222,SANTA ROSA,2147,20.377430772773305,4.49334654787726,20.135063029615218,4,5.464918503537053,3,True
120910204003,OKALOOSA,1913,28.85278944196025,2.828448173625931,38.78118297620239,7,40.83778703795232,6,True
120910220022,OKALOOSA,1241,41.27073715113679,2.8732764673787163,35.232798355278426,8,5.061194763734745,1,True
120050027111,BAY,1429,16.36313059414527,11.608258328958648,22.733278580065306,4,0.49814329230280663,0,False
120330035072,ESCAMBIA,1631,35.733428622476325,2.010940177197742,25.403877923107256,6,22.48479746478184,2,True
121319503043,WALTON,1186,69.3094644739488,1.8981529959804435,35.373782067845944,5,44.077730173355974,4,True
120330020001,ESCAMBIA,767,55.091328709617,4.353833309200983,32.613507880571504,5,13.140930391571098,3,True
120910205003,OKALOOSA,776,76.05978526165701,3.7526034888097737,58.118699363881625,4,41.56818187612382,3,True
120910225001,OKALOOSA,991,36.71959025675285,5.3271953115751804,39.70819281641573,6,3.6074456122621115,0,False
121319501044,WALTON,666,49.87941604467626,5.028767535141669,34.3073947755351,2,67.03508193781755,5,True
120330033071,ESCAMBIA,2180,16.953778912550714,4.969974926209249,20.869255600463504,7,13.326408620135219,1,True
120330032011,ESCAMBIA,1833,27.284367421685747,3.2432009236276853,39.052539938190435,5,16.29157064269488,2,True
120910219023,OKALOOSA,1412,25.194095310270324,5.905989123573607,32.76209312003699,8,3.8952685170004884,0,False
120910233032,OKALOOSA,792,23.62150542935167,20.800405972915904,29.150492258702737,6,0.68830249005309,0,False
120330028021,ESCAMBIA,2636,19.174294714925235,3.3005288639934185,21.042665060084506,8,9.951931547100955,2,True
120330033122,ESCAMBIA,1713,22.40077417075534,5.070205425798409,28.943465521617345,7,12.992486699092636,1,True
120910227001,OKALOOSA,1280,25.87761844780449,6.564358402738241,26.729953371418695,5,1.8466589028023483,0,False
120330008022,ESCAMBIA,1490,32.22197071183972,3.1279130683536667,21.931565637072264,7,13.016620867714142,1,True
120330036144,ESCAMBIA,1686,21.33011207579983,5.5500910110106565,37.640469388485265,5,37.039620016707765,10,True
120330032013,ESCAMBIA,1637,25.55349264338903,4.471628142885269,24.446601810352963,7,17.189372390189355,1,True
121130107091,SANTA ROSA,1220,25.88089417905609,7.219141010343577,29.134001775984537,8,26.51286271275521,5,True
121130107083,SANTA ROSA,1563,24.26809231222789,5.137266472071159,28.334011452132213,6,30.623029118329985,2,True
120050022002,BAY,1159,61.5278372138726,1.5788591193807733,51.3042128402005,7,6.9242582674726085,6,True
120330034002,ESCAMBIA,1082,32.614773756048855,5.36607854304332,25.124277889173392,7,20.987941125039487,3,True
120330028012,ESCAMBIA,2034,19.518443082373636,4.313825815972123,21.865540469417827,6,11.413840676793667,1,True
120330033081,ESCAMBIA,1702,29.254823389006265,2.928869330937084,26.740695818746826,4,17.079224693233396,4,True
120330022002,ESCAMBIA,1005,39.63802979708542,3.913891644140536,26.3296386204293,5,9.070193331824441,2,True
120910205004,OKALOOSA,683,74.98040908213922,3.663509403810677,40.481785864983586,8,40.865473215008585,2,True
121130107052,SANTA ROSA,1575,21.95495310749005,5.521439128288293,32.32301484508202,4,29.062630339527498,2,True
120330028023,ESCAMBIA,875,43.37701924953814,3.9601514008071472,25.092922337171025,2,8.476871963445442,1,True
120050007001,BAY,141,31.066174339109487,11.44878779113372,61.446488336709734,11,2.7742889969286675,6,True
120910217001,OKALOOSA,1877,33.25294479357008,0.0,34.95399741713654,5,7.178793064992228,3,True
120050022003,BAY,1836,31.07624057231881,1.5580039750663903,64.47481813306953,4,7.165370617881752,4,True
121319502011,WALTON,1425,29.02737597694364,3.888122326444976,35.89056754843445,7,42.11976129345805,7,True
120330034003,ESCAMBIA,1607,24.908814203689637,4.391105291577278,30.004413165133855,7,22.486774885310545,2,True
121319506062,WALTON,1032,32.88237904864292,5.306565953015279,34.2747792149071,4,1.733195279651997,6,True
120910233081,OKALOOSA,1136,9.956128612098102,20.21216009487988,63.3690027464687,6,0.491693259140219,0,False
120910207012,OKALOOSA,2883,24.007419400629537,1.4133549096814093,31.043750933741713,8,38.90354249921956,5,True
120050026044,BAY,1273,21.09070585319814,8.610220632344049,37.96431604299231,7,1.2182093267826637,0,False
120910225003,OKALOOSA,1518,22.564209278026784,5.353501131195125,31.4735493081251,8,2.5346920690771766,1,True
120050008032,BAY,1485,23.77935652027371,5.1889269944925625,24.23345671576545,5,11.792157093629811,8,True
120050026043,BAY,935,30.31340145699897,7.121000073708831,23.92438196422806,4,2.1893405884370343,2,True
120050013025,BAY,1475,32.23543242884502,2.677303373590925,28.819692565988362,7,13.195267306545688,5,True
120050015012,BAY,2303,17.9215930304916,3.6576824245696313,26.124470380247388,4,11.821816421746902,0,False
120330014022,ESCAMBIA,2062,18.877444874911365,3.96653743642581,27.57833115292025,7,18.773379391037235,2,True
120330023003,ESCAMBIA,1410,36.160767881138106,2.0109991796960305,106.0452389891543,4,6.277651975558934,1,True
120330036071,ESCAMBIA,2593,20.185325031227887,2.5004800072732305,26.113736228462624,6,24.66240932585404,4,True
120910220011,OKALOOSA,982,64.15208320525191,2.3040741992008256,41.14984542588156,4,5.201337724046545,0,False
120330039003,ESCAMBIA,776,27.109421945779093,11.055681978194157,37.2618157087192,5,60.89926962652303,14,True
120050008061,BAY,963,51.46595091195048,2.606117977781248,53.27372913976153,5,7.767409512815705,1,True
120050008052,BAY,2148,14.654546851091611,4.354379942897386,15.01934580256421,4,9.19188794207486,1,True
121319506092,WALTON,1107,17.957259157881502,13.64365932098521,85.62976731608198,6,1.2909633067054658,2,True
120330017002,ESCAMBIA,1028,67.73010858799952,1.6889554060497438,36.56682356086753,7,15.84649908754913,2,True
120050015022,BAY,1343,29.62322954917148,3.7319270891189977,39.3810751453631,5,9.194016860458186,4,True
120330030011,ESCAMBIA,1450,25.08500157303864,4.6086337315779256,25.22008077586933,5,13.582406313482076,1,True
120050025002,BAY,712,153.3004476978206,2.524362240229552,67.7632941561927,5,6.6146000784178955,2,True
120330032012,ESCAMBIA,1574,21.802818690955007,4.841150004576613,26.78762266505203,8,18.886406786112218,3,True
120330030021,ESCAMBIA,1995,24.822712114706125,2.446623048003933,18.779632241524347,10,12.59921016038167,3,True
120330036103,ESCAMBIA,2198,27.957327694120448,0.0,30.639438142210576,6,25.73561993885168,4,True
120050004012,BAY,688,31.444249453404897,7.291508649255689,32.897794261293164,4,29.740692797482303,8,True
120330035061,ESCAMBIA,1702,17.36547545017928,5.318777136069683,81.10965474453499,4,19.721701829630682,0,False
121130109002,SANTA ROSA,1092,22.50649171620439,8.976303232705279,77.19548012678378,5,4.576781299232503,0,False
120910220013,OKALOOSA,1125,42.30936608481214,1.951733865272942,37.648084249517424,7,5.718771642473709,1,True
120050009004,BAY,450,165.8722968905324,2.832113938083414,34.90000885895751,6,5.827337363428724,2,True
120330036113,ESCAMBIA,1473,25.02197763702452,4.117159038561972,26.057644536148906,7,24.074748288699936,1,True
120330014024,ESCAMBIA,1771,16.418813205810356,5.029554779481998,25.01985116843062,6,20.093311859934897,0,False
120330036092,ESCAMBIA,1412,36.12706425037415,1.2870717398894775,29.383405932251687,7,24.219363141915508,6,True
120330036081,ESCAMBIA,1256,25.60305518779841,5.146817084104501,29.11479271191697,4,24.508960544505268,0,False
120050026062,BAY,962,21.79001892618787,11.050525650469748,44.78279597180156,4,0.4777552173185524,0,False
121130107122,SANTA ROSA,2592,15.143785510993917,2.867476412281768,25.339565291460463,6,25.94488475373295,6,True
121319503062,WALTON,828,35.77283453275387,4.610339152006423,69.71761197196788,6,23.145076926313507,11,True
120330033121,ESCAMBIA,1526,21.13136134686601,4.853756371537058,24.975986226892214,8,11.834041788254737,0,False
121130105042,SANTA ROSA,1327,32.773409482260725,2.465947646187099,24.99256358871255,8,31.828069841807487,2,True
120910224002,OKALOOSA,951,29.636050773963987,5.809344978048812,31.978301416527177,5,2.676346575589575,1,True
120050024003,BAY,930,158.88129475250705,0.8758711527146359,67.69690645364632,8,5.028097495250007,4,True
120330033132,ESCAMBIA,1002,32.15649149525113,4.763415239824021,32.48517223817569,4,13.662953040150974,1,True
121319506042,WALTON,1240,10.830886537601884,11.295975789563222,54.46204009701844,6,2.820121855834024,2,True
120050008051,BAY,1963,16.53162659124854,3.802555762660417,28.46857745961022,6,9.155746056181808,1,True
120910226003,OKALOOSA,1421,14.902574419731009,6.719407052911004,23.040516029123296,4,1.4600443642277867,0,False
121130107093,SANTA ROSA,1754,16.793772015730475,4.73170490237921,30.470599169278287,4,22.822591612209745,7,True
121130105031,SANTA ROSA,1741,19.184958992150158,3.943138432193561,28.69168804117585,4,29.82212776748442,2,True
120050026041,BAY,1165,19.43325761983747,7.75000594492227,22.610005481451704,3,1.1515106228959717,0,False
120910206011,OKALOOSA,1007,31.94025430249744,4.55075180100502,40.56295104102865,5,39.67336732743492,1,True
121130106021,SANTA ROSA,1781,19.796719835805668,3.653517140709941,24.640507738860506,8,29.19122098794123,6,True
121130107041,SANTA ROSA,1824,12.299147636702598,4.874772286790185,20.937245281282017,5,28.448945389216977,2,True
120330036082,ESCAMBIA,1785,19.34015505866445,3.6349470485345137,26.574571758511496,6,24.319940782240973,1,True
120050011001,BAY,1279,32.87293180916374,2.425724343285234,37.486581914125125,7,11.272852833066912,5,True
121319506082,WALTON,893,15.591918462472714,17.27925723683214,72.38546530795188,5,0.46947100427436256,0,False
120910226001,OKALOOSA,991,25.782294306872767,6.716314892360113,32.73465032308626,7,1.1279955169959437,0,False
120330030012,ESCAMBIA,2266,17.39434320146049,2.557522619556171,21.80973185627477,6,13.713629779672418,1,True
120330034004,ESCAMBIA,1285,20.172440107835016,5.805783607018213,26.70829683008287,6,22.516057571772585,2,True
120330004003,ESCAMBIA,1466,29.76143857395717,2.066809506381595,24.82482992779679,4,12.000878025934417,0,False
121319503031,WALTON,1020,27.387149906303726,5.555348391045808,44.46827667693431,5,44.54324113175037,10,True
121130107084,SANTA ROSA,1138,26.18348111094308,4.976407451958844,25.57155826585314,6,31.813168857130243,5,True
120910221002,OKALOOSA,1338,35.05138213972756,1.2307393323199698,48.10782171229986,6,5.404241614380291,1,True
120330033011,ESCAMBIA,1123,28.96112275589589,4.312510243813324,35.695156544148425,5,20.44573987857078,6,True
120330012022,ESCAMBIA,2623,18.55093785072867,1.5898212114204653,21.016174001126362,5,19.178390029113544,1,True
120330026061,ESCAMBIA,1341,27.67235997205627,3.231035495682943,55.032350340118754,7,2.039558820658742,5,True
120910227002,OKALOOSA,1102,24.428599783196177,5.923810375098298,32.11857953885718,6,2.2759081809708293,0,False
120330026022,ESCAMBIA,689,32.09956514719095,5.646561366137848,64.51002283753267,3,0.6656638357517215,4,True
120330033102,ESCAMBIA,2302,19.171756637633845,1.996703546865384,24.01049918742999,8,16.447591762596552,1,True
120910207011,OKALOOSA,1073,30.12903836717829,4.203414499057591,37.563713416686376,5,39.88029158007352,1,True
120910208004,OKALOOSA,667,37.341633845085184,4.157665265854673,35.22808613419002,9,4.283072595653684,4,True
121130107051,SANTA ROSA,1168,19.148196175479228,7.196763160656896,24.20120703631112,8,27.964813785934002,2,True
120330011042,ESCAMBIA,1974,8.322274795461182,4.19781213204545,34.53095508803029,6,18.000491913310398,0,False
121130109004,SANTA ROSA,811,22.090904070249078,10.347986969455937,93.48851724897156,3,3.7307324287570025,1,True
120050008033,BAY,1822,13.47568312979229,4.232783184602551,18.844998419598475,5,10.289094025571709,2,True
121130109006,SANTA ROSA,989,20.974054141660663,9.191814327272782,91.35473353455339,4,3.6734969287818515,2,True
120330018001,ESCAMBIA,746,39.25417075564279,3.2620886366168325,38.852104705599956,4,13.510251632468556,2,True
120330030022,ESCAMBIA,1761,16.460679551720826,3.8832168928800894,21.396785116682032,5,12.943839014165125,0,False
120330032041,ESCAMBIA,1566,21.55666339156658,3.481274421681591,22.50017753332473,5,17.288100545794773,3,True
120330037003,ESCAMBIA,1283,24.4067108945852,4.258655679503856,34.483512123781786,8,32.48942834553741,4,True
120330021001,ESCAMBIA,2155,21.7421982429022,1.429698468394189,25.945940015431376,9,9.766650272290816,4,True
120910233042,OKALOOSA,739,13.455410604086776,19.787332586046507,20.367764967752393,4,0.500242699671249,0,False
121130108084,SANTA ROSA,853,18.896313155942604,12.164114099693936,32.96820837733753,4,29.288548634638456,4,True
120050027132,BAY,673,26.497031313376315,8.159827937587345,30.326222247296688,6,0.49272217802825036,2,True
120330035052,ESCAMBIA,2260,13.52758951882364,2.6250374545059745,25.14995290808312,7,20.36113646275264,0,False
120050017001,BAY,1513,28.799597648547973,1.7706069234959414,32.45594725787386,5,9.529023730864916,2,True
120330027031,ESCAMBIA,2059,24.150384443932367,0.0,63.32884417420333,9,7.496694401459013,1,True
120910216002,OKALOOSA,983,20.195175148266244,8.104027202191698,38.272008633236815,3,6.977766794756623,0,False
120330031003,ESCAMBIA,983,30.128263549998227,4.08118218026948,27.035961314117845,8,14.564341607147684,0,False
120330035122,ESCAMBIA,1326,28.369784869739043,2.5418448535255296,63.68780028281528,5,20.820771910231777,0,False
120050019003,BAY,1386,30.644786742929053,1.4303255423380108,29.778324985801426,5,6.481411057542625,2,True
121130107044,SANTA ROSA,1378,11.417337954241384,6.031709717474048,21.526693454300187,3,26.948976716890733,1,True
120330032034,ESCAMBIA,721,28.51690174830544,5.809199261623522,26.4378707031216,6,20.92157517988053,2,True
121130108212,SANTA ROSA,3119,13.361657263052408,0.4666143134500812,29.439305511683823,5,4.320918799639445,4,True
120050014044,BAY,1896,17.116295446820892,2.6478152248440705,22.922286233908295,6,13.25151512926183,1,True
120910226002,OKALOOSA,1239,14.17950975762964,6.756316800905089,40.404113811097105,8,1.4662481243345926,0,False
120330004002,ESCAMBIA,1231,28.78396733019708,2.772566333689438,16.948910651977208,5,11.618992243032972,0,False
120330012012,ESCAMBIA,2012,20.949290931968488,1.3663472552639149,21.941356448371913,5,18.00806809870821,1,True
120330020002,ESCAMBIA,1160,26.949000450105647,3.3749051822985083,29.42083741569931,10,12.319041247938452,2,True
120330011013,ESCAMBIA,1330,22.064720622263494,3.6970681590970047,67.93746750383112,4,14.88193417426266,0,False
120050016001,BAY,877,40.69889392929037,1.5851414533563195,31.387266370383784,11,10.176976888580308,6,True
120330011044,ESCAMBIA,1688,12.78951259966827,3.852585507109558,24.589859223088432,7,18.88312077455756,0,False
120050015024,BAY,1506,19.360315324930625,3.4231927939559825,31.225922688875876,5,10.231973275137426,3,True
120330027032,ESCAMBIA,953,39.16077277258271,1.569616366507698,37.419549480505864,3,6.929803163521119,1,True
120330035102,ESCAMBIA,1345,19.13231474049189,4.174540204134377,25.711841472846658,6,20.849783029250858,1,True
120330010014,ESCAMBIA,1643,26.02119386814509,0.6560042550421233,21.327190029927394,5,15.18499015881475,2,True
120910218022,OKALOOSA,1230,32.800917176122184,1.276716725136757,34.62040459260563,6,6.302894985623689,0,False
120050013011,BAY,1142,23.248260199842044,4.377884791960662,36.432387937519216,5,17.196622499156053,4,True
120330035123,ESCAMBIA,1298,31.0252057635968,1.0548406413984066,24.871633237948547,7,21.101956960931282,2,True
120330013003,ESCAMBIA,1033,27.188360964763884,3.824699855435922,30.13153217603744,5,15.846996699548274,2,True
121319503041,WALTON,782,40.06477243366993,1.8835291380509367,39.266670003261304,6,45.303681070788286,8,True
120910205001,OKALOOSA,1365,25.74730616460046,2.257174070230243,37.56759506202883,5,43.79222450327298,10,True
121130107121,SANTA ROSA,1260,14.393748694520468,5.558428510638584,24.992463940963376,7,27.51075672808865,1,True
120050014024,BAY,1310,27.15550384893536,2.126027678993898,43.58222819158509,5,15.27687403298673,3,True
121319502022,WALTON,617,40.04251370884059,2.393976311735301,31.29349914191357,4,43.49710254147185,2,True
120330010012,ESCAMBIA,1042,33.05212929645064,2.0035808963139767,29.733005895236783,8,14.147579260030676,3,True
120330013001,ESCAMBIA,1525,15.422744121922827,3.748023225138004,29.431699959928583,6,14.199985411157604,0,False
120330033133,ESCAMBIA,669,33.2608468610741,3.3991388209159177,31.111456572400495,6,14.808554542703343,1,True
120910233072,OKALOOSA,651,3.878652478555901,16.6194430036663,22.929414920978743,4,1.4626159526120848,0,False
120050019001,BAY,558,50.06582183046535,1.1604202364936325,24.168171837440525,5,6.525896928432083,1,True
120330035101,ESCAMBIA,1533,19.67391884789531,2.656943849056979,26.078094527806503,7,20.78014060663551,0,False
120050013023,BAY,824,33.00265488023703,2.761657291910494,36.54757033922508,6,12.175168071958003,7,True
120050014043,BAY,1463,24.16440386415667,1.8512800954363453,23.511363423262686,5,12.67943736634581,2,True
120330033112,ESCAMBIA,1400,19.809881735006044,2.9939580514823936,19.020642633143396,3,15.067934114890885,0,False
120050018001,BAY,1413,19.787492478216,2.9065920306245063,23.903450569475716,7,8.201342459773123,1,True
120050011002,BAY,1387,24.343051707782863,2.061936175205896,22.97207757205082,4,10.371573298295509,2,True
120910206021,OKALOOSA,1260,16.38331336129419,4.824999954709503,28.875489863050195,2,35.658271420230314,0,False
120910218024,OKALOOSA,1416,23.596468919517687,1.9655109273776885,34.17952028609249,6,6.675456595476054,0,False
120330011041,ESCAMBIA,1443,15.19849230956289,3.4249860216890142,17.59584840499786,7,19.274957195346662,0,False
120330039002,ESCAMBIA,1246,29.83944422932496,0.9410604905875064,33.255765511038206,3,60.3590955379374,6,True
120330035111,ESCAMBIA,1432,25.9052356004986,0.7641632626437438,64.5843414834897,5,22.12554317360523,5,True
121130109005,SANTA ROSA,903,8.193578201149066,9.533176655044835,78.83423293941884,4,3.5532965789577946,0,False
120050015023,BAY,828,33.16524427497926,2.379308159090427,37.34941270546645,8,8.972662987189148,3,True
120910204001,OKALOOSA,1076,29.169798368630406,2.2404385555550967,37.5558581053384,6,43.51197548900478,5,True
120910229001,OKALOOSA,777,20.749686160996816,6.044955250524678,36.55763065460199,4,2.3477254353875896,0,False
120330014012,ESCAMBIA,368,45.79528667277016,0.5727971438465091,35.36131114440794,10,15.61445718487711,4,True
120330009002,ESCAMBIA,873,26.044770961282445,3.8308715882123527,36.167192452699936,6,12.848749453111699,1,True
120330026072,ESCAMBIA,977,20.31384896653293,5.047931205799109,35.169422678250776,6,4.325216828858729,5,True
121319506072,WALTON,698,5.049786688593962,10.839821699764348,15.27837440655811,4,1.8591229267513316,0,False
120330022004,ESCAMBIA,1068,25.09992909270031,3.0285961207223355,104.4168446984768,4,8.988631039644394,1,True
120330035051,ESCAMBIA,1557,17.495183678846058,2.012172362543976,22.373492615852015,6,20.04340577067841,0,False
121130106014,SANTA ROSA,1245,20.60132698297429,2.900929395751739,25.341301723899818,3,33.8181747929763,0,False
120330009003,ESCAMBIA,1026,19.313728059949813,4.618508726697032,23.86352655990061,4,12.613710819155255,1,True
120330028032,ESCAMBIA,1852,11.440796737084767,1.5756355489348726,17.525013277399058,8,10.028650490167928,0,False
120330032042,ESCAMBIA,1277,18.626499654966267,3.148607338257732,22.85893488484282,5,16.64319320716678,0,False
120050024001,BAY,1251,28.30098093221409,0.3146342973893489,88.73072506542108,4,6.169763836106598,2,True
121130106013,SANTA ROSA,690,36.98856509389112,1.0991936475963195,25.321768395517047,5,32.02961862521932,1,True
120330010023,ESCAMBIA,1114,13.209690629045468,5.044555325351089,116.45537687387746,5,12.284639321649225,0,False
120050011003,BAY,1412,23.751782407464287,0.725140586850446,34.708985517314055,6,10.011746715291872,1,True
120330012013,ESCAMBIA,1321,16.93302622010463,3.0271603675068506,22.997672644445885,9,16.370732085648957,1,True
120330011014,ESCAMBIA,1144,13.288956273293426,4.707427377370493,44.162012191042464,4,17.15267098719901,0,False
120330028011,ESCAMBIA,786,26.71498030377361,3.3362380856163933,18.513285272325437,3,10.683761058449456,1,True
120050020001,BAY,368,34.21383147013101,2.2395539735561347,34.62120879323441,7,7.074593051481277,5,True
120050014023,BAY,1157,21.694601479210245,2.606665866468875,49.788390205644355,5,15.870087882475438,0,False
121130106011,SANTA ROSA,1610,17.81152732362506,1.1800087702197273,31.282080090637244,5,30.980195275058037,0,False
120050015021,BAY,1115,24.12616375231544,2.418849652828061,31.16310379615086,6,11.028006452930507,3,True
120910218023,OKALOOSA,948,27.162841233192992,2.498839124815356,33.711652426041475,5,6.337462949941898,1,True
121130107042,SANTA ROSA,929,18.935520764692072,4.848358691214853,24.81775905380995,6,28.912625961500673,3,True
120330015001,ESCAMBIA,732,31.94209009211438,1.9242689904599104,30.171757824044345,8,13.472172476962992,2,True
120330014023,ESCAMBIA,1035,19.111014412645023,3.793892382419824,23.34194228716484,5,19.632801131577374,0,False
120910217002,OKALOOSA,778,27.36458403250706,2.851222777402961,34.609225981003654,5,7.32706619761364,3,True
120330011012,ESCAMBIA,1414,14.69585686668553,2.303038172816892,24.147055055673228,11,16.658487423836828,4,True
120910228001,OKALOOSA,1054,12.575927160229888,4.917693424137239,30.79702550646516,7,2.8007731521838917,0,False
120330035112,ESCAMBIA,1130,17.110282424222838,3.3690531555824474,57.78499372749688,7,23.70640425464747,0,False
120330033083,ESCAMBIA,1003,23.5498002795784,2.7849016762652856,29.099018539951253,7,15.781979867515266,1,True
120050010001,BAY,951,23.439926398631105,3.043248623748043,23.219086184398893,6,9.140766402012938,1,True
120050013024,BAY,1126,21.767414271533077,2.260081875273888,24.251984784998708,7,13.681504559033181,3,True
120050008031,BAY,1375,11.82366967294416,2.66112505181426,21.544557176143883,7,9.849817254680282,1,True
120330011043,ESCAMBIA,1247,12.7814876865114,2.980422256809508,12.751534142844468,4,18.546443144394384,0,False
120330006001,ESCAMBIA,837,27.810913598444177,1.9646929642012976,28.76218849043824,9,11.559667470518383,1,True
120330006002,ESCAMBIA,1117,20.77288999369889,2.1442144336538584,27.708748049810197,5,12.108642770701861,1,True
120050009001,BAY,1351,18.24640381627185,1.2690582689828906,22.96731934811458,7,8.416238123480294,1,True
120330014011,ESCAMBIA,600,31.227973126098554,1.4558484321991736,39.83327923144563,5,17.11421966403503,1,True
120330018002,ESCAMBIA,1126,19.365005337479595,2.141423650402401,30.68624102600588,8,12.62620468043842,0,False
120050017002,BAY,1277,19.942055863930367,0.5084184433653317,30.71580023106287,7,9.248396115014968,0,False
120330033113,ESCAMBIA,944,17.407955435634086,3.4398516021094965,21.789555577613342,8,14.642275219728377,0,False
121130106012,SANTA ROSA,1091,18.76724240395864,2.4686504724535783,29.52399286537339,5,32.83764630893048,0,False
120330029002,ESCAMBIA,1148,12.73286824409927,2.759122012832685,18.810837713585425,7,11.874987009352994,0,False
120330032033,ESCAMBIA,1031,22.941191893238248,1.5555711476538,27.82398935027537,4,18.854450086572026,3,True
120050014032,BAY,643,28.69213070495199,1.6326530791558973,28.35778596679567,7,14.93052445123629,0,False
120330003002,ESCAMBIA,1104,22.324418448899404,0.8308330808850105,35.451449505715395,3,10.411098435143634,1,True
120050009002,BAY,1076,22.670284196301992,1.076076197480193,53.24463664513954,5,7.870927882173556,1,True
121319502012,WALTON,744,26.04432874974851,1.8915809390968608,35.735694650185344,5,42.6697776231438,0,False
120330029004,ESCAMBIA,1088,18.74436979774825,1.9676647061630608,13.58861353013246,4,10.832587629681278,1,True
120330008023,ESCAMBIA,826,21.552270595096225,2.4922465007170187,33.673513331997455,5,12.108288029803427,1,True
120050009003,BAY,1071,20.185230814634156,1.556006656751085,64.56373395376419,4,7.007865816551225,1,True
120330033111,ESCAMBIA,1147,13.44402940312646,2.2056888976150524,21.798104227395534,7,14.827999622510596,0,False
120330012014,ESCAMBIA,663,18.817320925749467,3.68374082170128,24.83375631918474,6,17.563282342892528,1,True
120330015002,ESCAMBIA,500,26.643145910487444,1.9514092840384945,37.61112208701902,4,13.846193284620021,0,False
120050016003,BAY,342,25.439959877548997,2.313685581288212,26.393331442040772,4,9.703438234550747,0,False
120330029001,ESCAMBIA,1107,16.847118019677435,1.9001371974054329,19.021209284958697,7,11.344370170822266,0,False
120050016002,BAY,1010,20.390054184681027,1.4864323096424978,28.063652545335344,5,8.734116774709161,0,False
120330008021,ESCAMBIA,674,18.472465635441274,3.179879455277046,32.737322673075134,5,11.922502039919106,0,False
120050020002,BAY,878,23.176424395776984,1.120327497292528,43.110469478447435,5,8.613503081178338,3,True
120330012011,ESCAMBIA,745,14.435944346547355,3.4233253453171058,29.1662371892747,5,16.63292563794178,0,False
120330022001,ESCAMBIA,969,9.710261966684092,2.9258599288206173,101.34292390650104,4,8.469252065930753,0,False
120330009001,ESCAMBIA,717,18.714898931039,2.843961713615485,46.79847866382442,5,11.405091576352886,0,False
120050016004,BAY,431,24.54232179026132,1.6378242963589844,20.196563612764283,5,8.631466973698029,1,True
120330008012,ESCAMBIA,630,25.016495251556496,1.239349696733571,35.504954813672555,4,11.10567178417403,1,True
120330021003,ESCAMBIA,1000,14.518312941471333,1.9771584988219588,19.8380876384182,6,11.104160807001822,0,False
120330022003,ESCAMBIA,618,23.70522675297033,1.47394618417171,72.30341100911616,6,7.897773519840018,1,True
120330010015,ESCAMBIA,783,16.441899806716332,2.199850492721529,28.19545370809185,3,14.171205927260136,0,False
120330004001,ESCAMBIA,782,18.2921698537724,1.5146102990147592,27.3895149626053,8,11.061210336157949,0,False
120050019004,BAY,847,15.423255659445022,1.5931075295816952,25.49062694189616,7,7.750312265176852,0,False
120330005001,ESCAMBIA,844,4.493910750932487,2.1057774559088727,21.003353442698035,6,11.6129126765847,0,False
120330005002,ESCAMBIA,636,18.93603579255057,1.5181100093020343,21.995182198067024,4,12.048735878275687,0,False
120330028031,ESCAMBIA,741,14.189059761954876,1.8210211220655343,18.278025533610577,3,9.281248359827563,0,False
120050019002,BAY,1005,9.49281097558805,0.3064297746809384,28.98033917776386,4,7.3995896235314165,0,False
120330029003,ESCAMBIA,856,13.333671119668365,0.6541534080099518,14.359086930100904,4,11.07200480805395,0,False
120330001002,ESCAMBIA,550,12.832028743744386,1.9509970385731608,23.21051262996607,5,10.872942567093048,0,False
120050014041,BAY,639,10.463124027256438,0.4456351978860079,26.17067315580644,5,13.771951550344433,0,False
