GEOID,flash_per_km2_4yr
120050002011,78.22442786368035
120050002012,89.38284668562238
120050002013,77.91926414524825
120050002031,84.85441474562502
120050002041,82.93034318743665
120050002042,68.96217449783173
120050003011,56.58242656385949
120050003012,57.89903328607622
120050003021,63.158470002473656
120050003022,72.29367285451886
120050003023,68.9532503051846
120050004011,64.84526753408748
120050004012,71.3597807230239
120050004021,66.71686159944034
120050004022,75.34505634369353
120050004023,60.54945754138035
120050005001,63.492679947534185
120050005002,67.23590422018277
120050005003,57.36623369785558
120050006001,58.40482957932062
120050007001,67.60691059801145
120050008031,40.72597331791877
120050008032,59.79301965605056
120050008033,44.9189437659743
120050008041,50.59082298037543
120050008051,44.50822543797683
120050008052,41.94232374622772
120050008061,83.74120826351265
120050008062,105.94509749369035
120050009001,41.60180070109982
120050009002,38.8633443365177
120050009003,53.5952680250631
120050009004,300.42604821432093
120050010001,51.76317079697703
120050010002,61.42571195577349
120050011001,60.71823875339655
120050011002,66.7470772632756
120050011003,47.50356481492857
120050012001,74.43631177828861
120050012002,99.93246175235932
120050013011,39.85416034258636
120050013012,66.31196077262838
120050013021,73.99209431755055
120050013022,73.84253990537731
120050013023,49.300262228502234
120050013024,38.99995056983009
120050013025,53.85213417524698
120050014021,177.78879503898145
120050014022,70.58780180684073
120050014023,42.48526123012006
120050014024,65.03028553297679
120050014031,118.34841308701392
120050014032,47.82021784158665
120050014041,31.389372081769313
120050014042,85.52019793659294
120050014043,41.168984361155815
120050014044,37.49283764541719
120050015011,54.467225290173765
120050015012,35.8431860609832
120050015021,80.42054584105148
120050015022,51.223501095442344
120050015023,62.70303995738266
120050015024,46.66332411649946
120050016001,66.09222091081342
120050016002,28.69711329695848
120050016003,35.131373164234326
120050016004,44.75364561753535
120050017001,47.76518634393322
120050017002,41.753679465104206
120050018001,41.097099762448615
120050019001,111.9118370328049
120050019002,34.41143978650668
120050019003,68.0995260953979
120050019004,41.52414985235198
120050020001,76.51456856047481
120050020002,45.89840909751913
120050022001,60.56589430067973
120050022002,134.99391149909363
120050022003,49.83925374805847
120050023001,59.647059826001005
120050023002,161.277316345456
120050024001,46.49446867435173
120050024002,57.871946403769165
120050024003,214.8572669250985
120050025001,96.27655406957675
120050025002,212.80522673842205
120050026041,67.44483526884768
120050026042,75.57859191036984
120050026043,50.84828631496602
120050026044,55.36310286464512
120050026045,80.58192547411616
120050026051,130.4378824017422
120050026061,127.46182173947491
120050026062,52.91861739217054
120050026071,179.32572536512848
120050026081,184.65562358583514
120050026082,58.83167775643792
120050026091,92.05342581800042
120050026092,63.412047903115216
120050026093,69.18878287534915
120050027031,31.632769029543862
120050027032,59.823843299451674
120050027061,89.51304024206443
120050027062,45.08140345869992
120050027071,116.85279340469087
120050027081,160.96606750577996
120050027091,49.86147182393264
120050027092,58.17906628372109
120050027101,61.69058168807078
120050027102,43.27277442111045
120050027103,35.61663039679366
120050027111,32.14186366707107
120050027112,116.07754787694165
120050027121,62.13782321674931
120050027131,170.1393104218303
120050027132,67.2616948724168
120330001001,165.54608729727153
120330001002,91.96287266350143
120330003001,145.5103979305188
120330003002,120.35773424624027
120330004001,68.2907674540836
120330004002,77.35691219990464
120330004003,92.41709872965649
120330005001,59.918810012433156
120330005002,91.23726336410726
120330006001,96.34495068032447
120330006002,88.63099730644859
120330008011,329.5722580870264
120330008012,79.74007861433633
120330008021,124.6891430392286
120330008022,86.19377165417124
120330008023,68.46015365501154
120330009001,79.96365906898481
120330009002,100.17219600493249
120330009003,56.561632175567304
120330010011,448.19169667125254
120330010012,79.15115173623705
120330010013,70.16085438911954
120330010014,62.29316107828673
120330010015,60.286965957959886
120330010021,488.93147588511334
120330010022,1190.9487892020643
120330010023,50.95166385488966
120330011011,384.33366951528694
120330011012,51.51284564848717
120330011013,59.47881211218855
120330011014,51.947738159237936
120330011031,571.2735387625336
120330011041,85.34537989216085
120330011042,44.63765572110998
120330011043,56.041907548549986
120330011044,81.53314282288522
120330012011,68.33013657365748
120330012012,86.41582509437
120330012013,56.74852030521551
120330012014,96.70012142399031
120330012021,102.82331848200884
120330012022,67.7512512809221
120330013001,55.65598965737368
120330013002,97.60802437222738
120330013003,91.63484621457458
120330014011,72.49350904272879
120330014012,110.29031540358814
120330014013,132.1587435181353
120330014021,80.25351880813236
120330014022,84.55522183554048
120330014023,122.01647663457977
120330014024,99.04251837053343
120330015001,91.42046474639633
120330015002,107.97485447934385
120330016001,106.77133427424671
120330017001,126.72336577259492
120330017002,136.0543409355429
120330018001,104.30393943642227
120330018002,79.88064701710333
120330019001,98.5745315692143
120330020001,100.85950948376035
120330020002,60.778596759812736
120330021001,68.9186661284447
120330021002,73.2948637097279
120330021003,44.31906055817564
120330022001,45.31455584452576
120330022002,94.27423303090588
120330022003,54.896314585826026
120330022004,65.25981564102081
120330023001,800.2541619601429
120330023002,115.12295598413793
120330023003,94.01799649095908
120330024001,66.85786776086415
120330025001,284.2740311507895
120330025002,215.36857008715873
120330026011,97.59925271793405
120330026021,145.1360492705336
120330026022,78.00194330767401
120330026041,131.75253066469708
120330026042,239.191999172525
120330026051,55.29752714267099
120330026052,66.45992036330102
120330026061,64.44981903169234
120330026062,115.22444798913547
120330026071,60.41479151427423
120330026072,42.012733089874935
120330027011,70.05736899457827
120330027031,70.94175430405133
120330027032,79.50823562918309
120330027041,64.29364661873868
120330027042,75.52894947294287
120330028011,88.64516191706699
120330028012,60.665431201972105
120330028021,64.2902822794552
120330028022,87.14670878500522
120330028023,76.89562503327214
120330028031,33.107806111228044
120330028032,54.75238438461997
120330028041,63.70892982685356
120330029001,58.028962067777826
120330029002,54.75133344962686
120330029003,53.33468447867346
120330029004,62.848769321861774
120330030011,83.6166719101288
120330030012,83.80910815249146
120330030021,85.58278355965842
120330030022,44.80962766857336
120330031001,86.56767292568976
120330031002,76.45935196744414
120330031003,67.03538639874606
120330032011,72.75831312449533
120330032012,65.03254540577959
120330032013,79.85466451059072
120330032031,78.87708248278763
120330032032,77.70605823682375
120330032033,76.19753021682703
120330032034,65.07703219485087
120330032041,66.93911263696991
120330032042,51.44461809466874
120330033011,84.0986449257746
120330033012,107.11891581835397
120330033013,82.00794175802028
120330033051,98.62129215874582
120330033071,103.84189583937312
120330033081,83.26372810717167
120330033082,87.48621202311585
120330033083,99.02992938079122
120330033101,52.41988612133929
120330033102,61.81913364788056
120330033111,50.67364928870742
120330033112,56.59966210001727
120330033113,52.22386630690226
120330033121,71.0248534158552
120330033122,85.76296396803474
120330033131,105.09481597231964
120330033132,186.50765067245655
120330033133,201.56073197810903
120330034001,86.2191849791851
120330034002,100.47454495815052
120330034003,64.46987205660847
120330034004,70.03262226116307
120330035051,49.39816568144769
120330035052,50.98860664787372
120330035061,66.98111959354864
120330035062,73.32681539418718
120330035071,76.21748356484898
120330035072,88.21690191173843
120330035073,90.44828955326895
120330035091,68.48061585326256
120330035092,89.84420198610137
120330035101,66.75079609107338
120330035102,61.74519757158746
120330035111,78.63000923445458
120330035112,62.26241659925533
120330035121,552.9791240178116
120330035122,64.37758874286936
120330035123,98.06181107422559
120330036031,92.48305823157415
120330036032,97.57505552454894
120330036033,134.0979918493795
120330036034,89.42294332979925
120330036071,69.54607783868431
120330036081,73.50554553916318
120330036082,73.65718628725398
120330036083,93.6459198257454
120330036084,80.94566292490482
120330036091,89.89181848517815
120330036092,74.04259702799453
120330036101,98.73442933525713
120330036102,86.16266224622203
120330036103,76.64705570073471
120330036111,73.48022537907687
120330036112,79.80794209726625
120330036113,73.81483402922233
120330036121,115.74028095684787
120330036122,96.62154303230457
120330036123,86.00068369465835
120330036131,87.73400222346953
120330036132,84.31083188771417
120330036133,152.37785217383984
120330036141,101.37145772156204
120330036142,90.87640671214876
120330036143,95.20506922057405
120330036144,98.8705802905615
120330037001,78.80628474239754
120330037002,93.75452175890709
120330037003,100.79654629192329
120330038001,74.49270545014751
120330038002,83.26737897375017
120330038003,106.30676248142225
120330039001,68.2437480754014
120330039002,67.40350450131443
120330039003,60.90404744926268
120330039004,86.26203101959601
120330040001,84.02035767919733
120330040002,85.31428387713039
120330040003,93.76384123957449
120330040004,62.164167796629926
120910201011,88.58760412307268
120910201012,110.91070277044003
120910201021,63.30480667869673
120910201022,79.58477515153763
120910201023,92.86635271769524
120910202001,70.09428967408549
120910203031,55.91655720323542
120910203032,74.05911788574471
120910203041,57.882618994346274
120910203042,89.67772054106979
120910203051,70.61017995231234
120910203052,77.90702639893404
120910203061,90.2085562115914
120910203062,66.23878960855693
120910204001,74.22093140462626
120910204002,107.19946867178905
120910204003,66.5348477841925
120910204004,52.06993803265211
120910205001,88.8939840573432
120910205002,117.15699708552616
120910205003,101.03464012369365
120910205004,112.47061362320882
120910205005,84.30430848472194
120910205006,71.05153834351776
120910206011,94.3689331664697
120910206012,111.0340707264094
120910206013,94.82930401942298
120910206021,91.27846015578191
120910206022,82.91612602207175
120910207011,115.49464707418343
120910207012,70.66799351775053
120910207021,89.55533323478157
120910207022,134.79762197438706
120910207023,110.31744508659497
120910208001,85.69896367100665
120910208002,79.31597899712875
120910208003,73.906639012068
120910208004,66.3004519290288
120910209001,78.16967565633446
120910209002,72.02281904516025
120910209003,96.21733172749924
120910209004,78.47964167975559
120910210011,125.18612901272756
120910210012,47.911102546262164
120910210013,48.61125467883326
120910210021,62.71438614262924
120910210022,35.4072273738333
120910210023,83.34672510016588
120910211011,67.18950916905112
120910211012,117.21955222131052
120910211013,147.8175724023651
120910211021,125.33592086301725
120910211022,124.96914581648319
120910211023,121.05230771093112
120910211024,149.93671573498062
120910212001,71.22496608510683
120910212002,70.49499746538967
120910212003,164.91834158878325
120910212004,149.15141184317795
120910212005,123.6638207351509
120910214001,63.803209588351805
120910215011,145.81467545889748
120910215012,103.46653631512486
120910215013,57.20643237016112
120910215021,75.89784068591956
120910215022,41.42552297196806
120910216001,72.64973007043953
120910216002,68.43920466912449
120910217001,99.2137041381927
120910217002,64.02280037794105
120910218011,53.39183784413466
120910218012,59.26699782520254
120910218021,87.0406275451612
120910218022,99.96469996532475
120910218023,72.84580148901756
120910218024,86.52038603823152
120910219011,57.3863191015262
120910219021,51.83537442567746
120910219022,43.875685557586834
120910219023,39.302788684021706
120910219024,55.860056425387114
120910220011,90.88211787410688
120910220012,50.78849132786511
120910220013,66.4861467047048
120910220021,90.64570882522469
120910220022,70.27179568977346
120910221001,75.00994107652822
120910221002,55.23248094744948
120910223001,126.62327384474527
120910223002,93.42091638040097
120910224001,132.88219827020598
120910224002,64.82886106804622
120910224003,68.65898167889279
120910224004,58.14033023707575
120910225001,107.78976494724225
120910225002,52.86992971455762
120910225003,66.43906065196775
120910226001,75.36362951239732
120910226002,49.628284151703745
120910226003,36.01455484768327
120910227001,209.81852795517156
120910227002,73.28579934958853
120910227003,60.199259549107545
120910228001,28.924632468528742
120910228002,96.41545419211381
120910229001,55.33249642932484
120910229002,86.02032392796268
120910229003,79.946042387511
120910231001,85.85832839200766
120910231002,73.36498206127047
120910231003,53.09418425612635
120910231004,269.64839042436824
120910232001,79.19353302497267
120910232002,171.11343693186907
120910233031,113.07920205776455
120910233032,103.72921949410951
120910233041,34.90429060611224
120910233042,29.35725949982569
120910233051,45.80751041960322
120910233052,22.26706424097516
120910233061,41.57935723511134
120910233062,62.120652924603796
120910233071,34.199024643817154
120910233072,18.42359927314053
120910233081,36.896241327187084
120910233082,47.134802016243924
121130101001,77.26051121863722
121130101002,70.44239348543515
121130101003,94.34598998140054
121130101004,72.9514977893464
121130102001,101.08002358950934
121130102002,88.4969614248761
121130102003,85.37301487364998
121130102004,82.25183498395528
121130103011,68.86211886124718
121130103012,46.183693411601915
121130103021,75.45399819796056
121130103031,77.02166678886515
121130103032,65.73561920247772
121130104001,78.99835422246741
121130104002,76.65111247131159
121130105031,78.01883323474397
121130105032,92.00571821178266
121130105033,74.49855288766979
121130105041,72.93856527797091
121130105042,73.60585408311015
121130105043,72.76517929955097
121130105051,85.1961338679801
121130105061,90.05158440005255
121130105062,73.56002869515982
121130106011,60.85605168905229
121130106012,46.29253126309797
121130106013,62.010241480935115
121130106014,52.79090039387162
121130106021,65.31225518479476
121130107041,47.57828164724426
121130107042,71.95497890582988
121130107043,48.17321606243249
121130107044,57.34617472471241
121130107051,59.285761235618374
121130107052,59.325086056409276
121130107053,196.76882315733576
121130107071,80.29524409754205
121130107072,82.88885334707136
121130107081,88.68864561352068
121130107082,56.872056034746436
121130107083,66.06314018328702
121130107084,55.79283825509366
121130107091,108.19381325981344
121130107092,81.34788662975706
121130107093,59.01016023206951
121130107101,207.15276689403993
121130107111,83.73875601591934
121130107112,72.1714134640446
121130107113,137.82613240961078
121130107121,63.93502327100952
121130107122,73.98370213183485
121130108021,86.71291811515223
121130108022,113.14985936515707
121130108081,83.06358992024062
121130108082,104.19759953055379
121130108083,84.30998168126803
121130108084,53.91516872934082
121130108085,65.88785523018522
121130108091,123.76084689680609
121130108092,114.33388840932015
121130108093,92.3781954035581
121130108094,101.33871298706013
121130108121,117.45169798920193
121130108122,188.75221961926187
121130108131,215.17256449463156
121130108132,211.2471654809537
121130108133,50.80715635733012
121130108141,426.314844731646
121130108142,346.40205241803324
121130108143,74.9844072159829
121130108144,90.43468316162138
121130108201,173.46631505878076
121130108202,50.5649378124396
121130108211,77.44769024585065
121130108212,35.491902104982955
121130108221,59.76335799860454
121130108222,42.792604622823944
121130108231,607.3699430032434
121130108232,58.61480446232214
121130108241,155.45956595884323
121130108242,90.7071494901224
121130108251,110.16478203285848
121130108252,281.3491726029487
121130108261,57.643187813461516
121130108262,67.44611034439777
121130108271,145.1807279423478
121130108272,66.63003336855867
121130108273,49.21319275871647
121130108281,49.30440130732907
121130108282,71.87690037436529
121130109001,389.5314141632667
121130109002,116.28354053372269
121130109003,931.2960989148754
121130109004,91.5194597196033
121130109005,65.54862560919253
121130109006,84.84958266399089
121319501021,56.958199548269214
121319501022,60.92506587033606
121319501023,76.18709992867235
121319501024,68.84451419157084
121319501031,121.77492056155697
121319501032,84.03994395822836
121319501033,67.59584849548068
121319501041,78.2209010740406
121319501042,70.61061582346203
121319501043,77.97310052192981
121319501044,99.89894280857915
121319502011,72.63002560567652
121319502012,75.52855337427067
121319502021,68.5262730885005
121319502022,97.24610472146999
121319503031,87.31667793656835
121319503032,88.96378605157372
121319503041,108.99510925852725
121319503042,79.97191136710663
121319503043,124.90936454645716
121319503051,81.94469103726469
121319503052,86.28368246365754
121319503053,91.62864825950442
121319503061,72.82367235423015
121319503062,85.44810475979143
121319504001,74.5852793902443
121319504002,84.04502039468105
121319504003,90.72910231417657
121319505011,91.46701351342136
121319505012,80.04529186341118
121319505013,83.51528528102766
121319505021,201.58831381934877
121319505022,130.39386745611662
121319505023,353.16873540012944
121319506041,86.17328868341716
121319506042,36.9234768327337
121319506043,78.14895384762248
121319506044,47.73564996568031
121319506051,71.61926724019297
121319506052,206.0398292532807
121319506053,89.34328505164099
121319506061,70.39534231288039
121319506062,78.88363471254752
121319506071,401.118615020537
121319506072,33.665244590626415
121319506073,37.39421110901882
121319506081,635.6661391116685
121319506082,26.260073199954046
121319506091,131.688970736058
121319506092,69.69126768415917
121319506101,78.66708308720932
121319506102,58.13374683518088
121319506111,90.94987969618786
