GEOID,COUNTY_NAME,NAMELSAD,P1_001N,drive_seconds_to_shelter,drive_min_to_shelter,within_5min,within_10min,within_15min
121319503053,WALTON,Block Group 3,1135,1694.1065261017181,28.235108768361968,False,False,False
121319504003,WALTON,Block Group 3,870,1585.5172992079445,26.425288320132406,False,False,False
120910210011,OKALOOSA,Block Group 1,2229,1513.5134687548634,25.225224479247725,False,False,False
120910210021,OKALOOSA,Block Group 1,1828,1501.6402724654454,25.027337874424088,False,False,False
120910210013,OKALOOSA,Block Group 3,1870,1457.0340750494258,24.283901250823764,False,False,False
120910233041,OKALOOSA,Block Group 1,3220,1450.9863442903634,24.183105738172724,False,False,False
120910210012,OKALOOSA,Block Group 2,2000,1449.813647363768,24.163560789396133,False,False,False
121319505023,WALTON,Block Group 3,1059,1377.804885191459,22.963414753190985,False,False,False
121319501021,WALTON,Block Group 1,658,1370.9949919070382,22.84991653178397,False,False,False
121319504001,WALTON,Block Group 1,1146,1368.7870007651227,22.813116679418712,False,False,False
120050002013,BAY,Block Group 3,2218,1360.7094200673662,22.678490334456104,False,False,False
120910210022,OKALOOSA,Block Group 2,1549,1350.4610165411027,22.50768360901838,False,False,False
120050006001,BAY,Block Group 1,919,1346.1791540209229,22.43631923368205,False,False,False
120910210023,OKALOOSA,Block Group 3,2389,1310.46018931921,21.841003155320166,False,False,False
120910208002,OKALOOSA,Block Group 2,1715,1292.032049995153,21.533867499919218,False,False,False
120910233051,OKALOOSA,Block Group 1,2434,1287.1730269547788,21.452883782579647,False,False,False
120910211024,OKALOOSA,Block Group 4,3291,1275.348260980844,21.255804349680734,False,False,False
120910212002,OKALOOSA,Block Group 2,745,1261.4870169961061,21.02478361660177,False,False,False
121130108083,SANTA ROSA,Block Group 3,769,1259.6428596830276,20.994047661383792,False,False,False
120910233032,OKALOOSA,Block Group 2,792,1248.0243583749543,20.800405972915904,False,False,False
120910233082,OKALOOSA,Block Group 2,2190,1229.5462639850189,20.492437733083648,False,False,False
120910209002,OKALOOSA,Block Group 2,2209,1225.6652340920502,20.42775390153417,False,False,False
120910233081,OKALOOSA,Block Group 1,1136,1212.7296056927926,20.212160094879877,False,False,False
120910209004,OKALOOSA,Block Group 4,2642,1204.982834977328,20.083047249622133,False,False,False
121319505013,WALTON,Block Group 3,1028,1200.3995496638051,20.006659161063418,False,False,False
120050027062,BAY,Block Group 2,1626,1189.667494606599,19.827791576776647,False,False,False
120910233042,OKALOOSA,Block Group 2,739,1187.2399551627905,19.787332586046507,False,False,False
120330025002,ESCAMBIA,Block Group 2,2011,1176.7654340323766,19.612757233872944,False,False,False
120050027071,BAY,Block Group 1,2602,1166.9811638533586,19.449686064222643,False,False,False
121130101001,SANTA ROSA,Block Group 1,614,1166.7955318054792,19.446592196757987,False,False,False
121319505012,WALTON,Block Group 2,1718,1164.321088521633,19.40535147536055,False,False,False
120910233031,OKALOOSA,Block Group 1,725,1158.7135880204778,19.31189313367463,False,False,False
121130101002,SANTA ROSA,Block Group 2,1090,1150.1515321995942,19.16919220332657,False,False,False
120910211023,OKALOOSA,Block Group 3,1260,1146.9628998966566,19.116048331610944,False,False,False
120050005001,BAY,Block Group 1,1224,1146.1653574036009,19.102755956726682,False,False,False
120910233052,OKALOOSA,Block Group 2,2314,1140.26483630752,19.004413938458665,False,False,False
120910211021,OKALOOSA,Block Group 1,1992,1130.7365988291604,18.845609980486007,False,False,False
120910211022,OKALOOSA,Block Group 2,1967,1124.399926144905,18.73999876908175,False,False,False
120910209003,OKALOOSA,Block Group 3,1060,1123.954663223164,18.732577720386068,False,False,False
120050003012,BAY,Block Group 2,1518,1120.188644228252,18.669810737137535,False,False,False
120050002042,BAY,Block Group 2,1119,1107.4723514944376,18.457872524907295,False,False,False
120050027092,BAY,Block Group 2,1920,1099.8524674367934,18.33087445727989,False,False,False
120910233071,OKALOOSA,Block Group 1,1263,1098.6560793828578,18.31093465638096,False,False,False
120050027081,BAY,Block Group 1,869,1095.264757578194,18.254412626303232,False,False,False
120050027061,BAY,Block Group 1,1102,1094.7774975100208,18.246291625167014,False,False,False
121319506071,WALTON,Block Group 1,2162,1064.612461443242,17.743541024054032,False,False,False
120910233061,OKALOOSA,Block Group 1,1282,1064.077131714342,17.734618861905698,False,False,False
120050005002,BAY,Block Group 2,1364,1057.5090811542611,17.62515135257102,False,False,False
120050027091,BAY,Block Group 1,802,1057.2666339630948,17.62111056605158,False,False,False
120910209001,OKALOOSA,Block Group 1,1324,1054.2956674915526,17.571594458192543,False,False,False
121319503061,WALTON,Block Group 1,1656,1052.4331561859356,17.540552603098927,False,False,False
120910211013,OKALOOSA,Block Group 3,1052,1043.128264246795,17.385471070779918,False,False,False
121319501024,WALTON,Block Group 4,725,1042.9756814050324,17.382928023417207,False,False,False
121319506082,WALTON,Block Group 2,893,1036.7554342099284,17.27925723683214,False,False,False
121319506073,WALTON,Block Group 3,1920,1028.1776346186637,17.13629391031106,False,False,False
120910208001,OKALOOSA,Block Group 1,474,1024.1030166404632,17.06838361067439,False,False,False
121130108021,SANTA ROSA,Block Group 1,3620,1020.4671605208405,17.007786008680675,False,False,False
121130104002,SANTA ROSA,Block Group 2,1011,1008.5846750817188,16.809744584695313,False,False,False
121130108133,SANTA ROSA,Block Group 3,1716,1003.2397772495694,16.72066295415949,False,False,False
121130108131,SANTA ROSA,Block Group 1,1822,1001.9015498963814,16.698359164939692,False,False,False
120910201021,OKALOOSA,Block Group 1,988,1001.1771208140544,16.686285346900906,False,False,False
121130108082,SANTA ROSA,Block Group 2,1996,1000.6341326423412,16.67723554403902,False,False,False
120910233072,OKALOOSA,Block Group 2,651,997.1665802199781,16.6194430036663,False,False,False
121130108143,SANTA ROSA,Block Group 3,1557,994.9851102085038,16.58308517014173,False,False,False
120910211011,OKALOOSA,Block Group 1,1746,990.6711272474602,16.511185454124337,False,False,False
121319505022,WALTON,Block Group 2,4841,989.887529431997,16.498125490533283,False,False,False
120050027032,BAY,Block Group 2,1175,984.475251837393,16.40792086395655,False,False,False
120330039001,ESCAMBIA,Block Group 1,1405,972.3935672255556,16.206559453759258,False,False,False
120910233062,OKALOOSA,Block Group 2,1671,970.2909637304242,16.171516062173737,False,False,False
121130108132,SANTA ROSA,Block Group 2,1569,969.6975061256362,16.161625102093936,False,False,False
121130108081,SANTA ROSA,Block Group 1,2807,967.738728198939,16.12897880331565,False,False,False
120050002041,BAY,Block Group 1,2547,967.17845326222,16.119640887703667,False,False,False
120910211012,OKALOOSA,Block Group 2,660,965.5407056748372,16.09234509458062,False,False,False
121319501041,WALTON,Block Group 1,846,961.461445190792,16.024357419846535,False,False,False
121319506081,WALTON,Block Group 1,1808,945.1194434096227,15.751990723493712,False,False,False
120910212005,OKALOOSA,Block Group 5,1463,937.0817539793123,15.618029232988539,False,False,False
120910212001,OKALOOSA,Block Group 1,2043,925.8086098105554,15.43014349684259,False,False,False
121319506111,WALTON,Block Group 1,1292,917.9094656602409,15.298491094337349,False,False,False
120050002011,BAY,Block Group 1,1306,917.4176197353324,15.290293662255541,False,False,False
121319501033,WALTON,Block Group 3,680,916.5402895845409,15.275671493075683,False,False,False
121130108141,SANTA ROSA,Block Group 1,952,913.903328397184,15.231722139953067,False,False,False
121319501022,WALTON,Block Group 2,1003,910.2505643019437,15.170842738365728,False,False,False
121130108094,SANTA ROSA,Block Group 4,1056,904.8656591864357,15.081094319773928,False,False,False
121130108121,SANTA ROSA,Block Group 1,2582,893.6924115845104,14.894873526408507,False,False,True
121130104001,SANTA ROSA,Block Group 1,1812,890.280676038984,14.8380112673164,False,False,True
121130108093,SANTA ROSA,Block Group 3,1050,885.5151906770892,14.75858651128482,False,False,True
121130108122,SANTA ROSA,Block Group 2,2494,877.2476873565961,14.620794789276601,False,False,True
121130108142,SANTA ROSA,Block Group 2,1808,857.9365936695995,14.298943227826658,False,False,True
121130101004,SANTA ROSA,Block Group 4,1563,852.2550293415254,14.204250489025423,False,False,True
120910231002,OKALOOSA,Block Group 2,3185,847.6874327248302,14.12812387874717,False,False,True
121319501043,WALTON,Block Group 3,1715,833.1803040423692,13.886338400706155,False,False,True
120910212004,OKALOOSA,Block Group 4,1040,832.9787452594732,13.882979087657885,False,False,True
120330038001,ESCAMBIA,Block Group 1,1596,828.60190167023,13.810031694503833,False,False,True
120910203062,OKALOOSA,Block Group 2,1285,822.5934978709029,13.709891631181714,False,False,True
121319506092,WALTON,Block Group 2,1107,818.6195592591125,13.64365932098521,False,False,True
121319506091,WALTON,Block Group 1,1576,817.9578385816707,13.632630643027845,False,False,True
121130102004,SANTA ROSA,Block Group 4,1172,815.885984303362,13.598099738389367,False,False,True
120050027031,BAY,Block Group 1,2468,812.0305927523578,13.533843212539297,False,False,True
121130108232,SANTA ROSA,Block Group 2,3542,809.3920546661819,13.489867577769699,False,False,True
120910208003,OKALOOSA,Block Group 3,1485,806.9127081781801,13.448545136303002,False,False,True
120910212003,OKALOOSA,Block Group 3,867,800.6907730350647,13.344846217251078,False,False,True
121319506101,WALTON,Block Group 1,2133,799.6590237594796,13.327650395991327,False,False,True
120050027112,BAY,Block Group 2,2057,792.3765628435186,13.206276047391977,False,False,True
120910203052,OKALOOSA,Block Group 2,2382,791.0031899190045,13.183386498650075,False,False,True
121130105061,SANTA ROSA,Block Group 1,2178,789.606080312622,13.1601013385437,False,False,True
121130101003,SANTA ROSA,Block Group 3,585,787.1312491824574,13.118854153040957,False,False,True
121130108144,SANTA ROSA,Block Group 4,2225,781.4880786852577,13.024801311420962,False,False,True
121319501042,WALTON,Block Group 2,461,776.6699760035102,12.944499600058503,False,False,True
120910231003,OKALOOSA,Block Group 3,1293,766.5394631978626,12.775657719964377,False,False,True
121319501023,WALTON,Block Group 3,719,757.0826553685072,12.618044256141786,False,False,True
120050003011,BAY,Block Group 1,1096,741.0312474786487,12.35052079131081,False,False,True
121319504002,WALTON,Block Group 2,854,735.4492420716538,12.257487367860897,False,False,True
121130108084,SANTA ROSA,Block Group 4,853,729.8468459816361,12.164114099693935,False,False,True
120910231004,OKALOOSA,Block Group 4,1560,727.1968984710717,12.119948307851194,False,False,True
121319501032,WALTON,Block Group 2,1157,726.355668017147,12.105927800285782,False,False,True
120910231001,OKALOOSA,Block Group 1,2316,726.2843646782339,12.1047394113039,False,False,True
120050026071,BAY,Block Group 1,1284,726.1103168584156,12.101838614306926,False,False,True
121130108252,SANTA ROSA,Block Group 2,1123,723.9207920544229,12.065346534240382,False,False,True
120050026082,BAY,Block Group 2,1117,711.0511368821892,11.85085228136982,False,False,True
120330040003,ESCAMBIA,Block Group 3,546,706.0990258977009,11.768317098295016,False,False,True
121130107092,SANTA ROSA,Block Group 2,2887,705.7141018757844,11.76190169792974,False,False,True
120050026081,BAY,Block Group 1,2309,697.4180450779116,11.623634084631862,False,False,True
120050027111,BAY,Block Group 1,1429,696.4954997375189,11.608258328958648,False,False,True
120050026061,BAY,Block Group 1,865,687.5055991694609,11.458426652824349,False,False,True
120050007001,BAY,Block Group 1,141,686.9272674680233,11.448787791133721,False,False,True
121319506042,WALTON,Block Group 2,1240,677.7585473737934,11.295975789563222,False,False,True
120910232001,OKALOOSA,Block Group 1,877,674.9307311251322,11.248845518752203,False,False,True
121319505011,WALTON,Block Group 1,1823,671.0733300103857,11.184555500173095,False,False,True
120330039003,ESCAMBIA,Block Group 3,776,663.3409186916494,11.055681978194157,False,False,True
120050026062,BAY,Block Group 2,962,663.0315390281849,11.050525650469748,False,False,True
120330025001,ESCAMBIA,Block Group 1,928,657.4330080785229,10.957216801308714,False,False,True
120050026045,BAY,Block Group 5,1203,656.3704286038187,10.939507143396979,False,False,True
120330040002,ESCAMBIA,Block Group 2,498,653.0173782062657,10.883622970104428,False,False,True
121130109003,SANTA ROSA,Block Group 3,1283,652.2662132676382,10.871103554460637,False,False,True
121130108085,SANTA ROSA,Block Group 5,4221,650.7932283649219,10.846553806082031,False,False,True
121319506072,WALTON,Block Group 2,698,650.3893019858609,10.839821699764348,False,False,True
120910201011,OKALOOSA,Block Group 1,1933,645.1947152694153,10.753245254490254,False,False,True
120050027103,BAY,Block Group 3,1812,643.9579294810387,10.732632158017312,False,False,True
120910203061,OKALOOSA,Block Group 1,1452,641.065468109005,10.684424468483417,False,False,True
120050027101,BAY,Block Group 1,1261,640.7802362745152,10.679670604575254,False,False,True
121130108281,SANTA ROSA,Block Group 1,3000,639.4677377055174,10.657795628425289,False,False,True
121319506044,WALTON,Block Group 4,1751,634.7959995735068,10.579933326225113,False,False,True
121130108022,SANTA ROSA,Block Group 2,2114,628.7506397024997,10.479177328374995,False,False,True
120330036121,ESCAMBIA,Block Group 1,1712,622.6816953833976,10.37802825638996,False,False,True
121130109004,SANTA ROSA,Block Group 4,811,620.879218167356,10.347986969455935,False,False,True
120910232002,OKALOOSA,Block Group 2,1100,620.6612088897958,10.344353481496597,False,False,True
120050002031,BAY,Block Group 1,2765,616.6645860522711,10.277743100871186,False,False,True
121130108271,SANTA ROSA,Block Group 1,2616,615.674879300406,10.2612479883401,False,False,True
120050003022,BAY,Block Group 2,1274,609.6744399529939,10.161240665883232,False,False,True
120050026042,BAY,Block Group 2,2865,608.0759798345463,10.134599663909105,False,False,True
120330036131,ESCAMBIA,Block Group 1,1540,606.2317423234272,10.103862372057119,False,False,True
121130108261,SANTA ROSA,Block Group 1,1263,604.0530344724782,10.067550574541304,False,False,True
120050026051,BAY,Block Group 1,1337,599.1216739198833,9.985361231998054,False,True,True
121130108282,SANTA ROSA,Block Group 2,2493,589.4706488076376,9.824510813460627,False,True,True
120910203051,OKALOOSA,Block Group 1,1672,588.4035846460836,9.806726410768059,False,True,True
120330039004,ESCAMBIA,Block Group 4,1535,588.3436367822572,9.805727279704287,False,True,True
121130108231,SANTA ROSA,Block Group 1,1382,588.1363851836338,9.802273086393898,False,True,True
120330024001,ESCAMBIA,Block Group 1,5532,587.6289595812393,9.793815993020655,False,True,True
121130108272,SANTA ROSA,Block Group 2,3673,586.9504508320206,9.78250751386701,False,True,True
120330026042,ESCAMBIA,Block Group 2,1882,586.0831394423856,9.76805232403976,False,True,True
121130107101,SANTA ROSA,Block Group 1,2480,585.6431912086645,9.760719853477742,False,True,True
120910203042,OKALOOSA,Block Group 2,2716,583.4446147873916,9.724076913123193,False,True,True
121319503052,WALTON,Block Group 2,878,580.4901210270643,9.674835350451072,False,True,True
121130102003,SANTA ROSA,Block Group 3,1372,579.3908730400678,9.656514550667797,False,True,True
121319506102,WALTON,Block Group 2,2399,578.4362713315852,9.640604522193087,False,True,True
121130108241,SANTA ROSA,Block Group 1,2741,578.155143105883,9.635919051764716,False,True,True
121130108201,SANTA ROSA,Block Group 1,3931,576.5349371261917,9.608915618769862,False,True,True
121130103031,SANTA ROSA,Block Group 1,1260,573.6341655549253,9.560569425915421,False,True,True
120050027121,BAY,Block Group 1,2621,573.0189114145778,9.550315190242964,False,True,True
121130109005,SANTA ROSA,Block Group 5,903,571.9905993026903,9.533176655044837,False,True,True
120910207023,OKALOOSA,Block Group 3,2902,571.0692020857563,9.517820034762604,False,True,True
120910205005,OKALOOSA,Block Group 5,2687,570.4632486460093,9.507720810766822,False,True,True
121130108092,SANTA ROSA,Block Group 2,2231,562.6660321054985,9.377767201758308,False,True,True
120330040004,ESCAMBIA,Block Group 4,979,560.1427779490485,9.335712965817475,False,True,True
121130105033,SANTA ROSA,Block Group 3,1780,559.83830318727,9.330638386454499,False,True,True
120330038002,ESCAMBIA,Block Group 2,1684,552.2847866229968,9.204746443716612,False,True,True
121130109006,SANTA ROSA,Block Group 6,989,551.5088596363669,9.191814327272782,False,True,True
120050027102,BAY,Block Group 2,2101,549.6345374540183,9.160575624233639,False,True,True
120050002012,BAY,Block Group 2,1908,548.3931406249625,9.139885677082708,False,True,True
120050027131,BAY,Block Group 1,637,547.7914719362958,9.12985786560493,False,True,True
121319501031,WALTON,Block Group 1,1194,547.6105745962932,9.12684290993822,False,True,True
120910216001,OKALOOSA,Block Group 1,1496,543.6910825471069,9.061518042451782,False,True,True
121130109002,SANTA ROSA,Block Group 2,1092,538.5781939623167,8.976303232705279,False,True,True
120910201012,OKALOOSA,Block Group 2,2491,534.6835417199534,8.911392361999223,False,True,True
120050008062,BAY,Block Group 2,2297,534.3349454722987,8.905582424538313,False,True,True
121319505021,WALTON,Block Group 1,1824,533.6433322725971,8.89405553787662,False,True,True
121130103012,SANTA ROSA,Block Group 2,3070,528.0717298214464,8.801195497024107,False,True,True
121319506052,WALTON,Block Group 2,2050,526.7768465854999,8.779614109758333,False,True,True
120050026044,BAY,Block Group 4,1273,516.613237940643,8.610220632344049,False,True,True
121130108262,SANTA ROSA,Block Group 2,1828,513.9949990293628,8.566583317156047,False,True,True
120910202001,OKALOOSA,Block Group 1,2064,511.59868864014595,8.526644810669099,False,True,True
121130108221,SANTA ROSA,Block Group 1,3299,509.3946072081491,8.48991012013582,False,True,True
121130105041,SANTA ROSA,Block Group 1,1932,509.3036469285803,8.488394115476337,False,True,True
121319506061,WALTON,Block Group 1,1886,503.1836017100386,8.386393361833976,False,True,True
120910201023,OKALOOSA,Block Group 3,1363,501.80124324972866,8.363354054162144,False,True,True
121130107053,SANTA ROSA,Block Group 3,741,501.28855033523143,8.354809172253857,False,True,True
121319503032,WALTON,Block Group 2,1661,492.84874038362284,8.214145673060381,False,True,True
121319506043,WALTON,Block Group 3,1587,491.34118430094543,8.18901973834909,False,True,True
120050027132,BAY,Block Group 2,673,489.5896762552407,8.159827937587345,False,True,True
120910216002,OKALOOSA,Block Group 2,983,486.2416321315019,8.104027202191698,False,True,True
121319502021,WALTON,Block Group 1,3663,485.78176675059,8.0963627791765,False,True,True
120050004011,BAY,Block Group 1,1571,477.6574695337882,7.960957825563137,False,True,True
121319506041,WALTON,Block Group 1,1017,471.66368581370324,7.861061430228387,False,True,True
121130108273,SANTA ROSA,Block Group 3,2807,466.69713919558626,7.778285653259771,False,True,True
120330032032,ESCAMBIA,Block Group 2,1693,465.7550580489907,7.762584300816512,False,True,True
120050026041,BAY,Block Group 1,1165,465.0003566953362,7.75000594492227,False,True,True
121319506051,WALTON,Block Group 1,1881,461.30194304872884,7.688365717478814,False,True,True
120330036123,ESCAMBIA,Block Group 3,1545,458.79322057034665,7.646553676172444,False,True,True
120050004023,BAY,Block Group 3,1698,458.1285750148303,7.635476250247171,False,True,True
120910224004,OKALOOSA,Block Group 4,929,457.89527718975654,7.631587953162609,False,True,True
120910229002,OKALOOSA,Block Group 2,1438,456.32058987454764,7.605343164575794,False,True,True
120050026092,BAY,Block Group 2,1122,455.5966250577707,7.5932770842961785,False,True,True
120330040001,ESCAMBIA,Block Group 1,2618,455.27076537103255,7.5878460895172095,False,True,True
120050026091,BAY,Block Group 1,1207,453.75902363113835,7.562650393852306,False,True,True
120330036132,ESCAMBIA,Block Group 2,1320,453.0470794685451,7.550784657809086,False,True,True
120330036033,ESCAMBIA,Block Group 3,1613,448.87545195500405,7.481257532583401,False,True,True
120050004022,BAY,Block Group 2,2309,443.62195318976273,7.3936992198293785,False,True,True
120910229003,OKALOOSA,Block Group 3,1860,442.8009573777244,7.380015956295407,False,True,True
121130102002,SANTA ROSA,Block Group 2,952,437.7666233525126,7.296110389208544,False,True,True
120050004012,BAY,Block Group 2,688,437.4905189553413,7.291508649255689,False,True,True
120910224003,OKALOOSA,Block Group 3,922,434.57595165222136,7.242932527537023,False,True,True
121130107091,SANTA ROSA,Block Group 1,1220,433.1484606206146,7.219141010343577,False,True,True
121130107051,SANTA ROSA,Block Group 1,1168,431.8057896394137,7.196763160656896,False,True,True
121130107043,SANTA ROSA,Block Group 3,2842,431.6323519490018,7.193872532483364,False,True,True
120910224001,OKALOOSA,Block Group 1,1198,429.2846902740903,7.154744837901505,False,True,True
120050026043,BAY,Block Group 3,935,427.26000442252985,7.121000073708831,False,True,True
120910214001,OKALOOSA,Block Group 1,2979,426.73553443051344,7.112258907175224,False,True,True
121319503042,WALTON,Block Group 2,2029,426.6079750229374,7.110132917048957,False,True,True
120050003021,BAY,Block Group 1,1659,425.5087253955813,7.091812089926354,False,True,True
120050014021,BAY,Block Group 1,1321,425.278870647556,7.087981177459267,False,True,True
121130103021,SANTA ROSA,Block Group 1,4953,424.72221005329675,7.078703500888279,False,True,True
121130105032,SANTA ROSA,Block Group 2,2840,418.8838102658631,6.981396837764384,False,True,True
120910204004,OKALOOSA,Block Group 4,1633,416.46046239906633,6.941007706651106,False,True,True
120330036142,ESCAMBIA,Block Group 2,1590,413.9162665124712,6.898604441874521,False,True,True
120910215011,OKALOOSA,Block Group 1,1062,412.6567656973498,6.877612761622497,False,True,True
120330036084,ESCAMBIA,Block Group 4,1583,406.14879236066923,6.769146539344487,False,True,True
120330038003,ESCAMBIA,Block Group 3,1681,405.7198130122404,6.76199688353734,False,True,True
120910226002,OKALOOSA,Block Group 2,1239,405.37900805430536,6.756316800905089,False,True,True
120910226003,OKALOOSA,Block Group 3,1421,403.1644231746602,6.719407052911004,False,True,True
120910226001,OKALOOSA,Block Group 1,991,402.97889354160674,6.716314892360113,False,True,True
120910207021,OKALOOSA,Block Group 1,1782,402.5237769753955,6.7087296162565915,False,True,True
120910219011,OKALOOSA,Block Group 1,1552,402.3908670197312,6.706514450328854,False,True,True
120910215021,OKALOOSA,Block Group 1,1951,401.530816759902,6.6921802793317,False,True,True
120330026062,ESCAMBIA,Block Group 2,1882,394.2565879052076,6.57094313175346,False,True,True
120910227001,OKALOOSA,Block Group 1,1280,393.8615041642945,6.564358402738241,False,True,True
121130108091,SANTA ROSA,Block Group 1,987,391.1843562732143,6.519739271220238,False,True,True
120330026011,ESCAMBIA,Block Group 1,3278,389.99776564746287,6.499962760791048,False,True,True
121130105062,SANTA ROSA,Block Group 2,2005,388.1180328351253,6.468633880585421,False,True,True
121130109001,SANTA ROSA,Block Group 1,1224,385.35010782535426,6.422501797089238,False,True,True
120330027041,ESCAMBIA,Block Group 1,2592,383.7221843460436,6.395369739100727,False,True,True
120910219024,OKALOOSA,Block Group 4,1953,379.83779693996513,6.330629948999419,False,True,True
121130107071,SANTA ROSA,Block Group 1,1625,379.6457516714654,6.327429194524424,False,True,True
120050026093,BAY,Block Group 3,2582,379.2740190226761,6.321233650377935,False,True,True
121130108202,SANTA ROSA,Block Group 2,2965,378.8716246451666,6.314527077419443,False,True,True
121130105051,SANTA ROSA,Block Group 1,4394,376.2447017098824,6.27074502849804,False,True,True
120910228002,OKALOOSA,Block Group 2,1198,374.793442082949,6.24655736804915,False,True,True
120330011031,ESCAMBIA,Block Group 1,2789,374.47781004488115,6.241296834081353,False,True,True
120910227003,OKALOOSA,Block Group 3,1342,373.4335811431488,6.22389301905248,False,True,True
120330026021,ESCAMBIA,Block Group 1,1156,373.28462081477477,6.221410346912913,False,True,True
120050008041,BAY,Block Group 1,2117,371.870317775844,6.1978386295974,False,True,True
120910215013,OKALOOSA,Block Group 3,1113,370.657147590263,6.177619126504383,False,True,True
120050010002,BAY,Block Group 2,994,369.1722988521751,6.152871647536252,False,True,True
120050004021,BAY,Block Group 1,2108,367.45781565102453,6.124296927517076,False,True,True
121130107082,SANTA ROSA,Block Group 2,2025,366.4218314602942,6.107030524338237,False,True,True
120050003023,BAY,Block Group 3,3925,364.1273426017247,6.068789043362078,False,True,True
120910229001,OKALOOSA,Block Group 1,777,362.6973150314807,6.044955250524678,False,True,True
121130107044,SANTA ROSA,Block Group 4,1378,361.9025830484429,6.031709717474048,False,True,True
120330037002,ESCAMBIA,Block Group 2,2411,359.44075021461083,5.990679170243514,False,True,True
120910206012,OKALOOSA,Block Group 2,2056,359.40636674355693,5.990106112392615,False,True,True
120330036032,ESCAMBIA,Block Group 2,2681,356.47407091681373,5.941234515280229,False,True,True
120910227002,OKALOOSA,Block Group 2,1102,355.42862250589786,5.923810375098298,False,True,True
120910219023,OKALOOSA,Block Group 3,1412,354.35934741441645,5.905989123573607,False,True,True
120330035121,ESCAMBIA,Block Group 1,1255,351.7908896984945,5.863181494974908,False,True,True
120330036111,ESCAMBIA,Block Group 1,1743,351.60941821768535,5.860156970294756,False,True,True
120910224002,OKALOOSA,Block Group 2,951,348.5606986829287,5.809344978048812,False,True,True
120330032034,ESCAMBIA,Block Group 4,721,348.55195569741136,5.809199261623522,False,True,True
120330034004,ESCAMBIA,Block Group 4,1285,348.3470164210928,5.805783607018213,False,True,True
121130105043,SANTA ROSA,Block Group 3,3122,347.4332795256932,5.790554658761553,False,True,True
120330026052,ESCAMBIA,Block Group 2,2495,346.683624027241,5.7780604004540175,False,True,True
120330026051,ESCAMBIA,Block Group 1,2566,345.5683209817573,5.759472016362622,False,True,True
120050025001,BAY,Block Group 1,2200,343.56104936575093,5.726017489429182,False,True,True
121319506053,WALTON,Block Group 3,2846,343.4063602479832,5.723439337466386,False,True,True
120050014022,BAY,Block Group 2,3098,342.5074947099707,5.708458245166178,False,True,True
121130107112,SANTA ROSA,Block Group 2,1761,341.4500886919967,5.6908348115332785,False,True,True
120910205006,OKALOOSA,Block Group 6,2072,339.6125362048879,5.660208936748131,False,True,True
120330036133,ESCAMBIA,Block Group 3,1308,339.1820892460376,5.653034820767293,False,True,True
120330026022,ESCAMBIA,Block Group 2,689,338.7936819682709,5.646561366137848,False,True,True
120330010022,ESCAMBIA,Block Group 2,485,337.9964170950482,5.6332736182508025,False,True,True
120330034001,ESCAMBIA,Block Group 1,2402,333.7266730484082,5.56211121747347,False,True,True
121130107121,SANTA ROSA,Block Group 1,1260,333.50571063831507,5.558428510638584,False,True,True
120910215022,OKALOOSA,Block Group 2,1835,333.3255949114729,5.555426581857882,False,True,True
121319503031,WALTON,Block Group 1,1020,333.32090346274845,5.555348391045808,False,True,True
120330036144,ESCAMBIA,Block Group 4,1686,333.0054606606394,5.5500910110106565,False,True,True
121130107052,SANTA ROSA,Block Group 2,1575,331.2863476972976,5.521439128288293,False,True,True
120910203031,OKALOOSA,Block Group 1,3065,331.2138764035434,5.5202312733923895,False,True,True
120330026071,ESCAMBIA,Block Group 1,4123,329.574197647702,5.492903294128367,False,True,True
121130107111,SANTA ROSA,Block Group 1,1218,324.541184501559,5.409019741692649,False,True,True
120330034002,ESCAMBIA,Block Group 2,1082,321.9647125825992,5.3660785430433195,False,True,True
120910201022,OKALOOSA,Block Group 2,2309,321.2747752596363,5.354579587660605,False,True,True
120910225003,OKALOOSA,Block Group 3,1518,321.21006787170745,5.353501131195125,False,True,True
120330036034,ESCAMBIA,Block Group 4,3097,320.20885962929077,5.336814327154846,False,True,True
120910205002,OKALOOSA,Block Group 2,1138,319.8497266731727,5.330828777886212,False,True,True
120910225001,OKALOOSA,Block Group 1,991,319.6317186945108,5.3271953115751804,False,True,True
120330027011,ESCAMBIA,Block Group 1,3284,319.4621441840828,5.324369069734713,False,True,True
120330035061,ESCAMBIA,Block Group 1,1702,319.126628164181,5.318777136069683,False,True,True
121319506062,WALTON,Block Group 2,1032,318.39395718091674,5.306565953015279,False,True,True
120910203041,OKALOOSA,Block Group 1,1951,317.1241944720351,5.2854032412005845,False,True,True
120050013012,BAY,Block Group 2,3978,312.74486107786856,5.212414351297809,False,True,True
120910225002,OKALOOSA,Block Group 2,1716,311.57223616381214,5.192870602730202,False,True,True
120050008032,BAY,Block Group 2,1485,311.33561966955375,5.1889269944925625,False,True,True
120330036081,ESCAMBIA,Block Group 1,1256,308.80902504627005,5.146817084104501,False,True,True
121130108251,SANTA ROSA,Block Group 1,2169,308.55069985782876,5.142511664297146,False,True,True
121130107083,SANTA ROSA,Block Group 3,1563,308.23598832426956,5.137266472071159,False,True,True
121130107081,SANTA ROSA,Block Group 1,1766,307.97220144239185,5.132870024039864,False,True,True
121130108242,SANTA ROSA,Block Group 2,2537,306.18531531753644,5.103088588625607,False,True,True
120330033122,ESCAMBIA,Block Group 2,1713,304.2123255479045,5.070205425798409,False,True,True
120330035092,ESCAMBIA,Block Group 2,3100,303.54628167676105,5.059104694612684,False,True,True
120330026072,ESCAMBIA,Block Group 2,977,302.87587234794654,5.047931205799109,False,True,True
120330010023,ESCAMBIA,Block Group 3,1114,302.67331952106537,5.044555325351089,False,True,True
120330014024,ESCAMBIA,Block Group 4,1771,301.7732867689199,5.029554779481998,False,True,True
121319501044,WALTON,Block Group 4,666,301.72605210850014,5.028767535141669,False,True,True
120330035091,ESCAMBIA,Block Group 1,2194,301.4480876234261,5.024134793723769,False,True,True
120330036143,ESCAMBIA,Block Group 3,1857,299.8985379587911,4.998308965979851,True,True,True
120910218012,OKALOOSA,Block Group 2,2708,299.2481945922438,4.98746990987073,True,True,True
121130107084,SANTA ROSA,Block Group 4,1138,298.5844471175306,4.976407451958844,True,True,True
120330033071,ESCAMBIA,Block Group 1,2180,298.198495572555,4.969974926209249,True,True,True
121130107113,SANTA ROSA,Block Group 3,1785,295.9509863580962,4.932516439301604,True,True,True
120910228001,OKALOOSA,Block Group 1,1054,295.06160544823433,4.917693424137239,True,True,True
120330010011,ESCAMBIA,Block Group 1,766,294.7313687193759,4.9121894786562645,True,True,True
120330033051,ESCAMBIA,Block Group 1,2593,294.3076847769702,4.90512807961617,True,True,True
121130107041,SANTA ROSA,Block Group 1,1824,292.48633720741105,4.874772286790185,True,True,True
120330036122,ESCAMBIA,Block Group 2,2813,292.19800774228145,4.86996679570469,True,True,True
121130103032,SANTA ROSA,Block Group 2,3959,292.1483306370454,4.869138843950756,True,True,True
120910204002,OKALOOSA,Block Group 2,2987,291.62226693188,4.860371115531334,True,True,True
120330033121,ESCAMBIA,Block Group 1,1526,291.22538229222346,4.853756371537058,True,True,True
121130107042,SANTA ROSA,Block Group 2,929,290.90152147289115,4.848358691214853,True,True,True
120330032012,ESCAMBIA,Block Group 2,1574,290.46900027459674,4.841150004576613,True,True,True
120050014042,BAY,Block Group 2,3133,290.33854930223754,4.838975821703959,True,True,True
120330036091,ESCAMBIA,Block Group 1,2409,290.3366697373575,4.838944495622625,True,True,True
120910206021,OKALOOSA,Block Group 1,1260,289.4999972825702,4.824999954709503,True,True,True
120330027042,ESCAMBIA,Block Group 2,3685,288.4307810135816,4.807179683559694,True,True,True
120910219021,OKALOOSA,Block Group 1,2073,285.8356065844696,4.763926776407827,True,True,True
120330033132,ESCAMBIA,Block Group 2,1002,285.80491438944125,4.763415239824021,True,True,True
120330011011,ESCAMBIA,Block Group 1,2020,285.12500446404283,4.752083407734047,True,True,True
121130107093,SANTA ROSA,Block Group 3,1754,283.9022941427526,4.73170490237921,True,True,True
120330011014,ESCAMBIA,Block Group 4,1144,282.4456426422296,4.707427377370493,True,True,True
120330009003,ESCAMBIA,Block Group 3,1026,277.1105236018219,4.618508726697032,True,True,True
121319503062,WALTON,Block Group 2,828,276.6203491203854,4.610339152006423,True,True,True
120330030011,ESCAMBIA,Block Group 1,1450,276.51802389467554,4.6086337315779256,True,True,True
120050005003,BAY,Block Group 3,5014,276.1613093672961,4.602688489454935,True,True,True
120330033012,ESCAMBIA,Block Group 2,1289,275.5869008663413,4.593115014439022,True,True,True
120910206011,OKALOOSA,Block Group 1,1007,273.0451080603012,4.55075180100502,True,True,True
120050015011,BAY,Block Group 1,3093,272.77788883662095,4.546298147277016,True,True,True
120330028022,ESCAMBIA,Block Group 2,1732,269.9477768190698,4.499129613651164,True,True,True
121130108222,SANTA ROSA,Block Group 2,2147,269.60079287263557,4.49334654787726,True,True,True
120910219022,OKALOOSA,Block Group 2,2102,268.9345561975683,4.482242603292805,True,True,True
120330032013,ESCAMBIA,Block Group 3,1637,268.29768857311615,4.471628142885269,True,True,True
120330036083,ESCAMBIA,Block Group 3,3146,267.816960695706,4.463616011595099,True,True,True
120330034003,ESCAMBIA,Block Group 3,1607,263.4663174946367,4.391105291577278,True,True,True
120050013011,BAY,Block Group 1,1142,262.6730875176397,4.377884791960662,True,True,True
120330010021,ESCAMBIA,Block Group 1,1342,261.4961562387166,4.358269270645277,True,True,True
120050008052,BAY,Block Group 2,2148,261.26279657384316,4.354379942897386,True,True,True
120330020001,ESCAMBIA,Block Group 1,767,261.229998552059,4.353833309200983,True,True,True
120330028012,ESCAMBIA,Block Group 2,2034,258.8295489583274,4.313825815972123,True,True,True
120330033011,ESCAMBIA,Block Group 1,1123,258.75061462879944,4.312510243813324,True,True,True
120050014031,BAY,Block Group 1,1096,257.8815849346822,4.298026415578037,True,True,True
120330037003,ESCAMBIA,Block Group 3,1283,255.51934077023137,4.258655679503856,True,True,True
120330036141,ESCAMBIA,Block Group 1,999,254.30506585208764,4.23841776420146,True,True,True
120050008033,BAY,Block Group 3,1822,253.96699107615308,4.232783184602551,True,True,True
120910207011,OKALOOSA,Block Group 1,1073,252.20486994345546,4.203414499057591,True,True,True
120330011042,ESCAMBIA,Block Group 2,1974,251.868727922727,4.19781213204545,True,True,True
120330035102,ESCAMBIA,Block Group 2,1345,250.47241224806262,4.174540204134377,True,True,True
120910208004,OKALOOSA,Block Group 4,667,249.4599159512804,4.157665265854673,True,True,True
120330036113,ESCAMBIA,Block Group 3,1473,247.02954231371834,4.117159038561972,True,True,True
120330031003,ESCAMBIA,Block Group 3,983,244.8709308161688,4.08118218026948,True,True,True
120330010013,ESCAMBIA,Block Group 3,1829,244.0766941155517,4.067944901925862,True,True,True
120330014022,ESCAMBIA,Block Group 2,2062,237.9922461855486,3.96653743642581,True,True,True
120330028023,ESCAMBIA,Block Group 3,875,237.60908404842883,3.9601514008071472,True,True,True
121130105031,SANTA ROSA,Block Group 1,1741,236.58830593161366,3.943138432193561,True,True,True
120050013021,BAY,Block Group 1,1605,236.48755849284996,3.941459308214166,True,True,True
120910215012,OKALOOSA,Block Group 2,2004,235.6060043178872,3.926766738631453,True,True,True
120330022002,ESCAMBIA,Block Group 2,1005,234.83349864843214,3.9138916441405356,True,True,True
121319502011,WALTON,Block Group 1,1425,233.28733958669852,3.8881223264449756,True,True,True
120330030022,ESCAMBIA,Block Group 2,1761,232.9930135728054,3.8832168928800903,True,True,True
121130108211,SANTA ROSA,Block Group 1,2674,231.5395606331489,3.8589926772191485,True,True,True
120330036112,ESCAMBIA,Block Group 2,2735,231.44376270633512,3.8573960451055855,True,True,True
120330011044,ESCAMBIA,Block Group 4,1688,231.15513042657346,3.852585507109558,True,True,True
120330009002,ESCAMBIA,Block Group 2,873,229.85229529274116,3.8308715882123527,True,True,True
120330013003,ESCAMBIA,Block Group 3,1033,229.4819913261553,3.824699855435922,True,True,True
120910206013,OKALOOSA,Block Group 3,4555,228.8552958668725,3.8142549311145415,True,True,True
120050008051,BAY,Block Group 1,1963,228.153345759625,3.802555762660417,True,True,True
120330014023,ESCAMBIA,Block Group 3,1035,227.63354294518936,3.7938923824198225,True,True,True
120330032031,ESCAMBIA,Block Group 1,1242,225.5543243481008,3.7592387391350135,True,True,True
120910205003,OKALOOSA,Block Group 3,776,225.1562093285864,3.7526034888097737,True,True,True
120330031001,ESCAMBIA,Block Group 1,2661,224.933453982191,3.7488908997031833,True,True,True
120330013001,ESCAMBIA,Block Group 1,1525,224.8813935082802,3.7480232251380037,True,True,True
120330023001,ESCAMBIA,Block Group 1,2039,224.73539908039731,3.7455899846732885,True,True,True
120050015022,BAY,Block Group 2,1343,223.91562534713987,3.7319270891189977,True,True,True
120330033101,ESCAMBIA,Block Group 1,2658,223.76484413370062,3.7294140688950104,True,True,True
120330011013,ESCAMBIA,Block Group 3,1330,221.82408954582027,3.6970681590970047,True,True,True
120330012014,ESCAMBIA,Block Group 4,663,221.02444930207682,3.68374082170128,True,True,True
120910205004,OKALOOSA,Block Group 4,683,219.81056422864063,3.6635094038106772,True,True,True
121130102001,SANTA ROSA,Block Group 1,1260,219.58186192950265,3.659697698825044,True,True,True
120050015012,BAY,Block Group 2,2303,219.4609454741779,3.6576824245696313,True,True,True
121130106021,SANTA ROSA,Block Group 1,1781,219.21102844259647,3.6535171407099414,True,True,True
120330036082,ESCAMBIA,Block Group 2,1785,218.09682291207082,3.6349470485345137,True,True,True
120330031002,ESCAMBIA,Block Group 2,1460,209.95370348883907,3.499228391480651,True,True,True
120330036102,ESCAMBIA,Block Group 2,1530,209.02168145973235,3.4836946909955393,True,True,True
120330032041,ESCAMBIA,Block Group 1,1566,208.87646530089546,3.481274421681591,True,True,True
120330036031,ESCAMBIA,Block Group 1,3479,206.43117572554485,3.4405195954257475,True,True,True
120330033113,ESCAMBIA,Block Group 3,944,206.39109612656978,3.4398516021094965,True,True,True
120910206022,OKALOOSA,Block Group 2,2926,205.8916040578034,3.4315267342967233,True,True,True
120330011041,ESCAMBIA,Block Group 1,1443,205.49916130134085,3.4249860216890142,True,True,True
120330012011,ESCAMBIA,Block Group 1,745,205.39952071902636,3.4233253453171058,True,True,True
120050015024,BAY,Block Group 4,1506,205.39156763735895,3.4231927939559825,True,True,True
120330033133,ESCAMBIA,Block Group 3,669,203.94832925495507,3.3991388209159177,True,True,True
120330020002,ESCAMBIA,Block Group 2,1160,202.4943109379105,3.3749051822985083,True,True,True
120330035112,ESCAMBIA,Block Group 2,1130,202.14318933494684,3.3690531555824474,True,True,True
120330028011,ESCAMBIA,Block Group 1,786,200.1742851369836,3.3362380856163933,True,True,True
120330028021,ESCAMBIA,Block Group 1,2636,198.0317318396051,3.3005288639934185,True,True,True
120910218021,OKALOOSA,Block Group 1,2410,197.54813623712798,3.292468937285466,True,True,True
120910218011,OKALOOSA,Block Group 1,2828,197.28996268891174,3.288166044815196,True,True,True
120910220021,OKALOOSA,Block Group 1,2375,196.98365980451453,3.283060996741909,True,True,True
120330013002,ESCAMBIA,Block Group 2,1607,196.19486891664974,3.2699144819441623,True,True,True
121130107072,SANTA ROSA,Block Group 2,2799,196.19292695312595,3.2698821158854323,True,True,True
120330018001,ESCAMBIA,Block Group 1,746,195.72531819700995,3.2620886366168325,True,True,True
120330028041,ESCAMBIA,Block Group 1,3568,195.06631827793424,3.2511053046322376,True,True,True
120330032011,ESCAMBIA,Block Group 1,1833,194.59205541766113,3.2432009236276853,True,True,True
120330026061,ESCAMBIA,Block Group 1,1341,193.86212974097657,3.231035495682943,True,True,True
120330012021,ESCAMBIA,Block Group 1,1393,193.49841568510527,3.2249735947517544,True,True,True
120330014021,ESCAMBIA,Block Group 1,1875,193.3420269563523,3.222367115939205,True,True,True
120330026041,ESCAMBIA,Block Group 1,2570,193.32733728537397,3.222122288089566,True,True,True
120330008021,ESCAMBIA,Block Group 1,674,190.79276731662276,3.179879455277046,True,True,True
120910207022,OKALOOSA,Block Group 2,3856,190.62225493158203,3.177037582193034,True,True,True
120330032042,ESCAMBIA,Block Group 2,1277,188.91644029546387,3.1486073382577313,True,True,True
120330008022,ESCAMBIA,Block Group 2,1490,187.67478410122,3.1279130683536667,True,True,True
120330035062,ESCAMBIA,Block Group 2,3005,187.02291440321946,3.117048573386991,True,True,True
120910221001,OKALOOSA,Block Group 1,2211,185.92320553347145,3.098720092224524,True,True,True
120330035071,ESCAMBIA,Block Group 1,2620,183.94980006664696,3.0658300011107826,True,True,True
120050010001,BAY,Block Group 1,951,182.5949174248826,3.043248623748043,True,True,True
120330022004,ESCAMBIA,Block Group 4,1068,181.71576724334014,3.0285961207223355,True,True,True
120330012013,ESCAMBIA,Block Group 3,1321,181.62962205041103,3.0271603675068506,True,True,True
120330001001,ESCAMBIA,Block Group 1,1756,180.0324837175172,3.0005413952919535,True,True,True
120330033112,ESCAMBIA,Block Group 2,1400,179.6374830889436,2.9939580514823936,True,True,True
120330011043,ESCAMBIA,Block Group 3,1247,178.82533540857048,2.9804222568095082,True,True,True
120330033082,ESCAMBIA,Block Group 2,1631,178.77610016349539,2.97960166939159,True,True,True
120330037001,ESCAMBIA,Block Group 1,1950,177.95801554039215,2.9659669256732024,True,True,True
120330036101,ESCAMBIA,Block Group 1,3034,177.5950323143,2.9599172052383333,True,True,True
120330033081,ESCAMBIA,Block Group 1,1702,175.73215985622502,2.9288693309370837,True,True,True
120330022001,ESCAMBIA,Block Group 1,969,175.55159572923705,2.9258599288206173,True,True,True
120050018001,BAY,Block Group 1,1413,174.39552183747037,2.9065920306245063,True,True,True
121130106014,SANTA ROSA,Block Group 4,1245,174.05576374510434,2.900929395751739,True,True,True
120330035073,ESCAMBIA,Block Group 3,2168,173.95486926526257,2.8992478210877097,True,True,True
120910220022,OKALOOSA,Block Group 2,1241,172.39658804272298,2.8732764673787163,True,True,True
121130107122,SANTA ROSA,Block Group 2,2592,172.04858473690604,2.8674764122817673,True,True,True
120910217002,OKALOOSA,Block Group 2,778,171.07336664417767,2.851222777402961,True,True,True
120330009001,ESCAMBIA,Block Group 1,717,170.6377028169291,2.843961713615485,True,True,True
120910223001,OKALOOSA,Block Group 1,1154,170.4695264912921,2.8411587748548683,True,True,True
120050009004,BAY,Block Group 4,450,169.92683628500484,2.832113938083414,True,True,True
120910204003,OKALOOSA,Block Group 3,1913,169.70689041755585,2.828448173625931,True,True,True
120330014013,ESCAMBIA,Block Group 3,4485,168.74472018044497,2.8124120030074162,True,True,True
120330033083,ESCAMBIA,Block Group 3,1003,167.09410057591714,2.7849016762652856,True,True,True
120330004002,ESCAMBIA,Block Group 2,1231,166.35398002136628,2.772566333689438,True,True,True
120050013023,BAY,Block Group 3,824,165.69943751462964,2.761657291910494,True,True,True
120330029002,ESCAMBIA,Block Group 2,1148,165.54732076996112,2.759122012832685,True,True,True
120050013022,BAY,Block Group 2,1126,163.79706940347492,2.729951156724582,True,True,True
120910203032,OKALOOSA,Block Group 2,2422,161.52182443873548,2.692030407312258,True,True,True
121319503051,WALTON,Block Group 1,1416,160.69701418681498,2.6782835697802496,True,True,True
120050013025,BAY,Block Group 5,1475,160.63820241545554,2.6773033735909255,True,True,True
120050008031,BAY,Block Group 1,1375,159.6675031088556,2.66112505181426,True,True,True
120330035101,ESCAMBIA,Block Group 1,1533,159.41663094341874,2.656943849056979,True,True,True
120050014044,BAY,Block Group 4,1896,158.86891349064422,2.6478152248440705,True,True,True
120330033131,ESCAMBIA,Block Group 1,2442,157.8915497815097,2.6315258296918285,True,True,True
120330035052,ESCAMBIA,Block Group 2,2260,157.50224727035848,2.6250374545059745,True,True,True
120050014023,BAY,Block Group 3,1157,156.3999519881325,2.606665866468875,True,True,True
120050008061,BAY,Block Group 1,963,156.36707866687487,2.6061179777812478,True,True,True
120330030012,ESCAMBIA,Block Group 2,2266,153.45135717337024,2.557522619556171,True,True,True
120330035122,ESCAMBIA,Block Group 2,1326,152.51069121153176,2.5418448535255296,True,True,True
120050025002,BAY,Block Group 2,712,151.46173441377312,2.524362240229552,True,True,True
120330036071,ESCAMBIA,Block Group 1,2593,150.02880043639382,2.5004800072732305,True,True,True
120910218023,OKALOOSA,Block Group 3,948,149.93034748892134,2.4988391248153556,True,True,True
120330033013,ESCAMBIA,Block Group 3,2074,149.9117361106146,2.49852893517691,True,True,True
120330008023,ESCAMBIA,Block Group 3,826,149.53479004302113,2.4922465007170187,True,True,True
121130106012,SANTA ROSA,Block Group 2,1091,148.1190283472147,2.4686504724535783,True,True,True
121130105042,SANTA ROSA,Block Group 2,1327,147.95685877122594,2.465947646187099,True,True,True
120330003001,ESCAMBIA,Block Group 1,1490,147.8444229934555,2.464073716557592,True,True,True
120330030021,ESCAMBIA,Block Group 1,1995,146.797382880236,2.4466230480039335,True,True,True
120330023002,ESCAMBIA,Block Group 2,1412,146.1979984192638,2.43663330698773,True,True,True
120050011001,BAY,Block Group 1,1279,145.54346059711403,2.425724343285234,True,True,True
120050015021,BAY,Block Group 1,1115,145.13097916968368,2.418849652828061,True,True,True
121319502022,WALTON,Block Group 2,617,143.63857870411806,2.393976311735301,True,True,True
120050015023,BAY,Block Group 3,828,142.75848954542562,2.379308159090427,True,True,True
120050022001,BAY,Block Group 1,1456,140.62893428537672,2.343815571422945,True,True,True
120050016003,BAY,Block Group 3,342,138.82113487729274,2.3136855812882122,True,True,True
120910220011,OKALOOSA,Block Group 1,982,138.24445195204953,2.3040741992008256,True,True,True
120330011012,ESCAMBIA,Block Group 2,1414,138.18229036901351,2.303038172816892,True,True,True
120330019001,ESCAMBIA,Block Group 1,2204,137.37192722813387,2.289532120468898,True,True,True
120330021002,ESCAMBIA,Block Group 2,1812,136.605183962786,2.276753066046433,True,True,True
120050013024,BAY,Block Group 4,1126,135.60491251643325,2.2600818752738876,True,True,True
120910205001,OKALOOSA,Block Group 1,1365,135.43044421381458,2.257174070230243,True,True,True
120910204001,OKALOOSA,Block Group 1,1076,134.4263133333058,2.2404385555550967,True,True,True
120050020001,BAY,Block Group 1,368,134.37323841336809,2.2395539735561347,True,True,True
120910223002,OKALOOSA,Block Group 2,1394,133.601995493051,2.226699924884183,True,True,True
120330033111,ESCAMBIA,Block Group 1,1147,132.34133385690313,2.2056888976150524,True,True,True
120330010015,ESCAMBIA,Block Group 5,783,131.99102956329173,2.199850492721529,True,True,True
120330006002,ESCAMBIA,Block Group 2,1117,128.6528660192315,2.1442144336538584,True,True,True
120330018002,ESCAMBIA,Block Group 2,1126,128.48541902414405,2.141423650402401,True,True,True
120050014024,BAY,Block Group 4,1310,127.5616607396339,2.126027678993898,True,True,True
120330008011,ESCAMBIA,Block Group 1,1395,127.27444510003424,2.1212407516672376,True,True,True
120330005001,ESCAMBIA,Block Group 1,844,126.34664735453235,2.1057774559088727,True,True,True
120330004003,ESCAMBIA,Block Group 3,1466,124.00857038289571,2.066809506381595,True,True,True
120050011002,BAY,Block Group 2,1387,123.71617051235373,2.0619361752058953,True,True,True
120330035051,ESCAMBIA,Block Group 1,1557,120.73034175263857,2.0121723625439762,True,True,True
120330023003,ESCAMBIA,Block Group 3,1410,120.65995078176182,2.0109991796960305,True,True,True
120330035072,ESCAMBIA,Block Group 2,1631,120.65641063186453,2.010940177197742,True,True,True
120330010012,ESCAMBIA,Block Group 2,1042,120.21485377883862,2.0035808963139767,True,True,True
120330033102,ESCAMBIA,Block Group 2,2302,119.80221281192306,1.9967035468653842,True,True,True
120330021003,ESCAMBIA,Block Group 3,1000,118.62950992931754,1.9771584988219588,True,True,True
120330029004,ESCAMBIA,Block Group 4,1088,118.05988236978365,1.9676647061630608,True,True,True
120910218024,OKALOOSA,Block Group 4,1416,117.93065564266129,1.9655109273776883,True,True,True
120330006001,ESCAMBIA,Block Group 1,837,117.88157785207785,1.9646929642012976,True,True,True
120910220013,OKALOOSA,Block Group 3,1125,117.10403191637653,1.9517338652729421,True,True,True
120330015002,ESCAMBIA,Block Group 2,500,117.08455704230965,1.9514092840384942,True,True,True
120330001002,ESCAMBIA,Block Group 2,550,117.05982231438969,1.9509970385731614,True,True,True
120330017001,ESCAMBIA,Block Group 1,2097,115.47705239947413,1.9246175399912355,True,True,True
120330015001,ESCAMBIA,Block Group 1,732,115.45613942759462,1.9242689904599104,True,True,True
120330029001,ESCAMBIA,Block Group 1,1107,114.00823184432596,1.9001371974054326,True,True,True
121319503043,WALTON,Block Group 3,1186,113.88917975882661,1.8981529959804435,True,True,True
121319502012,WALTON,Block Group 2,744,113.49485634581167,1.8915809390968612,True,True,True
121319503041,WALTON,Block Group 1,782,113.01174828305624,1.8835291380509374,True,True,True
120050014043,BAY,Block Group 3,1463,111.07680572618075,1.8512800954363458,True,True,True
120330028031,ESCAMBIA,Block Group 1,741,109.26126732393207,1.8210211220655346,True,True,True
120050017001,BAY,Block Group 1,1513,106.23641540975649,1.7706069234959414,True,True,True
120330017002,ESCAMBIA,Block Group 2,1028,101.33732436298463,1.6889554060497438,True,True,True
120050016004,BAY,Block Group 4,431,98.26945778153906,1.6378242963589844,True,True,True
120050014032,BAY,Block Group 2,643,97.95918474935384,1.6326530791558973,True,True,True
120050019004,BAY,Block Group 4,847,95.58645177490172,1.5931075295816952,True,True,True
120910220012,OKALOOSA,Block Group 2,2173,95.47705908267534,1.591284318044589,True,True,True
120330012022,ESCAMBIA,Block Group 2,2623,95.38927268522792,1.5898212114204653,True,True,True
120050016001,BAY,Block Group 1,877,95.10848720137918,1.5851414533563195,True,True,True
120050022002,BAY,Block Group 2,1159,94.7315471628464,1.5788591193807733,True,True,True
120330028032,ESCAMBIA,Block Group 2,1852,94.53813293609235,1.5756355489348726,True,True,True
120330027032,ESCAMBIA,Block Group 2,953,94.17698199046188,1.569616366507698,True,True,True
120050022003,BAY,Block Group 3,1836,93.48023850398343,1.5580039750663905,True,True,True
120050009003,BAY,Block Group 3,1071,93.36039940506511,1.556006656751085,True,True,True
120330032033,ESCAMBIA,Block Group 3,1031,93.33426885922799,1.5555711476538,True,True,True
120330005002,ESCAMBIA,Block Group 2,636,91.08660055812206,1.5181100093020343,True,True,True
120330004001,ESCAMBIA,Block Group 1,782,90.87661794088555,1.5146102990147592,True,True,True
120330016001,ESCAMBIA,Block Group 1,2191,90.52264932643571,1.5087108221072618,True,True,True
120050016002,BAY,Block Group 2,1010,89.18593857854987,1.4864323096424978,True,True,True
120330022003,ESCAMBIA,Block Group 3,618,88.4367710503026,1.4739461841717099,True,True,True
120050024002,BAY,Block Group 2,1771,88.22434689448733,1.4704057815747889,True,True,True
120330014011,ESCAMBIA,Block Group 1,600,87.35090593195042,1.4558484321991736,True,True,True
120050012001,BAY,Block Group 1,1746,86.62704880792589,1.4437841467987649,True,True,True
120050019003,BAY,Block Group 3,1386,85.81953254028065,1.4303255423380108,True,True,True
120330021001,ESCAMBIA,Block Group 1,2155,85.78190810365132,1.4296984683941887,True,True,True
120910207012,OKALOOSA,Block Group 2,2883,84.80129458088456,1.4133549096814093,True,True,True
120330012012,ESCAMBIA,Block Group 2,2012,81.9808353158349,1.3663472552639149,True,True,True
120050012002,BAY,Block Group 2,1335,81.49985905942584,1.358330984323764,True,True,True
120330036092,ESCAMBIA,Block Group 2,1412,77.22430439336866,1.2870717398894775,True,True,True
120910218022,OKALOOSA,Block Group 2,1230,76.60300350820542,1.276716725136757,True,True,True
120050009001,BAY,Block Group 1,1351,76.14349613897343,1.2690582689828906,True,True,True
120330008012,ESCAMBIA,Block Group 2,630,74.36098180401427,1.2393496967335713,True,True,True
120910221002,OKALOOSA,Block Group 2,1338,73.84435993919818,1.2307393323199698,True,True,True
121130106011,SANTA ROSA,Block Group 1,1610,70.80052621318363,1.1800087702197273,True,True,True
120050023001,BAY,Block Group 1,2063,70.57477294651652,1.1762462157752753,True,True,True
120050019001,BAY,Block Group 1,558,69.62521418961795,1.1604202364936325,True,True,True
120050020002,BAY,Block Group 2,878,67.21964983755167,1.120327497292528,True,True,True
121130106013,SANTA ROSA,Block Group 3,690,65.95161885577917,1.0991936475963195,True,True,True
120050009002,BAY,Block Group 2,1076,64.56457184881157,1.076076197480193,True,True,True
120330035123,ESCAMBIA,Block Group 3,1298,63.290438483904396,1.0548406413984066,True,True,True
120050023002,BAY,Block Group 2,1739,60.09001709808125,1.0015002849680208,True,True,True
120330039002,ESCAMBIA,Block Group 2,1246,56.46362943525039,0.9410604905875065,True,True,True
120050024003,BAY,Block Group 3,930,52.552269162878154,0.8758711527146359,True,True,True
120330003002,ESCAMBIA,Block Group 2,1104,49.84998485310063,0.8308330808850105,True,True,True
120330035111,ESCAMBIA,Block Group 1,1432,45.84979575862463,0.7641632626437438,True,True,True
120050011003,BAY,Block Group 3,1412,43.508435211026764,0.725140586850446,True,True,True
120330010014,ESCAMBIA,Block Group 4,1643,39.3602553025274,0.6560042550421233,True,True,True
120330029003,ESCAMBIA,Block Group 3,856,39.24920448059711,0.6541534080099518,True,True,True
121130103011,SANTA ROSA,Block Group 1,3221,36.784283502903435,0.6130713917150572,True,True,True
120330014012,ESCAMBIA,Block Group 2,368,34.36782863079055,0.5727971438465091,True,True,True
120050017002,BAY,Block Group 2,1277,30.505106601919906,0.5084184433653317,True,True,True
121130108212,SANTA ROSA,Block Group 2,3119,27.996858807004873,0.4666143134500812,True,True,True
120050014041,BAY,Block Group 1,639,26.738111873160474,0.4456351978860079,True,True,True
120050024001,BAY,Block Group 1,1251,18.878057843360935,0.3146342973893489,True,True,True
120050019002,BAY,Block Group 2,1005,18.385786480856304,0.3064297746809384,True,True,True
120910217001,OKALOOSA,Block Group 1,1877,0.0,0.0,True,True,True
120330027031,ESCAMBIA,Block Group 1,2059,0.0,0.0,True,True,True
120330036103,ESCAMBIA,Block Group 3,2198,0.0,0.0,True,True,True
